fk_modul_id;Akteur;Akteur_lang
8e1cfb5a-06a8-453c-a839-e3b97fb6ddd6;UBA;Umweltbundesamt
77c32581-cd66-40d1-9c53-e46db66441d4;UBA;Umweltbundesamt
11fdf7df-b27c-499c-98bc-862cfae44470;UBA;Umweltbundesamt
00139181-5fe0-4fd2-9a62-40d9228a90cf;UBA;Umweltbundesamt
c4cbf1ef-f377-456a-a753-1b274da8acef;UBA;Umweltbundesamt
c0e0c56a-a194-4867-b2c8-3857e3e22d6f;UBA;Umweltbundesamt
8b0c08ef-c5a1-4e34-a04e-576942562a44;UBA;Umweltbundesamt
7852aeaf-3996-497b-a2db-ac185d941b44;UBA;Umweltbundesamt
95f2087f-5e8b-4ae6-b8b0-063a7170ec41;UBA;Umweltbundesamt
19e44e1b-a3f9-413a-9538-312df8acf93b;UBA;Umweltbundesamt
13e462ea-29cf-4dd8-baee-0460dcdaa67e;UBA;Umweltbundesamt
b070fed8-9742-4eb9-85fc-31dd1927229a;UBA;Umweltbundesamt
ad9b905e-4f96-4991-a878-65b0150effc2;UBA;Umweltbundesamt
aa699033-8e24-4f74-82a1-472870fbaa3c;UBA;Umweltbundesamt
88d290a1-7466-4e93-84bb-8de057cde221;UBA;Umweltbundesamt
feebbc28-2342-47e4-a366-354de2f98fb5;UBA;Umweltbundesamt
06b7796b-d1b6-4b93-bbc9-cd445d21540e;UBA;Umweltbundesamt
5b5938c5-2e24-4318-98f1-5708e8d99304;UBA;Umweltbundesamt
e9895c93-aa62-4281-a662-56ae909ee793;UBA;Umweltbundesamt
a7986c63-7312-400c-b53e-4853bb0aae03;BMEL;Bundesministerium für Ernährung und Landwirtschaft
ed2e3359-d7d1-4533-b4ee-8f24b806495f;TI-WO;Thünen-Institut für Waldökosysteme
4d04f5cb-c107-44bf-97fe-d202dfac153f;TI-WO;Thünen-Institut für Waldökosysteme
9d920114-a2aa-4088-ac32-2cd005aaab58;BfN;Bundesamt für Naturschutz
c658a937-4742-4cb9-8525-960e735f370c;BfN;Bundesamt für Naturschutz
dcb186a6-c41f-47eb-aca8-0c655f3a1fb6;BfN;Bundesamt für Naturschutz
30cfdaf7-337f-4ed4-a76b-95356d7ba3ec;TI;Thünen-Institut Bundesforschungsinstitut für Ländliche Räume, Wald und Fischerei
a9bd5fa7-ca71-43f1-83fb-ed6e9545f35a;JKI-Bienen;Julius Kühn-Institut Bundesforschungsinstitut für Kulturpflanzen Institut für Bienenschutz
79ec11c2-ee6e-4910-abb8-4d83c128381e;TI;Thünen-Institut Bundesforschungsinstitut für Ländliche Räume, Wald und Fischerei
ce89d9e6-d3f7-4052-8507-a2d8828eb97f;JKI-StrategieFolgen;Julius Kühn-Institut Bundesforschungsinstitut für Kulturpflanzen Institut für Strategien und Folgenabschätzung
a9c9352c-2958-482f-801e-1f985d127691;JKI-Bienen;Julius Kühn-Institut Bundesforschungsinstitut für Kulturpflanzen Institut für Bienenschutz
620b1688-fa7f-446e-97ed-8c41754d7514;JKI-PflSchAcker;Julius Kühn-Institut Bundesforschungsinstitut für Kulturpflanzen Institut für Pflanzenschutz in Ackerbau und Grünland
bb97d5f9-aec8-44fd-a298-86dcfc544fb0;JKI-OekolChem;Julius Kühn-Institut Bundesforschungsinstitut für Kulturpflanzen Institut für Ökologische Chemie, Pflanzenanalytik und Vorratsschutz
e66fb6f7-91c8-49a2-a732-96f4e5ee47e6;BLE-IBV;Informations- und Koordinationszentrum für biologische Vielfalt
5467b5c3-bd86-4f3b-93cc-825d4710a6f4;TI-LV;Thünen-Institut für Lebensverhältnisse in Ländlichen Räumen
526ad6e7-6759-4805-ac49-be55987bcba0;JKI-OekolChem;Julius Kühn-Institut Bundesforschungsinstitut für Kulturpflanzen Institut für Ökologische Chemie, Pflanzenanalytik und Vorratsschutz
70b34181-7572-4049-a9ad-16c2381850c0;JKI-StrategieFolgen;Julius Kühn-Institut Bundesforschungsinstitut für Kulturpflanzen Institut für Strategien und Folgenabschätzung
e1078e88-8727-4d1b-b67e-2c068c6da757;TI-BD;Thünen-Institut für Biodiversität
4c209ab4-fd6d-4f19-9182-6ac3925facef;TI;Thünen-Institut Bundesforschungsinstitut für Ländliche Räume, Wald und Fischerei
0af2666e-a634-427b-914a-9699332d31d4;TI-BW;Thünen-Institut für Betriebswirtschaft
de1e9a86-c765-4d6b-a14a-b6d1076aec47;JKI-PflSchObst;Julius Kühn-Institut Bundesforschungsinstitut für Kulturpflanzen Institut für Pflanzenschutz in Obst- und Weinbau
31b4a1bc-e744-4b1d-b237-8f7000dd7b29;JKI-BiolPflSchutz;Julius Kühn-Institut Bundesforschungsinstitut für Kulturpflanzen Institut für Biologischen Pflanzenschutz
bc4c5535-b6dd-4cff-a0c1-d72263cebdbb;LUNG-MV;Landesamt für Umwelt, Naturschutz und Geologie Mecklenburg-Vorpommern
9a3362d3-115d-46d4-8489-a5874acdcd1e;BfN;Bundesamt für Naturschutz
9f7d5766-1db1-46ab-be0d-074919e71f71;OSPAR;Oslo-Paris-Kommission
4b5e0f25-aaaa-4994-b4bb-4ab4e008ce68;BfN;Bundesamt für Naturschutz
ad7f7043-7d12-4fd9-b314-65306c86accf;CWSS;Gemeinsames Wattenmeersekretariat
4dda530d-8d34-4214-b2b8-fcd7b5536fe1;CWSS;Gemeinsames Wattenmeersekretariat
a893e564-0b5f-429c-a112-d0fbae26f292;CWSS;Gemeinsames Wattenmeersekretariat
b25831f3-286f-4276-9c4e-54cc00a1e30d;CWSS;Gemeinsames Wattenmeersekretariat
2bce6b46-fc40-4725-b050-14b9b58932c3;DDA;Dachverband Deutscher Avifaunisten
69f43db5-a3c2-4157-9ee7-6ba381dae91c;BfN;Bundesamt für Naturschutz
e17330bd-5927-473c-9fe5-65df21809e49;BfN;Bundesamt für Naturschutz
ddae618b-f9b5-49ac-a074-4ae99b20d29b;CWSS;Gemeinsames Wattenmeersekretariat
0c0a610c-f9d6-4cd9-8b2a-06b387cb9598;HELCOM;Helsinki-Kommission
d983b01c-9fea-4817-b4b2-7e3e9d911d38;OSPAR;Oslo-Paris-Kommission
0cf3cb32-9468-4a9a-bb22-347a90d854c0;DMM;Deutsches Meeresmuseum Stralsund
5c0c6e8f-9aef-4f14-ad00-812de5fdf2de;LUNG-MV;Landesamt für Umwelt, Naturschutz und Geologie Mecklenburg-Vorpommern
74d5ca9d-bc79-4c10-9788-dc7323999f41;CWSS;Gemeinsames Wattenmeersekretariat
21510249-a22a-4a5e-a8dd-e58602533e24;BfN;Bundesamt für Naturschutz
67bb320b-6467-45f3-b972-cf2ab18a3c51;FTZ;Forschungs- und Technologiezentrum Westküste
5c2f6148-5efe-4449-90a8-da3864f7fe74;NPV-SH;Nationalparkverwaltung Schleswig-Holstein
ceb417d3-8955-4e7f-b1ab-4cb50e4df006;BfN;Bundesamt für Naturschutz
12215906-fda8-4b25-853f-fff60cc6d878;AWI;Alfred-Wegener-Institut Helmholtz-Zentrum für Polar- und Meeresforschung
01adbe57-cab2-4276-818c-b3aced73e62e;BfN;Bundesamt für Naturschutz
b73ccade-ce2f-4f32-b15c-baf1ec9d5e3a;AWG-BY;Bayerisches Amt für Waldgenetik
71d6622d-ca1a-4856-be02-71d8b9ee6168;AWG-BY;Bayerisches Amt für Waldgenetik
17ca3bfb-89f8-4b6d-84b5-d5a0807b4ba4;LAWA;Länder-Arbeitsgemeinschaft Wasser
99d611ee-4ec1-46d4-bb4e-a840f861fbe8;LAWA;Länder-Arbeitsgemeinschaft Wasser
a7ba2e3c-ca2f-4bf0-9132-9df0b723b83b;LAWA;Länder-Arbeitsgemeinschaft Wasser
7134343f-00a7-4c8e-9847-69aed6754a37;LAWA;Länder-Arbeitsgemeinschaft Wasser
91def742-703b-4964-80c7-6b029e386351;LAWA;Länder-Arbeitsgemeinschaft Wasser
583972eb-725c-4805-a301-50dbffe2dacd;LAWA;Länder-Arbeitsgemeinschaft Wasser
7de11d6b-8b89-4647-a842-d567e0144336;LAWA;Länder-Arbeitsgemeinschaft Wasser
aa24a453-eab6-4e0d-9ef9-6bb78caa09c0;LAWA;Länder-Arbeitsgemeinschaft Wasser
e8edaa6d-eed7-40ad-8ff7-82b731f8e0c8;LAWA;Länder-Arbeitsgemeinschaft Wasser
b38614d4-bfcf-4c06-9cd8-bcf928ac7c27;LAWA;Länder-Arbeitsgemeinschaft Wasser
d5090bca-c42e-440d-b4a6-8adf0e04fa2e;NNL;Nationale Naturlandschaften e.V.
f8509f6a-a28c-4657-947e-874ac2aa9c13;NNL;Nationale Naturlandschaften e.V.
5d8da353-9653-4485-a977-d02a19e08f94;NNL;Nationale Naturlandschaften e.V.
e8e142af-a1a3-4250-9316-34d130ec8f84;NNL;Nationale Naturlandschaften e.V.
2fdd1212-14a7-4305-ba25-007454adfe0e;NNL;Nationale Naturlandschaften e.V.
c067fcf5-35c7-41e8-9b0c-89c7ee5ebc79;NNL;Nationale Naturlandschaften e.V.
980c02df-52a6-470d-8c3d-3062fa536220;NNL;Nationale Naturlandschaften e.V.
be2ff42f-2592-4496-9de7-3d9be6ebcc05;DDA;Dachverband Deutscher Avifaunisten
3961e096-4002-4340-86f6-8175adf3abf8;BMEL;Bundesministerium für Ernährung und Landwirtschaft
74175851-cff6-433d-ae3a-29193e853a4e;BMEL;Bundesministerium für Ernährung und Landwirtschaft
963dd99b-ccaa-40e3-bd0b-e2f2ac9cb0c6;BMEL;Bundesministerium für Ernährung und Landwirtschaft
a95adc45-9209-46b6-ac2a-e3c0d21bbb55;BMEL;Bundesministerium für Ernährung und Landwirtschaft
9c3f9cbe-4350-480b-95cd-e2eb16e0df7c;UFZ;Helmholtz-Zentrum für Umweltforschung
00c1f9bd-4733-4e89-8496-416fff0dec7e;DDA;Dachverband Deutscher Avifaunisten
4f7fc33f-be63-44d8-b900-fcae0a35b0de;David;Naturstiftung David
6b9a3dde-6085-4dd5-bcf4-37a13dba392a;David;Naturstiftung David
36864a43-6bb7-4dbe-8557-c63385634859;David;Naturstiftung David
865dd6f2-7664-4cc4-b239-d9fc97273848;BfN;Bundesamt für Naturschutz
f316ae21-b5e2-4c95-b94a-ff68f8894a6b;IZW;Leibniz-Institut für Zoo- und Wildtierforschung
c04d4989-89d7-4abc-9e7c-ba6f79950d48;BfN;Bundesamt für Naturschutz
124e26d7-f886-4c9c-8a1a-408a4d569261;BfN;Bundesamt für Naturschutz
f9c20a73-79bb-455a-a469-087cebaa869b;BfN;Bundesamt für Naturschutz
b6859ef7-5053-41fd-8dae-0405ab2b133f;BfN;Bundesamt für Naturschutz
a91adacf-d8b0-4370-be89-f86047be31cb;BfN;Bundesamt für Naturschutz
ed44c5de-2eeb-4c63-bce2-6ecb51e99fb3;Fledermaus-AKSA;Arbeitskreis Fledermäuse Sachsen-Anhalt e.V.
29d29563-9ccb-4e99-aede-b73ff98b5e02;Fledermaus-AKSA;Arbeitskreis Fledermäuse Sachsen-Anhalt e.V.
a4ee685f-b75d-47c7-a087-4ca6e603a8fd;MEROS;Förderverein für Ökologie und Monitoring von Greifvogel- und Eulenarten
9d208923-1ab9-4f61-a857-4624e7ed9eab;DDA;Dachverband Deutscher Avifaunisten
ca4bbe35-99c4-44d5-a0a7-9031d568a490;DDA;Dachverband Deutscher Avifaunisten
e56cba82-bfce-4851-a5db-1f87fb969ded;BfN;Bundesamt für Naturschutz
e621da0a-0ccc-42ce-a981-1323796aae3b;BfN;Bundesamt für Naturschutz
0d7bbfdd-767e-48f8-94f8-e47a9784c67b;BfN;Bundesamt für Naturschutz
e7ef09d8-c5df-4d9c-9737-69ce2e81c3e1;BfN;Bundesamt für Naturschutz
fa3763cc-187b-4836-95d2-fad9525fe843;BfN;Bundesamt für Naturschutz
66b836fc-9d48-4975-9d04-cda25afeba7b;BfN;Bundesamt für Naturschutz
efa040e0-12b7-4684-9e5e-f29eb8f2d87a;BfN;Bundesamt für Naturschutz
5256fb1f-6ee2-4db3-a3f6-a6363fc763f6;BfN;Bundesamt für Naturschutz
de6c5383-04ec-43ef-a8ab-249b3df3bc40;BfN;Bundesamt für Naturschutz
6ddb0809-9e9a-4613-85f6-3ef26da41128;BfN;Bundesamt für Naturschutz
5870b3ba-3007-4a6f-961a-cd018fe16010;BfN;Bundesamt für Naturschutz
57968b60-457d-45b7-a053-fde119e8f2db;BfN;Bundesamt für Naturschutz
57953187-dc29-46f0-9ef7-2631a4b4b61c;BfN;Bundesamt für Naturschutz
5ca85905-6c23-4852-88e2-45e81a7306fb;BfN;Bundesamt für Naturschutz
bbd20242-a595-403b-8e71-f93eaea81ffe;BfN;Bundesamt für Naturschutz
be303895-3ad0-45f1-8fc3-ea660c95e4ee;BfN;Bundesamt für Naturschutz
1f901170-a2d3-4a78-9bfd-b667c731b916;BfN;Bundesamt für Naturschutz
c88c6b9d-1d62-471f-bdff-387f01c548a9;BfN;Bundesamt für Naturschutz
1351f751-fa94-4440-90f7-25194efa10c1;BfN;Bundesamt für Naturschutz
2a6b7681-2a97-42b3-b394-43e94b1eb4d5;BfN;Bundesamt für Naturschutz
ce72f0af-e811-41a6-a9b3-ca0fcb9fb7bd;BfN;Bundesamt für Naturschutz
d0be72c8-9d6b-4b1b-86fd-ebaee10a651d;BfN;Bundesamt für Naturschutz
9892e92b-96d0-4593-b566-c8ca7b30f197;BfN;Bundesamt für Naturschutz
18587ae6-c6e6-4129-8b9c-152d0e13e6d7;BfN;Bundesamt für Naturschutz
9129cc95-d4e8-4c59-80d3-8ae80b0d29f4;BfN;Bundesamt für Naturschutz
169243ef-aa9a-4767-900e-4981f4b39f36;NABU-AGKranich;Arbeitsgemeinschaft des NABU Kranichschutz Deutschland
56af0256-1848-45f0-a912-6a5dafd1d007;CWSS;Gemeinsames Wattenmeersekretariat
574cf672-1dd4-4075-97d5-2c8023ce9916;FTZ;Forschungs- und Technologiezentrum Westküste
4f5565da-ef23-40ea-9eb2-1e11c07c5360;CWSS;Gemeinsames Wattenmeersekretariat
8f6bf7e1-a0ec-4529-9432-65cb2128d6d1;CWSS;Gemeinsames Wattenmeersekretariat
b5a52e57-9ee6-4865-ab6a-df2168ccde20;DDA;Dachverband Deutscher Avifaunisten
a0353c62-874d-4479-a0f6-4b9f28ba9197;NWO;Nordrhein-Westfälische Ornithologengesellschaft
71b77839-e8b0-4f5b-a0fb-73a5d18fcc4b;WI-SSG;Wetlands International/IUCN SSC Swan Specialist Group
69a501a9-4382-47e0-bb0a-e7ad92c22ae7;DDA;Dachverband Deutscher Avifaunisten
71c7d23d-495e-40c6-8e59-daede63f4476;CWSS;Gemeinsames Wattenmeersekretariat
0dc6234b-eadb-4250-9c18-344e16f3f6a9;Vogelwarte NLWKN;Staatliche Vogelschutzwarte im NLWKN
59e4bf5d-7d12-42de-9326-78d08c24ebc3;DDA;Dachverband Deutscher Avifaunisten
aa82115d-1b23-4882-9bfc-e2dca9b12d93;DDA;Dachverband Deutscher Avifaunisten
32ddcf6e-3944-491a-b4e0-23c1555a4627;CWSS;Gemeinsames Wattenmeersekretariat
61b44d58-bdee-41a1-b9bd-88f5c78b2e7c;CWSS;Gemeinsames Wattenmeersekretariat
6abc4bc5-eaaf-40d3-ac69-0e5cf24fd57c;WI-CRG;Wetlands International Cormorant Research Group 
c94f4eca-0bf5-49a9-a661-9a96cdf95983;DDA;Dachverband Deutscher Avifaunisten
ea503c07-4cd4-4266-8110-117dad7ff30c;DDA;Dachverband Deutscher Avifaunisten
c923b8dd-000e-4726-a8f2-819916c924d1;DDA;Dachverband Deutscher Avifaunisten
f6e705ac-1f0e-4c2c-8c12-6ac9d43ff064;DDA;Dachverband Deutscher Avifaunisten
b8a4aa0d-4d7c-4054-b8dd-a43ee23589e4;DDA;Dachverband Deutscher Avifaunisten
328f5d50-54f5-4c43-bbd3-ad521e2ebeac;DDA;Dachverband Deutscher Avifaunisten
49b471ba-aafd-42c9-8b61-b992b449b3fb;DDA;Dachverband Deutscher Avifaunisten
3099130b-85c5-4903-ac49-a346adccbb2e;DDA;Dachverband Deutscher Avifaunisten
a9d17447-8f28-4f60-93aa-38bb2206a286;DDA;Dachverband Deutscher Avifaunisten
acae6f73-149f-4e13-83fc-8888ffb4eebd;DDA;Dachverband Deutscher Avifaunisten
fc3070b2-e461-4b79-b3e4-e2e2e3c473ac;DDA;Dachverband Deutscher Avifaunisten
147b7a43-0297-4406-a09a-a01141a1b8f2;DDA;Dachverband Deutscher Avifaunisten
a1da458d-ea7d-415d-bc90-6976c72c6252;BfN;Bundesamt für Naturschutz
50051435-69cf-4b98-a8dd-f9053b0098fd;TI-WO;Thünen-Institut für Waldökosysteme
81af308b-a8be-433d-83f5-a5663b6ac789;TI-WO;Thünen-Institut für Waldökosysteme
226a7203-ca30-4c86-bd7b-2ef2ec27ed7d;BfN;Bundesamt für Naturschutz
0772a71d-6b13-4a0d-a6ef-513140d5ecc4;Uni-Freiburg;Albert-Ludwigs-Universität Freiburg
0f7b47af-0f88-4d95-94d9-606503ed44ac;Uni-Freiburg;Albert-Ludwigs-Universität Freiburg
54fee634-96f5-43b0-8732-551f0a74dc28;Uni-Freiburg;Albert-Ludwigs-Universität Freiburg
b4f4fb0f-bd37-4b71-b6b1-754cc3bafb27;UFZ;Helmholtz-Zentrum für Umweltforschung
d7eaaa11-a64d-4d5e-8fdd-c9aced361ddb;CWSS;Gemeinsames Wattenmeersekretariat
9752b5ae-ad60-47d8-88ec-24abfea03436;CWSS;Gemeinsames Wattenmeersekretariat
89493266-16b5-41b2-b2db-8a730e315c54;CWSS;Gemeinsames Wattenmeersekretariat
899eaa3a-b8ba-47de-bbd4-0a154b53a88d;CWSS;Gemeinsames Wattenmeersekretariat
1e00a09a-d82f-429c-91e3-7c223d837fcc;CWSS;Gemeinsames Wattenmeersekretariat
0a01f707-6222-4a14-a799-6d40ceabd8f9;CWSS;Gemeinsames Wattenmeersekretariat
9c846459-b069-44b7-b719-359770f26590;CWSS;Gemeinsames Wattenmeersekretariat
b21651cf-e205-4936-8e17-a8ee6ca0745b;CWSS;Gemeinsames Wattenmeersekretariat
c0b49072-58ad-470c-907f-397f8cc57ee4;CWSS;Gemeinsames Wattenmeersekretariat
cfb2cca3-ecc3-4bae-9ae0-ca26444237ec;CWSS;Gemeinsames Wattenmeersekretariat
d1f24ead-ed9e-42ef-b9de-4a823143f0ca;CWSS;Gemeinsames Wattenmeersekretariat
dc738cd2-fdd3-4733-9840-08bf887de04d;CWSS;Gemeinsames Wattenmeersekretariat
6b2a36ac-94ad-4e2d-a0b0-538b1ed5db7c;CWSS;Gemeinsames Wattenmeersekretariat
4a989cb5-ca6e-46d4-881f-7310816c0768;CWSS;Gemeinsames Wattenmeersekretariat
00a31df4-6d27-4e33-bee4-c0ec62738b50;CWSS;Gemeinsames Wattenmeersekretariat
0180e8fb-7d5d-427b-93d9-11f465ff04fb;CWSS;Gemeinsames Wattenmeersekretariat
34515994-48c6-4d01-a3e7-995ce486c212;CWSS;Gemeinsames Wattenmeersekretariat
68fe9017-1736-4952-b9b0-e42aca057784;CWSS;Gemeinsames Wattenmeersekretariat
06bd8887-f60e-438c-896c-309a32a29618;CWSS;Gemeinsames Wattenmeersekretariat
6b87d438-22c2-4e0e-aed1-0bd4b163cdfa;CWSS;Gemeinsames Wattenmeersekretariat
6bb2d678-85a4-4860-a4cc-7b0989e30d56;CWSS;Gemeinsames Wattenmeersekretariat
301c22b7-5e70-4364-bc02-0cdf64eba8d5;CWSS;Gemeinsames Wattenmeersekretariat
7b155d93-6522-43b3-93f3-2f6ec883155b;CWSS;Gemeinsames Wattenmeersekretariat
2f86922e-7f17-4b1f-a356-ac2213b9481a;CWSS;Gemeinsames Wattenmeersekretariat
850aa3ba-da7a-4a2d-860a-9d0dc183e906;Vogelschutzwarten;Deutsche Vogelschutzwarten
ea3e5bf3-7221-48f2-8b6a-b9e08f41da68;DDA;Dachverband Deutscher Avifaunisten
90caef7e-320d-404f-82ff-2bd19ac830c6;DDA;Dachverband Deutscher Avifaunisten
f0815a80-6323-42df-a488-a50844cb38bd;DDA;Dachverband Deutscher Avifaunisten
fff930c3-2a5d-4bf7-b773-30b06abae9d9;DDA;Dachverband Deutscher Avifaunisten
d6d866e5-97a0-457d-af79-062376994a71;BMEL;Bundesministerium für Ernährung und Landwirtschaft
280f0b3e-77d3-4a82-8c71-8ae542c8663b;BUND;Bund für Umwelt- und Naturschutz Deutschland
1420faa7-08b1-4feb-bdaf-89fde578fa70;BUND;Bund für Umwelt- und Naturschutz Deutschland
b3614210-69ff-4d85-b3eb-3283e42a345a;BUND;Bund für Umwelt- und Naturschutz Deutschland
0c47055a-777e-419f-b50e-706efa095046;DJV;Deutscher Jagdverband
4e287832-22dd-4bcd-b3a1-879b5cda46b5;DJV;Deutscher Jagdverband
7b7af96a-f65a-49b6-920b-815208d9b49e;DJV;Deutscher Jagdverband
40b7979c-7f41-4017-a85f-5e2ab2472a10;DJV;Deutscher Jagdverband
512c4f28-01a6-4c8e-aedd-d47a0e611437;DJV;Deutscher Jagdverband
51cacf49-5c83-4a87-8bc9-eecf0e14585a;TI-SF;Thünen-Institut für Seefischerei
0c95b3fa-1c29-429c-8d81-47ceff172ba2;TI-SF;Thünen-Institut für Seefischerei
d4a53599-701e-45e7-ad6b-977c5742415b;ICES-WGBEAM;ICES Working Group on Beam Trawl Surveys
2dc436d6-5679-421e-84db-2ec40b115f55;BfN;Bundesamt für Naturschutz
b0921dba-9b3c-4651-82de-c547c3c0b326;BfN;Bundesamt für Naturschutz
e848e716-4a15-4c61-a758-8b0158b9b570;OSPAR;Oslo-Paris-Kommission
107ccb55-5a2f-457c-b039-ce8a559b938f;HELCOM;Helsinki-Kommission
279c31bf-3055-4106-b7e4-0aaa290a79a5;LAVES-NI;Niedersächsisches Landesamt für Verbraucherschutz und Lebensmittelsicherheit
14db0e88-1cb6-4a34-be51-65e6fa193cf8;LAVES-NI;Niedersächsisches Landesamt für Verbraucherschutz und Lebensmittelsicherheit
0315feb3-ce27-4dcb-8a57-067cf5bc8661;LKN.SH;Landesbetrieb für Küstenschutz, Nationalpark und Meeresschutz Schleswig-Holstein
abb75964-cd58-4970-83c7-724acf26ea01;FGG-Elbe;Flussgebietsgemeinschaft Elbe
55ff600c-8dcf-4084-9251-0eab76082f33;TI-SF;Thünen-Institut für Seefischerei
334cc03b-692b-49bc-be15-f3c2d04dea4a;TI-SF;Thünen-Institut für Seefischerei
a07121ef-f5f4-4ed0-9a73-202a76b4d5aa;NLPV-NI;Nationalparkverwaltung Niedersächsisches Wattenmeer
d1614c5e-3fcf-4164-a29a-1baf7f2f56c6;BfN;Bundesamt für Naturschutz
b151a5eb-12ca-40c2-8d27-0899c0243dbe;BfN;Bundesamt für Naturschutz
80a73edb-206e-4070-a2da-c1ef20c62dc5;BfN;Bundesamt für Naturschutz
02ccf273-5911-484c-bf32-cadc4cdb5902;BfN;Bundesamt für Naturschutz
1e496af5-d530-41a8-96a7-783ebec83320;BfN;Bundesamt für Naturschutz
65a396a9-4b86-4314-a03d-5154f98ae1b7;BfN;Bundesamt für Naturschutz
f84152e9-54ee-4dfe-89c6-c384a35e9890;OSPAR;Oslo-Paris-Kommission
a834a70f-0ad6-45aa-9665-df9e2517db28;HELCOM;Helsinki-Kommission
afe7371f-1005-417d-bf99-17f8e7c81458;OSPAR;Oslo-Paris-Kommission
c9501834-40b9-4313-ac28-307ca4a823f4;HELCOM;Helsinki-Kommission
d4146a6d-f171-4e84-9d22-b6de16fd7aac;HELCOM;Helsinki-Kommission
365b4f31-b1f0-4a4c-97ae-486985ada15e;BfN;Bundesamt für Naturschutz
02723c41-1f60-4355-af25-44bf3c08ed93;BfN;Bundesamt für Naturschutz
83a0ff46-30cd-44f9-b323-a72c69647b9f;TI-OF;Thünen-Institut für Ostseefischerei
121175d1-82bb-46f8-8056-160440babf07;TI-OF;Thünen-Institut für Ostseefischerei
667d3223-be08-4a04-9747-ec11f22dcc87;ICES;International Council for the Exploration of the Sea
bf854d78-a629-4ff5-ac4c-c29b06b28bf4;ICES-WGBIFS;ICES Baltic International Fish Survey Working Group
971cc561-cc99-405c-83aa-c7ff5c499ba3;LFA-MV;Landesforschungsanstalt für Landwirtschaft und Fischerei Mecklenburg-Vorpommern, Institut für Fischerei
31509a87-722e-4fb6-93e2-eb665068a2c5;ICES;International Council for the Exploration of the Sea
a13ca263-b812-4127-8a4b-6016142875a8;ICES;International Council for the Exploration of the Sea
956de785-2545-49fa-9e2c-d5096ded4f23;TI-SF;Thünen-Institut für Seefischerei
00c1f9bd-4733-4e89-8496-416fff0dec7e;David;Naturstiftung David
02723c41-1f60-4355-af25-44bf3c08ed93;LKN.SH;Landesbetrieb für Küstenschutz, Nationalpark und Meeresschutz Schleswig-Holstein
02723c41-1f60-4355-af25-44bf3c08ed93;LfU-SH;Landesamt für Umwelt Schleswig-Holstein
02723c41-1f60-4355-af25-44bf3c08ed93;NLPV-NI;Nationalparkverwaltung Niedersächsisches Wattenmeer
02723c41-1f60-4355-af25-44bf3c08ed93;NLWKN;Niedersächsischer Landesbetrieb für Wasserwirtschaft, Küsten- und Naturschutz
0315feb3-ce27-4dcb-8a57-067cf5bc8661;NPV-SH;Nationalparkverwaltung Schleswig-Holstein
17ca3bfb-89f8-4b6d-84b5-d5a0807b4ba4;UBA;Umweltbundesamt
17ca3bfb-89f8-4b6d-84b5-d5a0807b4ba4;BfG;Bundesanstalt für Gewässerkunde
2dc436d6-5679-421e-84db-2ec40b115f55;LKN.SH;Landesbetrieb für Küstenschutz, Nationalpark und Meeresschutz Schleswig-Holstein
2dc436d6-5679-421e-84db-2ec40b115f55;LfU-SH;Landesamt für Umwelt Schleswig-Holstein
2dc436d6-5679-421e-84db-2ec40b115f55;LUNG-MV;Landesamt für Umwelt, Naturschutz und Geologie Mecklenburg-Vorpommern
365b4f31-b1f0-4a4c-97ae-486985ada15e;LKN.SH;Landesbetrieb für Küstenschutz, Nationalpark und Meeresschutz Schleswig-Holstein
365b4f31-b1f0-4a4c-97ae-486985ada15e;LfU-SH;Landesamt für Umwelt Schleswig-Holstein
365b4f31-b1f0-4a4c-97ae-486985ada15e;NLPV-NI;Nationalparkverwaltung Niedersächsisches Wattenmeer
365b4f31-b1f0-4a4c-97ae-486985ada15e;NLWKN;Niedersächsischer Landesbetrieb für Wasserwirtschaft, Küsten- und Naturschutz
583972eb-725c-4805-a301-50dbffe2dacd;UBA;Umweltbundesamt
583972eb-725c-4805-a301-50dbffe2dacd;BfG;Bundesanstalt für Gewässerkunde
7134343f-00a7-4c8e-9847-69aed6754a37;UBA;Umweltbundesamt
7134343f-00a7-4c8e-9847-69aed6754a37;BfG;Bundesanstalt für Gewässerkunde
7de11d6b-8b89-4647-a842-d567e0144336;UBA;Umweltbundesamt
7de11d6b-8b89-4647-a842-d567e0144336;BfG;Bundesanstalt für Gewässerkunde
91def742-703b-4964-80c7-6b029e386351;UBA;Umweltbundesamt
91def742-703b-4964-80c7-6b029e386351;BfG;Bundesanstalt für Gewässerkunde
99d611ee-4ec1-46d4-bb4e-a840f861fbe8;UBA;Umweltbundesamt
99d611ee-4ec1-46d4-bb4e-a840f861fbe8;BfG;Bundesanstalt für Gewässerkunde
a7ba2e3c-ca2f-4bf0-9132-9df0b723b83b;UBA;Umweltbundesamt
a7ba2e3c-ca2f-4bf0-9132-9df0b723b83b;BfG;Bundesanstalt für Gewässerkunde
aa24a453-eab6-4e0d-9ef9-6bb78caa09c0;UBA;Umweltbundesamt
aa24a453-eab6-4e0d-9ef9-6bb78caa09c0;BfG;Bundesanstalt für Gewässerkunde
b0921dba-9b3c-4651-82de-c547c3c0b326;BSH;Bundesamt für Seeschifffahrt und Hydrographie
b0921dba-9b3c-4651-82de-c547c3c0b326;IOW;Leibniz-Institut für Ostseeforschung Warnemünde
b0921dba-9b3c-4651-82de-c547c3c0b326;LKN.SH;Landesbetrieb für Küstenschutz, Nationalpark und Meeresschutz Schleswig-Holstein
b0921dba-9b3c-4651-82de-c547c3c0b326;LfU-SH;Landesamt für Umwelt Schleswig-Holstein
b0921dba-9b3c-4651-82de-c547c3c0b326;LUNG-MV;Landesamt für Umwelt, Naturschutz und Geologie Mecklenburg-Vorpommern
b38614d4-bfcf-4c06-9cd8-bcf928ac7c27;UBA;Umweltbundesamt
b38614d4-bfcf-4c06-9cd8-bcf928ac7c27;BfG;Bundesanstalt für Gewässerkunde
bfc06d29-5412-46f8-aa84-77a53d5c3679;Senckenberg-Wild;Senckenberg Forschungsinstitut und Naturmuseum Frankfurt/M. Zentrum für Wildtiergenetik
e8edaa6d-eed7-40ad-8ff7-82b731f8e0c8;UBA;Umweltbundesamt
e8edaa6d-eed7-40ad-8ff7-82b731f8e0c8;BfG;Bundesanstalt für Gewässerkunde
1c993682-4f15-4f98-b5fb-a3b448abba2a;Jagdverbände;Landesjagdverbände
1dfb381d-a5ca-4a3c-a938-76640a29ce04;Jagdverbände;Landesjagdverbände
9a09b6d5-a408-44b1-872e-2430b3c70f2a;Jagdverbände;Landesjagdverbände
9a1551d5-9b01-4466-8c9e-b3bb0155ece3;Jagdverbände;Landesjagdverbände
a864b182-4295-4c1b-9fb8-afd0ededd8d9;Jagdverbände;Landesjagdverbände
00139181-5fe0-4fd2-9a62-40d9228a90cf;LfU-BB;Landesamt für Umwelt Brandenburg
00a31df4-6d27-4e33-bee4-c0ec62738b50;LKN.SH;Landesbetrieb für Küstenschutz, Nationalpark und Meeresschutz Schleswig-Holstein
00c1f9bd-4733-4e89-8496-416fff0dec7e;BMUV;Bundesministerium für Umwelt, Naturschutz, nukleare Sicherheit und Verbraucherschutz
0180e8fb-7d5d-427b-93d9-11f465ff04fb;LKN.SH;Landesbetrieb für Küstenschutz, Nationalpark und Meeresschutz Schleswig-Holstein
01adbe57-cab2-4276-818c-b3aced73e62e;BfN;Bundesamt für Naturschutz
06b7796b-d1b6-4b93-bbc9-cd445d21540e;IFAB;Institut für Angewandte Bodenbiologie GmbH
06bd8887-f60e-438c-896c-309a32a29618;NLWKN;Niedersächsischer Landesbetrieb für Wasserwirtschaft, Küsten- und Naturschutz
0772a71d-6b13-4a0d-a6ef-513140d5ecc4;WSL;Eidgenössische Forschungsanstalt für Wald, Schnee und Landschaft
0a01f707-6222-4a14-a799-6d40ceabd8f9;MU-NI;Niedersächsisches Ministerium für Umwelt, Energie, Bauen und Klimaschutz
0af2666e-a634-427b-914a-9699332d31d4;BMEL;Bundesministerium für Ernährung und Landwirtschaft
0c0a610c-f9d6-4cd9-8b2a-06b387cb9598;BSH;Bundesamt für Seeschifffahrt und Hydrographie
0c47055a-777e-419f-b50e-706efa095046;ITAW;Institut für Terrestrische und Aquatische Wildtierforschung
0cf3cb32-9468-4a9a-bb22-347a90d854c0;LALLF;Landesamt für Lebensmittelsicherheit, Landwirtschaft und Fischerei Mecklenburg-Vorpommern
0d7bbfdd-767e-48f8-94f8-e47a9784c67b;LANA;Bund/Länder-Arbeitsgemeinschaft Naturschutz, Landschaftspflege und Erholung
0dc6234b-eadb-4250-9c18-344e16f3f6a9;NOV;Niedersächsische Ornithologische Vereinigung
0f7b47af-0f88-4d95-94d9-606503ed44ac;WSL;Eidgenössische Forschungsanstalt für Wald, Schnee und Landschaft
11fdf7df-b27c-499c-98bc-862cfae44470;OEKOKART;OEKOKART GmbH
12215906-fda8-4b25-853f-fff60cc6d878;BfN;Bundesamt für Naturschutz
124e26d7-f886-4c9c-8a1a-408a4d569261;BfN;Bundesamt für Naturschutz
1351f751-fa94-4440-90f7-25194efa10c1;LANA;Bund/Länder-Arbeitsgemeinschaft Naturschutz, Landschaftspflege und Erholung
13e462ea-29cf-4dd8-baee-0460dcdaa67e;IFAB;Institut für Angewandte Bodenbiologie GmbH
1420faa7-08b1-4feb-bdaf-89fde578fa70;BfN;Bundesamt für Naturschutz
147b7a43-0297-4406-a09a-a01141a1b8f2;BfN;Bundesamt für Naturschutz
169243ef-aa9a-4767-900e-4981f4b39f36;DDA;Dachverband Deutscher Avifaunisten
17ca3bfb-89f8-4b6d-84b5-d5a0807b4ba4;UBA;Umweltbundesamt
18587ae6-c6e6-4129-8b9c-152d0e13e6d7;LAWA;Länder-Arbeitsgemeinschaft Wasser
19e44e1b-a3f9-413a-9538-312df8acf93b;LfU-BY;Bayerisches Landesamt für Umwelt
1c993682-4f15-4f98-b5fb-a3b448abba2a;TI-WO;Thünen-Institut für Waldökosysteme
1dfb381d-a5ca-4a3c-a938-76640a29ce04;TI-WO;Thünen-Institut für Waldökosysteme
1e00a09a-d82f-429c-91e3-7c223d837fcc;LKN.SH;Landesbetrieb für Küstenschutz, Nationalpark und Meeresschutz Schleswig-Holstein
1f901170-a2d3-4a78-9bfd-b667c731b916;LANA;Bund/Länder-Arbeitsgemeinschaft Naturschutz, Landschaftspflege und Erholung
21510249-a22a-4a5e-a8dd-e58602533e24;BfN;Bundesamt für Naturschutz
226a7203-ca30-4c86-bd7b-2ef2ec27ed7d;PAN;Planungsbüro für angewandten Naturschutz GmbH
280f0b3e-77d3-4a82-8c71-8ae542c8663b;BfN;Bundesamt für Naturschutz
29d29563-9ccb-4e99-aede-b73ff98b5e02;Fledermaus-AKSA;Arbeitskreis Fledermäuse Sachsen-Anhalt e.V.
2a6b7681-2a97-42b3-b394-43e94b1eb4d5;LAWA;Länder-Arbeitsgemeinschaft Wasser
2bce6b46-fc40-4725-b050-14b9b58932c3;BMUV;Bundesministerium für Umwelt, Naturschutz, nukleare Sicherheit und Verbraucherschutz
2bce6b46-fc40-4725-b050-14b9b58932c3;BfN;Bundesamt für Naturschutz
2f86922e-7f17-4b1f-a356-ac2213b9481a;NLWKN;Niedersächsischer Landesbetrieb für Wasserwirtschaft, Küsten- und Naturschutz
2fdd1212-14a7-4305-ba25-007454adfe0e;BfN;Bundesamt für Naturschutz
301c22b7-5e70-4364-bc02-0cdf64eba8d5;LKN.SH;Landesbetrieb für Küstenschutz, Nationalpark und Meeresschutz Schleswig-Holstein
3099130b-85c5-4903-ac49-a346adccbb2e;BfN;Bundesamt für Naturschutz
3099130b-85c5-4903-ac49-a346adccbb2e;BMUV;Bundesministerium für Umwelt, Naturschutz, nukleare Sicherheit und Verbraucherschutz
30cfdaf7-337f-4ed4-a76b-95356d7ba3ec;BMEL;Bundesministerium für Ernährung und Landwirtschaft
31b4a1bc-e744-4b1d-b237-8f7000dd7b29;BMEL;Bundesministerium für Ernährung und Landwirtschaft
328f5d50-54f5-4c43-bbd3-ad521e2ebeac;BfN;Bundesamt für Naturschutz
328f5d50-54f5-4c43-bbd3-ad521e2ebeac;BMUV;Bundesministerium für Umwelt, Naturschutz, nukleare Sicherheit und Verbraucherschutz
32ddcf6e-3944-491a-b4e0-23c1555a4627;NLWKN;Niedersächsischer Landesbetrieb für Wasserwirtschaft, Küsten- und Naturschutz
34515994-48c6-4d01-a3e7-995ce486c212;NLWKN;Niedersächsischer Landesbetrieb für Wasserwirtschaft, Küsten- und Naturschutz
36864a43-6bb7-4dbe-8557-c63385634859;DBU;Deutsche Bundesstiftung Umwelt
36864a43-6bb7-4dbe-8557-c63385634859;Länder;Länder
40b7979c-7f41-4017-a85f-5e2ab2472a10;TI-WO;Thünen-Institut für Waldökosysteme
49b471ba-aafd-42c9-8b61-b992b449b3fb;BfN;Bundesamt für Naturschutz
49b471ba-aafd-42c9-8b61-b992b449b3fb;BMUV;Bundesministerium für Umwelt, Naturschutz, nukleare Sicherheit und Verbraucherschutz
4a989cb5-ca6e-46d4-881f-7310816c0768;LKN.SH;Landesbetrieb für Küstenschutz, Nationalpark und Meeresschutz Schleswig-Holstein
4b5e0f25-aaaa-4994-b4bb-4ab4e008ce68;BfN;Bundesamt für Naturschutz
4c209ab4-fd6d-4f19-9182-6ac3925facef;BMEL;Bundesministerium für Ernährung und Landwirtschaft
4d04f5cb-c107-44bf-97fe-d202dfac153f;BIMA;Bundesanstalt für Immobilienaufgaben
4dda530d-8d34-4214-b2b8-fcd7b5536fe1;NLWKN;Niedersächsischer Landesbetrieb für Wasserwirtschaft, Küsten- und Naturschutz
4e287832-22dd-4bcd-b3a1-879b5cda46b5;TI-WO;Thünen-Institut für Waldökosysteme
4f5565da-ef23-40ea-9eb2-1e11c07c5360;LKN.SH;Landesbetrieb für Küstenschutz, Nationalpark und Meeresschutz Schleswig-Holstein
4f7fc33f-be63-44d8-b900-fcae0a35b0de;BMUV;Bundesministerium für Umwelt, Naturschutz, nukleare Sicherheit und Verbraucherschutz
50051435-69cf-4b98-a8dd-f9053b0098fd;Uni-Göttingen;Georg-August-Universität Göttingen
512c4f28-01a6-4c8e-aedd-d47a0e611437;TI-WO;Thünen-Institut für Waldökosysteme
5256fb1f-6ee2-4db3-a3f6-a6363fc763f6;LANA;Bund/Länder-Arbeitsgemeinschaft Naturschutz, Landschaftspflege und Erholung
526ad6e7-6759-4805-ac49-be55987bcba0;BMEL;Bundesministerium für Ernährung und Landwirtschaft
5467b5c3-bd86-4f3b-93cc-825d4710a6f4;BMEL;Bundesministerium für Ernährung und Landwirtschaft
54fee634-96f5-43b0-8732-551f0a74dc28;WSL;Eidgenössische Forschungsanstalt für Wald, Schnee und Landschaft
56af0256-1848-45f0-a912-6a5dafd1d007;LKN.SH;Landesbetrieb für Küstenschutz, Nationalpark und Meeresschutz Schleswig-Holstein
574cf672-1dd4-4075-97d5-2c8023ce9916;BfN;Bundesamt für Naturschutz
57953187-dc29-46f0-9ef7-2631a4b4b61c;LANA;Bund/Länder-Arbeitsgemeinschaft Naturschutz, Landschaftspflege und Erholung
57968b60-457d-45b7-a053-fde119e8f2db;LAWA;Länder-Arbeitsgemeinschaft Wasser
583972eb-725c-4805-a301-50dbffe2dacd;UBA;Umweltbundesamt
5870b3ba-3007-4a6f-961a-cd018fe16010;LANA;Bund/Länder-Arbeitsgemeinschaft Naturschutz, Landschaftspflege und Erholung
59e4bf5d-7d12-42de-9326-78d08c24ebc3;Stiftungsland;Stiftung Naturschutz Schleswig-Holstein
5b5938c5-2e24-4318-98f1-5708e8d99304;IngoBrandt;Biologisch-öklogische Gutachten & Planungen Ingo Brandt
5c0c6e8f-9aef-4f14-ad00-812de5fdf2de;BfN;Bundesamt für Naturschutz
5c2f6148-5efe-4449-90a8-da3864f7fe74;BfN;Bundesamt für Naturschutz
5ca85905-6c23-4852-88e2-45e81a7306fb;LANA;Bund/Länder-Arbeitsgemeinschaft Naturschutz, Landschaftspflege und Erholung
5d8da353-9653-4485-a977-d02a19e08f94;BfN;Bundesamt für Naturschutz
61b44d58-bdee-41a1-b9bd-88f5c78b2e7c;LKN.SH;Landesbetrieb für Küstenschutz, Nationalpark und Meeresschutz Schleswig-Holstein
620b1688-fa7f-446e-97ed-8c41754d7514;BMEL;Bundesministerium für Ernährung und Landwirtschaft
66b836fc-9d48-4975-9d04-cda25afeba7b;LANA;Bund/Länder-Arbeitsgemeinschaft Naturschutz, Landschaftspflege und Erholung
67bb320b-6467-45f3-b972-cf2ab18a3c51;BfN;Bundesamt für Naturschutz
68fe9017-1736-4952-b9b0-e42aca057784;NLWKN;Niedersächsischer Landesbetrieb für Wasserwirtschaft, Küsten- und Naturschutz
69a501a9-4382-47e0-bb0a-e7ad92c22ae7;BMUV;Bundesministerium für Umwelt, Naturschutz, nukleare Sicherheit und Verbraucherschutz
69a501a9-4382-47e0-bb0a-e7ad92c22ae7;BfN;Bundesamt für Naturschutz
69f43db5-a3c2-4157-9ee7-6ba381dae91c;BfN;Bundesamt für Naturschutz
6abc4bc5-eaaf-40d3-ac69-0e5cf24fd57c;DDA;Dachverband Deutscher Avifaunisten
6b2a36ac-94ad-4e2d-a0b0-538b1ed5db7c;BMUV;Bundesministerium für Umwelt, Naturschutz, nukleare Sicherheit und Verbraucherschutz
6b87d438-22c2-4e0e-aed1-0bd4b163cdfa;BMUV;Bundesministerium für Umwelt, Naturschutz, nukleare Sicherheit und Verbraucherschutz
6b9a3dde-6085-4dd5-bcf4-37a13dba392a;BMUV;Bundesministerium für Umwelt, Naturschutz, nukleare Sicherheit und Verbraucherschutz
6bb2d678-85a4-4860-a4cc-7b0989e30d56;NLWKN;Niedersächsischer Landesbetrieb für Wasserwirtschaft, Küsten- und Naturschutz
6ddb0809-9e9a-4613-85f6-3ef26da41128;LANA;Bund/Länder-Arbeitsgemeinschaft Naturschutz, Landschaftspflege und Erholung
70b34181-7572-4049-a9ad-16c2381850c0;BMEL;Bundesministerium für Ernährung und Landwirtschaft
7134343f-00a7-4c8e-9847-69aed6754a37;UBA;Umweltbundesamt
71b77839-e8b0-4f5b-a0fb-73a5d18fcc4b;DDA;Dachverband Deutscher Avifaunisten
71c7d23d-495e-40c6-8e59-daede63f4476;NLWKN;Niedersächsischer Landesbetrieb für Wasserwirtschaft, Küsten- und Naturschutz
71d6622d-ca1a-4856-be02-71d8b9ee6168;BMEL;Bundesministerium für Ernährung und Landwirtschaft
74d5ca9d-bc79-4c10-9788-dc7323999f41;LKN.SH;Landesbetrieb für Küstenschutz, Nationalpark und Meeresschutz Schleswig-Holstein
77c32581-cd66-40d1-9c53-e46db66441d4;Uni-Halle;Martin-Luther-Universität Halle-Wittenberg
7852aeaf-3996-497b-a2db-ac185d941b44;NLWKN;Niedersächsischer Landesbetrieb für Wasserwirtschaft, Küsten- und Naturschutz
79ec11c2-ee6e-4910-abb8-4d83c128381e;BMEL;Bundesministerium für Ernährung und Landwirtschaft
7b155d93-6522-43b3-93f3-2f6ec883155b;LKN.SH;Landesbetrieb für Küstenschutz, Nationalpark und Meeresschutz Schleswig-Holstein
7b7af96a-f65a-49b6-920b-815208d9b49e;TI-WO;Thünen-Institut für Waldökosysteme
7de11d6b-8b89-4647-a842-d567e0144336;UBA;Umweltbundesamt
81af308b-a8be-433d-83f5-a5663b6ac789;Uni-Göttingen;Georg-August-Universität Göttingen
850aa3ba-da7a-4a2d-860a-9d0dc183e906;BfN;Bundesamt für Naturschutz
865dd6f2-7664-4cc4-b239-d9fc97273848;BfN;Bundesamt für Naturschutz
88d290a1-7466-4e93-84bb-8de057cde221;LfL-BY;Bayerische Landesanstalt für Landwirtschaft
89493266-16b5-41b2-b2db-8a730e315c54;BMUV;Bundesministerium für Umwelt, Naturschutz, nukleare Sicherheit und Verbraucherschutz
899eaa3a-b8ba-47de-bbd4-0a154b53a88d;LKN.SH;Landesbetrieb für Küstenschutz, Nationalpark und Meeresschutz Schleswig-Holstein
8b0c08ef-c5a1-4e34-a04e-576942562a44;NW-FVA;Nordwestdeutsche Forstliche Versuchsanstalt
8e1cfb5a-06a8-453c-a839-e3b97fb6ddd6;IFAB;Institut für Angewandte Bodenbiologie GmbH
8f6bf7e1-a0ec-4529-9432-65cb2128d6d1;LKN.SH;Landesbetrieb für Küstenschutz, Nationalpark und Meeresschutz Schleswig-Holstein
90caef7e-320d-404f-82ff-2bd19ac830c6;BMUV;Bundesministerium für Umwelt, Naturschutz, nukleare Sicherheit und Verbraucherschutz
90caef7e-320d-404f-82ff-2bd19ac830c6;BfN;Bundesamt für Naturschutz
9129cc95-d4e8-4c59-80d3-8ae80b0d29f4;LANA;Bund/Länder-Arbeitsgemeinschaft Naturschutz, Landschaftspflege und Erholung
91def742-703b-4964-80c7-6b029e386351;UBA;Umweltbundesamt
95f2087f-5e8b-4ae6-b8b0-063a7170ec41;LfU-BB;Landesamt für Umwelt Brandenburg
9752b5ae-ad60-47d8-88ec-24abfea03436;LKN.SH;Landesbetrieb für Küstenschutz, Nationalpark und Meeresschutz Schleswig-Holstein
980c02df-52a6-470d-8c3d-3062fa536220;BfN;Bundesamt für Naturschutz
9892e92b-96d0-4593-b566-c8ca7b30f197;LANA;Bund/Länder-Arbeitsgemeinschaft Naturschutz, Landschaftspflege und Erholung
99d611ee-4ec1-46d4-bb4e-a840f861fbe8;UBA;Umweltbundesamt
9a09b6d5-a408-44b1-872e-2430b3c70f2a;TI-WO;Thünen-Institut für Waldökosysteme
9a1551d5-9b01-4466-8c9e-b3bb0155ece3;TI-WO;Thünen-Institut für Waldökosysteme
9a3362d3-115d-46d4-8489-a5874acdcd1e;BfN;Bundesamt für Naturschutz
9c3f9cbe-4350-480b-95cd-e2eb16e0df7c;David;Naturstiftung David
9c846459-b069-44b7-b719-359770f26590;LKN.SH;Landesbetrieb für Küstenschutz, Nationalpark und Meeresschutz Schleswig-Holstein
9d920114-a2aa-4088-ac32-2cd005aaab58;BfN;Bundesamt für Naturschutz
9f7d5766-1db1-46ab-be0d-074919e71f71;BfN;Bundesamt für Naturschutz
a0353c62-874d-4479-a0f6-4b9f28ba9197;DDA;Dachverband Deutscher Avifaunisten
a4ee685f-b75d-47c7-a087-4ca6e603a8fd;BMUV;Bundesministerium für Umwelt, Naturschutz, nukleare Sicherheit und Verbraucherschutz
a7ba2e3c-ca2f-4bf0-9132-9df0b723b83b;UBA;Umweltbundesamt
a864b182-4295-4c1b-9fb8-afd0ededd8d9;TI-WO;Thünen-Institut für Waldökosysteme
a893e564-0b5f-429c-a112-d0fbae26f292;BfN;Bundesamt für Naturschutz
a91adacf-d8b0-4370-be89-f86047be31cb;BfN;Bundesamt für Naturschutz
a9bd5fa7-ca71-43f1-83fb-ed6e9545f35a;BMEL;Bundesministerium für Ernährung und Landwirtschaft
a9c9352c-2958-482f-801e-1f985d127691;BMEL;Bundesministerium für Ernährung und Landwirtschaft
a9d17447-8f28-4f60-93aa-38bb2206a286;BfN;Bundesamt für Naturschutz
aa24a453-eab6-4e0d-9ef9-6bb78caa09c0;UBA;Umweltbundesamt
aa699033-8e24-4f74-82a1-472870fbaa3c;TMUEN;Thüringer Ministerium für Umwelt, Energie und Naturschutz
aa82115d-1b23-4882-9bfc-e2dca9b12d93;Stiftungsland;Stiftung Naturschutz Schleswig-Holstein
acae6f73-149f-4e13-83fc-8888ffb4eebd;BfN;Bundesamt für Naturschutz
ad7f7043-7d12-4fd9-b314-65306c86accf;BMUV;Bundesministerium für Umwelt, Naturschutz, nukleare Sicherheit und Verbraucherschutz
ad9b905e-4f96-4991-a878-65b0150effc2;TMUEN;Thüringer Ministerium für Umwelt, Energie und Naturschutz
b070fed8-9742-4eb9-85fc-31dd1927229a;LAGB;Landesamt für Geologie und Bergwesen Sachsen-Anhalt
b21651cf-e205-4936-8e17-a8ee6ca0745b;BMUV;Bundesministerium für Umwelt, Naturschutz, nukleare Sicherheit und Verbraucherschutz
b25831f3-286f-4276-9c4e-54cc00a1e30d;BfN;Bundesamt für Naturschutz
b3614210-69ff-4d85-b3eb-3283e42a345a;BfN;Bundesamt für Naturschutz
b38614d4-bfcf-4c06-9cd8-bcf928ac7c27;UBA;Umweltbundesamt
b4f4fb0f-bd37-4b71-b6b1-754cc3bafb27;UFZ;Helmholtz-Zentrum für Umweltforschung
b5a52e57-9ee6-4865-ab6a-df2168ccde20;IWSG;International Wader Study Group
b6859ef7-5053-41fd-8dae-0405ab2b133f;BfN;Bundesamt für Naturschutz
b73ccade-ce2f-4f32-b15c-baf1ec9d5e3a;FNR;Fachagentur Nachwachsende Rohstoffe
b8a4aa0d-4d7c-4054-b8dd-a43ee23589e4;BfN;Bundesamt für Naturschutz
bb97d5f9-aec8-44fd-a298-86dcfc544fb0;BMEL;Bundesministerium für Ernährung und Landwirtschaft
bbd20242-a595-403b-8e71-f93eaea81ffe;LANA;Bund/Länder-Arbeitsgemeinschaft Naturschutz, Landschaftspflege und Erholung
bc4c5535-b6dd-4cff-a0c1-d72263cebdbb;LLUR-SH;Landesamt für Landwirtschaft, Umwelt und ländliche Räume Schleswig-Holstein
be2ff42f-2592-4496-9de7-3d9be6ebcc05;Vogelschutzwarten;Deutsche Vogelschutzwarten
be303895-3ad0-45f1-8fc3-ea660c95e4ee;LANA;Bund/Länder-Arbeitsgemeinschaft Naturschutz, Landschaftspflege und Erholung
bfc06d29-5412-46f8-aa84-77a53d5c3679;BfN;Bundesamt für Naturschutz
c04d4989-89d7-4abc-9e7c-ba6f79950d48;BfN;Bundesamt für Naturschutz
c067fcf5-35c7-41e8-9b0c-89c7ee5ebc79;BfN;Bundesamt für Naturschutz
c0b49072-58ad-470c-907f-397f8cc57ee4;LKN.SH;Landesbetrieb für Küstenschutz, Nationalpark und Meeresschutz Schleswig-Holstein
c0e0c56a-a194-4867-b2c8-3857e3e22d6f;Uni-Hamburg;Universität Hamburg, Institut für Bodenkunde
c4cbf1ef-f377-456a-a753-1b274da8acef;IFAB;Institut für Angewandte Bodenbiologie GmbH
c658a937-4742-4cb9-8525-960e735f370c;Senckenberg-Naturkunde;Senckenberg Museum für Naturkunde Görlitz
c88c6b9d-1d62-471f-bdff-387f01c548a9;LANA;Bund/Länder-Arbeitsgemeinschaft Naturschutz, Landschaftspflege und Erholung
c923b8dd-000e-4726-a8f2-819916c924d1;BfN;Bundesamt für Naturschutz
c94f4eca-0bf5-49a9-a661-9a96cdf95983;BfN;Bundesamt für Naturschutz
ce72f0af-e811-41a6-a9b3-ca0fcb9fb7bd;LANA;Bund/Länder-Arbeitsgemeinschaft Naturschutz, Landschaftspflege und Erholung
ce89d9e6-d3f7-4052-8507-a2d8828eb97f;BMEL;Bundesministerium für Ernährung und Landwirtschaft
ceb417d3-8955-4e7f-b1ab-4cb50e4df006;BfN;Bundesamt für Naturschutz
cfb2cca3-ecc3-4bae-9ae0-ca26444237ec;LKN.SH;Landesbetrieb für Küstenschutz, Nationalpark und Meeresschutz Schleswig-Holstein
d0be72c8-9d6b-4b1b-86fd-ebaee10a651d;LANA;Bund/Länder-Arbeitsgemeinschaft Naturschutz, Landschaftspflege und Erholung
d1f24ead-ed9e-42ef-b9de-4a823143f0ca;NLWKN;Niedersächsischer Landesbetrieb für Wasserwirtschaft, Küsten- und Naturschutz
d5090bca-c42e-440d-b4a6-8adf0e04fa2e;BfN;Bundesamt für Naturschutz
d7eaaa11-a64d-4d5e-8fdd-c9aced361ddb;LKN.SH;Landesbetrieb für Küstenschutz, Nationalpark und Meeresschutz Schleswig-Holstein
d983b01c-9fea-4817-b4b2-7e3e9d911d38;LfU-SH;Landesamt für Umwelt Schleswig-Holstein
dc738cd2-fdd3-4733-9840-08bf887de04d;MU-NI;Niedersächsisches Ministerium für Umwelt, Energie, Bauen und Klimaschutz
dcb186a6-c41f-47eb-aca8-0c655f3a1fb6;Senckenberg-Naturkunde;Senckenberg Museum für Naturkunde Görlitz
ddae618b-f9b5-49ac-a074-4ae99b20d29b;NLWKN;Niedersächsischer Landesbetrieb für Wasserwirtschaft, Küsten- und Naturschutz
de1e9a86-c765-4d6b-a14a-b6d1076aec47;BMEL;Bundesministerium für Ernährung und Landwirtschaft
de6c5383-04ec-43ef-a8ab-249b3df3bc40;LANA;Bund/Länder-Arbeitsgemeinschaft Naturschutz, Landschaftspflege und Erholung
e1078e88-8727-4d1b-b67e-2c068c6da757;BMEL;Bundesministerium für Ernährung und Landwirtschaft
e56cba82-bfce-4851-a5db-1f87fb969ded;LANA;Bund/Länder-Arbeitsgemeinschaft Naturschutz, Landschaftspflege und Erholung
e621da0a-0ccc-42ce-a981-1323796aae3b;LANA;Bund/Länder-Arbeitsgemeinschaft Naturschutz, Landschaftspflege und Erholung
e66fb6f7-91c8-49a2-a732-96f4e5ee47e6;BMEL;Bundesministerium für Ernährung und Landwirtschaft
e7ef09d8-c5df-4d9c-9737-69ce2e81c3e1;LANA;Bund/Länder-Arbeitsgemeinschaft Naturschutz, Landschaftspflege und Erholung
e8e142af-a1a3-4250-9316-34d130ec8f84;BfN;Bundesamt für Naturschutz
e8edaa6d-eed7-40ad-8ff7-82b731f8e0c8;UBA;Umweltbundesamt
e9895c93-aa62-4281-a662-56ae909ee793;LfL-BY;Bayerische Landesanstalt für Landwirtschaft
ea3e5bf3-7221-48f2-8b6a-b9e08f41da68;BMUV;Bundesministerium für Umwelt, Naturschutz, nukleare Sicherheit und Verbraucherschutz
ea3e5bf3-7221-48f2-8b6a-b9e08f41da68;BfN;Bundesamt für Naturschutz
ea503c07-4cd4-4266-8110-117dad7ff30c;BfN;Bundesamt für Naturschutz
ed2e3359-d7d1-4533-b4ee-8f24b806495f;BIMA;Bundesanstalt für Immobilienaufgaben
ed44c5de-2eeb-4c63-bce2-6ecb51e99fb3;Fledermaus-AKSA;Arbeitskreis Fledermäuse Sachsen-Anhalt e.V.
efa040e0-12b7-4684-9e5e-f29eb8f2d87a;LANA;Bund/Länder-Arbeitsgemeinschaft Naturschutz, Landschaftspflege und Erholung
f0815a80-6323-42df-a488-a50844cb38bd;BfN;Bundesamt für Naturschutz
f316ae21-b5e2-4c95-b94a-ff68f8894a6b;BfN;Bundesamt für Naturschutz
f8509f6a-a28c-4657-947e-874ac2aa9c13;BfN;Bundesamt für Naturschutz
f9c20a73-79bb-455a-a469-087cebaa869b;BfN;Bundesamt für Naturschutz
fa3763cc-187b-4836-95d2-fad9525fe843;LANA;Bund/Länder-Arbeitsgemeinschaft Naturschutz, Landschaftspflege und Erholung
fc3070b2-e461-4b79-b3e4-e2e2e3c473ac;BfN;Bundesamt für Naturschutz
feebbc28-2342-47e4-a366-354de2f98fb5;Uni-Halle;Martin-Luther-Universität Halle-Wittenberg
fff930c3-2a5d-4bf7-b773-30b06abae9d9;BMUV;Bundesministerium für Umwelt, Naturschutz, nukleare Sicherheit und Verbraucherschutz
fff930c3-2a5d-4bf7-b773-30b06abae9d9;BfN;Bundesamt für Naturschutz
00a31df4-6d27-4e33-bee4-c0ec62738b50;LLUR-SH;Landesamt für Landwirtschaft, Umwelt und ländliche Räume Schleswig-Holstein
00c1f9bd-4733-4e89-8496-416fff0dec7e;David;Naturstiftung David
0180e8fb-7d5d-427b-93d9-11f465ff04fb;LLUR-SH;Landesamt für Landwirtschaft, Umwelt und ländliche Räume Schleswig-Holstein
01adbe57-cab2-4276-818c-b3aced73e62e;LLUR-SH;Landesamt für Landwirtschaft, Umwelt und ländliche Räume Schleswig-Holstein
06bd8887-f60e-438c-896c-309a32a29618;LLUR-SH;Landesamt für Landwirtschaft, Umwelt und ländliche Räume Schleswig-Holstein
0772a71d-6b13-4a0d-a6ef-513140d5ecc4;FAWF-RLP;Forschungsanstalt für Waldökologie und Forstwirtschaft Rheinland-Pfalz
0a01f707-6222-4a14-a799-6d40ceabd8f9;NLWKN;Niedersächsischer Landesbetrieb für Wasserwirtschaft, Küsten- und Naturschutz
0af2666e-a634-427b-914a-9699332d31d4;JKI;Julius Kühn-Institut Bundesforschungsinstitut für Kulturpflanzen
0c0a610c-f9d6-4cd9-8b2a-06b387cb9598;LfU-SH;Landesamt für Umwelt Schleswig-Holstein
0c47055a-777e-419f-b50e-706efa095046;Uni-Trier;Universität Trier
0cf3cb32-9468-4a9a-bb22-347a90d854c0;FTZ;Forschungs- und Technologiezentrum Westküste
0d7bbfdd-767e-48f8-94f8-e47a9784c67b;BLAK-FFH;Bund-Länder-Arbeitskreis FFH-Monitoriung & Berichterstattung
0dc6234b-eadb-4250-9c18-344e16f3f6a9;DDA;Dachverband Deutscher Avifaunisten
0f7b47af-0f88-4d95-94d9-606503ed44ac;FAWF-RLP;Forschungsanstalt für Waldökologie und Forstwirtschaft Rheinland-Pfalz
11fdf7df-b27c-499c-98bc-862cfae44470;LAGB;Landesamt für Geologie und Bergwesen Sachsen-Anhalt
12215906-fda8-4b25-853f-fff60cc6d878;LLUR-SH;Landesamt für Landwirtschaft, Umwelt und ländliche Räume Schleswig-Holstein
124e26d7-f886-4c9c-8a1a-408a4d569261;DBBW;Dokumentations- und Beratungsstelle des Bundes zum Thema Wolf
1351f751-fa94-4440-90f7-25194efa10c1;BLAK-FFH;Bund-Länder-Arbeitskreis FFH-Monitoriung & Berichterstattung
13e462ea-29cf-4dd8-baee-0460dcdaa67e;GD-NRW;Geologischer Dienst NRW
1420faa7-08b1-4feb-bdaf-89fde578fa70;Senckenberg-Naturkunde;Senckenberg Museum für Naturkunde Görlitz
169243ef-aa9a-4767-900e-4981f4b39f36;NUE-Stiftung;Norddeutsche Stiftung für Umwelt und Entwicklung
17ca3bfb-89f8-4b6d-84b5-d5a0807b4ba4;BfG;Bundesanstalt für Gewässerkunde
18587ae6-c6e6-4129-8b9c-152d0e13e6d7;LANA;Bund/Länder-Arbeitsgemeinschaft Naturschutz, Landschaftspflege und Erholung
1c993682-4f15-4f98-b5fb-a3b448abba2a;ITAW;Institut für Terrestrische und Aquatische Wildtierforschung
1dfb381d-a5ca-4a3c-a938-76640a29ce04;ITAW;Institut für Terrestrische und Aquatische Wildtierforschung
1e00a09a-d82f-429c-91e3-7c223d837fcc;LLUR-SH;Landesamt für Landwirtschaft, Umwelt und ländliche Räume Schleswig-Holstein
1f901170-a2d3-4a78-9bfd-b667c731b916;BLAK-FFH;Bund-Länder-Arbeitskreis FFH-Monitoriung & Berichterstattung
21510249-a22a-4a5e-a8dd-e58602533e24;LLUR-SH;Landesamt für Landwirtschaft, Umwelt und ländliche Räume Schleswig-Holstein
280f0b3e-77d3-4a82-8c71-8ae542c8663b;Senckenberg-Naturkunde;Senckenberg Museum für Naturkunde Görlitz
29d29563-9ccb-4e99-aede-b73ff98b5e02;Fledermaus-RefST;Landesreferenzstelle für Fledermausschutz Sachsen-Anhalt
2a6b7681-2a97-42b3-b394-43e94b1eb4d5;LANA;Bund/Länder-Arbeitsgemeinschaft Naturschutz, Landschaftspflege und Erholung
2f86922e-7f17-4b1f-a356-ac2213b9481a;LKN.SH;Landesbetrieb für Küstenschutz, Nationalpark und Meeresschutz Schleswig-Holstein
2fdd1212-14a7-4305-ba25-007454adfe0e;VST-Schutzgeb;Verwaltungsstellen der Schutzgebiete
301c22b7-5e70-4364-bc02-0cdf64eba8d5;NLWKN;Niedersächsischer Landesbetrieb für Wasserwirtschaft, Küsten- und Naturschutz
30cfdaf7-337f-4ed4-a76b-95356d7ba3ec;TI;Thünen-Institut Bundesforschungsinstitut für Ländliche Räume, Wald und Fischerei
32ddcf6e-3944-491a-b4e0-23c1555a4627;LKN.SH;Landesbetrieb für Küstenschutz, Nationalpark und Meeresschutz Schleswig-Holstein
34515994-48c6-4d01-a3e7-995ce486c212;LLUR-SH;Landesamt für Landwirtschaft, Umwelt und ländliche Räume Schleswig-Holstein
36864a43-6bb7-4dbe-8557-c63385634859;DWS;Deutsche Wildtier Stiftung
3961e096-4002-4340-86f6-8175adf3abf8;TI-WO;Thünen-Institut für Waldökosysteme
40b7979c-7f41-4017-a85f-5e2ab2472a10;ITAW;Institut für Terrestrische und Aquatische Wildtierforschung
4a989cb5-ca6e-46d4-881f-7310816c0768;NLWKN;Niedersächsischer Landesbetrieb für Wasserwirtschaft, Küsten- und Naturschutz
4b5e0f25-aaaa-4994-b4bb-4ab4e008ce68;ITAW;Institut für Terrestrische und Aquatische Wildtierforschung
4c209ab4-fd6d-4f19-9182-6ac3925facef;TI;Thünen-Institut Bundesforschungsinstitut für Ländliche Räume, Wald und Fischerei
4dda530d-8d34-4214-b2b8-fcd7b5536fe1;LKN.SH;Landesbetrieb für Küstenschutz, Nationalpark und Meeresschutz Schleswig-Holstein
4e287832-22dd-4bcd-b3a1-879b5cda46b5;ITAW;Institut für Terrestrische und Aquatische Wildtierforschung
4f5565da-ef23-40ea-9eb2-1e11c07c5360;NLWKN;Niedersächsischer Landesbetrieb für Wasserwirtschaft, Küsten- und Naturschutz
4f7fc33f-be63-44d8-b900-fcae0a35b0de;David;Naturstiftung David
50051435-69cf-4b98-a8dd-f9053b0098fd;FVA-BW;Forstliche Versuchs- und Forschungsanstalt Baden-Württemberg
512c4f28-01a6-4c8e-aedd-d47a0e611437;ITAW;Institut für Terrestrische und Aquatische Wildtierforschung
5256fb1f-6ee2-4db3-a3f6-a6363fc763f6;BLAK-FFH;Bund-Länder-Arbeitskreis FFH-Monitoriung & Berichterstattung
526ad6e7-6759-4805-ac49-be55987bcba0;JKI-OekolChem;Julius Kühn-Institut Bundesforschungsinstitut für Kulturpflanzen Institut für Ökologische Chemie, Pflanzenanalytik und Vorratsschutz
5467b5c3-bd86-4f3b-93cc-825d4710a6f4;TI;Thünen-Institut Bundesforschungsinstitut für Ländliche Räume, Wald und Fischerei
54fee634-96f5-43b0-8732-551f0a74dc28;FAWF-RLP;Forschungsanstalt für Waldökologie und Forstwirtschaft Rheinland-Pfalz
56af0256-1848-45f0-a912-6a5dafd1d007;NLWKN;Niedersächsischer Landesbetrieb für Wasserwirtschaft, Küsten- und Naturschutz
574cf672-1dd4-4075-97d5-2c8023ce9916;FTZ;Forschungs- und Technologiezentrum Westküste
57953187-dc29-46f0-9ef7-2631a4b4b61c;BLAK-FFH;Bund-Länder-Arbeitskreis FFH-Monitoriung & Berichterstattung
57968b60-457d-45b7-a053-fde119e8f2db;LANA;Bund/Länder-Arbeitsgemeinschaft Naturschutz, Landschaftspflege und Erholung
583972eb-725c-4805-a301-50dbffe2dacd;BfG;Bundesanstalt für Gewässerkunde
5870b3ba-3007-4a6f-961a-cd018fe16010;BLAK-FFH;Bund-Länder-Arbeitskreis FFH-Monitoriung & Berichterstattung
5c2f6148-5efe-4449-90a8-da3864f7fe74;LKN.SH;Landesbetrieb für Küstenschutz, Nationalpark und Meeresschutz Schleswig-Holstein
5ca85905-6c23-4852-88e2-45e81a7306fb;BLAK-FFH;Bund-Länder-Arbeitskreis FFH-Monitoriung & Berichterstattung
5d8da353-9653-4485-a977-d02a19e08f94;VST-Schutzgeb;Verwaltungsstellen der Schutzgebiete
61b44d58-bdee-41a1-b9bd-88f5c78b2e7c;NLWKN;Niedersächsischer Landesbetrieb für Wasserwirtschaft, Küsten- und Naturschutz
66b836fc-9d48-4975-9d04-cda25afeba7b;BLAK-FFH;Bund-Länder-Arbeitskreis FFH-Monitoriung & Berichterstattung
67bb320b-6467-45f3-b972-cf2ab18a3c51;FTZ;Forschungs- und Technologiezentrum Westküste
68fe9017-1736-4952-b9b0-e42aca057784;LKN.SH;Landesbetrieb für Küstenschutz, Nationalpark und Meeresschutz Schleswig-Holstein
69f43db5-a3c2-4157-9ee7-6ba381dae91c;ITAW;Institut für Terrestrische und Aquatische Wildtierforschung
6b2a36ac-94ad-4e2d-a0b0-538b1ed5db7c;MU-NI;Niedersächsisches Ministerium für Umwelt, Energie, Bauen und Klimaschutz
6b87d438-22c2-4e0e-aed1-0bd4b163cdfa;MU-NI;Niedersächsisches Ministerium für Umwelt, Energie, Bauen und Klimaschutz
6b9a3dde-6085-4dd5-bcf4-37a13dba392a;David;Naturstiftung David
6bb2d678-85a4-4860-a4cc-7b0989e30d56;LLUR-SH;Landesamt für Landwirtschaft, Umwelt und ländliche Räume Schleswig-Holstein
6ddb0809-9e9a-4613-85f6-3ef26da41128;BLAK-FFH;Bund-Länder-Arbeitskreis FFH-Monitoriung & Berichterstattung
70b34181-7572-4049-a9ad-16c2381850c0;TI;Thünen-Institut Bundesforschungsinstitut für Ländliche Räume, Wald und Fischerei
7134343f-00a7-4c8e-9847-69aed6754a37;BfG;Bundesanstalt für Gewässerkunde
71c7d23d-495e-40c6-8e59-daede63f4476;LKN.SH;Landesbetrieb für Küstenschutz, Nationalpark und Meeresschutz Schleswig-Holstein
71d6622d-ca1a-4856-be02-71d8b9ee6168;FNR;Fachagentur Nachwachsende Rohstoffe
74175851-cff6-433d-ae3a-29193e853a4e;TI;Thünen-Institut Bundesforschungsinstitut für Ländliche Räume, Wald und Fischerei
74d5ca9d-bc79-4c10-9788-dc7323999f41;NLWKN;Niedersächsischer Landesbetrieb für Wasserwirtschaft, Küsten- und Naturschutz
7852aeaf-3996-497b-a2db-ac185d941b44;NW-FVA;Nordwestdeutsche Forstliche Versuchsanstalt
79ec11c2-ee6e-4910-abb8-4d83c128381e;TI;Thünen-Institut Bundesforschungsinstitut für Ländliche Räume, Wald und Fischerei
7b155d93-6522-43b3-93f3-2f6ec883155b;NPWM;Nationalparkverwaltung Niedersächsisches Wattenmeer
7b7af96a-f65a-49b6-920b-815208d9b49e;ITAW;Institut für Terrestrische und Aquatische Wildtierforschung
7de11d6b-8b89-4647-a842-d567e0144336;BfG;Bundesanstalt für Gewässerkunde
81af308b-a8be-433d-83f5-a5663b6ac789;FVA-BW;Forstliche Versuchs- und Forschungsanstalt Baden-Württemberg
865dd6f2-7664-4cc4-b239-d9fc97273848;DBBW;Dokumentations- und Beratungsstelle des Bundes zum Thema Wolf
89493266-16b5-41b2-b2db-8a730e315c54;NLWKN;Niedersächsischer Landesbetrieb für Wasserwirtschaft, Küsten- und Naturschutz
899eaa3a-b8ba-47de-bbd4-0a154b53a88d;NLWKN;Niedersächsischer Landesbetrieb für Wasserwirtschaft, Küsten- und Naturschutz
8f6bf7e1-a0ec-4529-9432-65cb2128d6d1;NLWKN;Niedersächsischer Landesbetrieb für Wasserwirtschaft, Küsten- und Naturschutz
9129cc95-d4e8-4c59-80d3-8ae80b0d29f4;BLAK-FFH;Bund-Länder-Arbeitskreis FFH-Monitoriung & Berichterstattung
91def742-703b-4964-80c7-6b029e386351;BfG;Bundesanstalt für Gewässerkunde
963dd99b-ccaa-40e3-bd0b-e2f2ac9cb0c6;TI;Thünen-Institut Bundesforschungsinstitut für Ländliche Räume, Wald und Fischerei
9752b5ae-ad60-47d8-88ec-24abfea03436;NPWM;Nationalparkverwaltung Niedersächsisches Wattenmeer
980c02df-52a6-470d-8c3d-3062fa536220;VST-Schutzgeb;Verwaltungsstellen der Schutzgebiete
9892e92b-96d0-4593-b566-c8ca7b30f197;BLAK-FFH;Bund-Länder-Arbeitskreis FFH-Monitoriung & Berichterstattung
99d611ee-4ec1-46d4-bb4e-a840f861fbe8;BfG;Bundesanstalt für Gewässerkunde
9a09b6d5-a408-44b1-872e-2430b3c70f2a;ITAW;Institut für Terrestrische und Aquatische Wildtierforschung
9a1551d5-9b01-4466-8c9e-b3bb0155ece3;ITAW;Institut für Terrestrische und Aquatische Wildtierforschung
9a3362d3-115d-46d4-8489-a5874acdcd1e;ITAW;Institut für Terrestrische und Aquatische Wildtierforschung
9c3f9cbe-4350-480b-95cd-e2eb16e0df7c;BfN;Bundesamt für Naturschutz
9c846459-b069-44b7-b719-359770f26590;LLUR-SH;Landesamt für Landwirtschaft, Umwelt und ländliche Räume Schleswig-Holstein
9f7d5766-1db1-46ab-be0d-074919e71f71;LKN.SH;Landesbetrieb für Küstenschutz, Nationalpark und Meeresschutz Schleswig-Holstein
a1da458d-ea7d-415d-bc90-6976c72c6252;Uni-Göttingen;Georg-August-Universität Göttingen
a4ee685f-b75d-47c7-a087-4ca6e603a8fd;GCD;Game Conservancy Deutschland
a7986c63-7312-400c-b53e-4853bb0aae03;TI;Thünen-Institut Bundesforschungsinstitut für Ländliche Räume, Wald und Fischerei
a7ba2e3c-ca2f-4bf0-9132-9df0b723b83b;BfG;Bundesanstalt für Gewässerkunde
a864b182-4295-4c1b-9fb8-afd0ededd8d9;ITAW;Institut für Terrestrische und Aquatische Wildtierforschung
a893e564-0b5f-429c-a112-d0fbae26f292;NPWM;Nationalparkverwaltung Niedersächsisches Wattenmeer
a91adacf-d8b0-4370-be89-f86047be31cb;DBBW;Dokumentations- und Beratungsstelle des Bundes zum Thema Wolf
a95adc45-9209-46b6-ac2a-e3c0d21bbb55;TI;Thünen-Institut Bundesforschungsinstitut für Ländliche Räume, Wald und Fischerei
aa24a453-eab6-4e0d-9ef9-6bb78caa09c0;BfG;Bundesanstalt für Gewässerkunde
ad7f7043-7d12-4fd9-b314-65306c86accf;NLWKN;Niedersächsischer Landesbetrieb für Wasserwirtschaft, Küsten- und Naturschutz
b070fed8-9742-4eb9-85fc-31dd1927229a;LLG;Landesanstalt für Landwirtschaft und Gartenbau Sachsen-Anhalt
b21651cf-e205-4936-8e17-a8ee6ca0745b;NLWKN;Niedersächsischer Landesbetrieb für Wasserwirtschaft, Küsten- und Naturschutz
b25831f3-286f-4276-9c4e-54cc00a1e30d;LKN.SH;Landesbetrieb für Küstenschutz, Nationalpark und Meeresschutz Schleswig-Holstein
b3614210-69ff-4d85-b3eb-3283e42a345a;Senckenberg-Naturkunde;Senckenberg Museum für Naturkunde Görlitz
b38614d4-bfcf-4c06-9cd8-bcf928ac7c27;BfG;Bundesanstalt für Gewässerkunde
b5a52e57-9ee6-4865-ab6a-df2168ccde20;WI;Wetlands International
b6859ef7-5053-41fd-8dae-0405ab2b133f;DBBW;Dokumentations- und Beratungsstelle des Bundes zum Thema Wolf
b73ccade-ce2f-4f32-b15c-baf1ec9d5e3a;AWG-BY;Bayerisches Amt für Waldgenetik
bb97d5f9-aec8-44fd-a298-86dcfc544fb0;JKI-OekolChem;Julius Kühn-Institut Bundesforschungsinstitut für Kulturpflanzen Institut für Ökologische Chemie, Pflanzenanalytik und Vorratsschutz
bbd20242-a595-403b-8e71-f93eaea81ffe;BLAK-FFH;Bund-Länder-Arbeitskreis FFH-Monitoriung & Berichterstattung
bc4c5535-b6dd-4cff-a0c1-d72263cebdbb;LUNG-MV;Landesamt für Umwelt, Naturschutz und Geologie Mecklenburg-Vorpommern
be303895-3ad0-45f1-8fc3-ea660c95e4ee;BLAK-FFH;Bund-Länder-Arbeitskreis FFH-Monitoriung & Berichterstattung
bfc06d29-5412-46f8-aa84-77a53d5c3679;DBBW;Dokumentations- und Beratungsstelle des Bundes zum Thema Wolf
c04d4989-89d7-4abc-9e7c-ba6f79950d48;DBBW;Dokumentations- und Beratungsstelle des Bundes zum Thema Wolf
c067fcf5-35c7-41e8-9b0c-89c7ee5ebc79;VST-Schutzgeb;Verwaltungsstellen der Schutzgebiete
c0b49072-58ad-470c-907f-397f8cc57ee4;NLWKN;Niedersächsischer Landesbetrieb für Wasserwirtschaft, Küsten- und Naturschutz
c4cbf1ef-f377-456a-a753-1b274da8acef;GD-NRW;Geologischer Dienst NRW
c88c6b9d-1d62-471f-bdff-387f01c548a9;BLAK-FFH;Bund-Länder-Arbeitskreis FFH-Monitoriung & Berichterstattung
ce72f0af-e811-41a6-a9b3-ca0fcb9fb7bd;BLAK-FFH;Bund-Länder-Arbeitskreis FFH-Monitoriung & Berichterstattung
ce89d9e6-d3f7-4052-8507-a2d8828eb97f;JKI;Julius Kühn-Institut Bundesforschungsinstitut für Kulturpflanzen
ceb417d3-8955-4e7f-b1ab-4cb50e4df006;BMUV;Bundesministerium für Umwelt, Naturschutz, nukleare Sicherheit und Verbraucherschutz
cfb2cca3-ecc3-4bae-9ae0-ca26444237ec;NLWKN;Niedersächsischer Landesbetrieb für Wasserwirtschaft, Küsten- und Naturschutz
d0be72c8-9d6b-4b1b-86fd-ebaee10a651d;BLAK-FFH;Bund-Länder-Arbeitskreis FFH-Monitoriung & Berichterstattung
d1f24ead-ed9e-42ef-b9de-4a823143f0ca;LLUR-SH;Landesamt für Landwirtschaft, Umwelt und ländliche Räume Schleswig-Holstein
d5090bca-c42e-440d-b4a6-8adf0e04fa2e;VST-Schutzgeb;Verwaltungsstellen der Schutzgebiete
d6d866e5-97a0-457d-af79-062376994a71;TI;Thünen-Institut Bundesforschungsinstitut für Ländliche Räume, Wald und Fischerei
d7eaaa11-a64d-4d5e-8fdd-c9aced361ddb;NLWKN;Niedersächsischer Landesbetrieb für Wasserwirtschaft, Küsten- und Naturschutz
d983b01c-9fea-4817-b4b2-7e3e9d911d38;NLWKN;Niedersächsischer Landesbetrieb für Wasserwirtschaft, Küsten- und Naturschutz
dc738cd2-fdd3-4733-9840-08bf887de04d;NLWKN;Niedersächsischer Landesbetrieb für Wasserwirtschaft, Küsten- und Naturschutz
ddae618b-f9b5-49ac-a074-4ae99b20d29b;LKN.SH;Landesbetrieb für Küstenschutz, Nationalpark und Meeresschutz Schleswig-Holstein
de1e9a86-c765-4d6b-a14a-b6d1076aec47;JKI;Julius Kühn-Institut Bundesforschungsinstitut für Kulturpflanzen
de6c5383-04ec-43ef-a8ab-249b3df3bc40;BLAK-FFH;Bund-Länder-Arbeitskreis FFH-Monitoriung & Berichterstattung
e56cba82-bfce-4851-a5db-1f87fb969ded;BLAK-FFH;Bund-Länder-Arbeitskreis FFH-Monitoriung & Berichterstattung
e621da0a-0ccc-42ce-a981-1323796aae3b;BLAK-FFH;Bund-Länder-Arbeitskreis FFH-Monitoriung & Berichterstattung
e66fb6f7-91c8-49a2-a732-96f4e5ee47e6;BLE-IBV;Informations- und Koordinationszentrum für biologische Vielfalt
e7ef09d8-c5df-4d9c-9737-69ce2e81c3e1;BLAK-FFH;Bund-Länder-Arbeitskreis FFH-Monitoriung & Berichterstattung
e8e142af-a1a3-4250-9316-34d130ec8f84;VST-Schutzgeb;Verwaltungsstellen der Schutzgebiete
e8edaa6d-eed7-40ad-8ff7-82b731f8e0c8;BfG;Bundesanstalt für Gewässerkunde
ed44c5de-2eeb-4c63-bce2-6ecb51e99fb3;Fledermaus-RefST;Landesreferenzstelle für Fledermausschutz Sachsen-Anhalt
efa040e0-12b7-4684-9e5e-f29eb8f2d87a;BLAK-FFH;Bund-Länder-Arbeitskreis FFH-Monitoriung & Berichterstattung
f0815a80-6323-42df-a488-a50844cb38bd;BMUV;Bundesministerium für Umwelt, Naturschutz, nukleare Sicherheit und Verbraucherschutz
f316ae21-b5e2-4c95-b94a-ff68f8894a6b;DBBW;Dokumentations- und Beratungsstelle des Bundes zum Thema Wolf
f8509f6a-a28c-4657-947e-874ac2aa9c13;VST-Schutzgeb;Verwaltungsstellen der Schutzgebiete
f9c20a73-79bb-455a-a469-087cebaa869b;DBBW;Dokumentations- und Beratungsstelle des Bundes zum Thema Wolf
fa3763cc-187b-4836-95d2-fad9525fe843;BLAK-FFH;Bund-Länder-Arbeitskreis FFH-Monitoriung & Berichterstattung
feebbc28-2342-47e4-a366-354de2f98fb5;LAGB;Landesamt für Geologie und Bergwesen Sachsen-Anhalt
00a31df4-6d27-4e33-bee4-c0ec62738b50;LANUV-NRW;Landesamt für Natur, Umwelt und Verbraucherschutz Nordrhein-Westfalen
00c1f9bd-4733-4e89-8496-416fff0dec7e;naturschutzfonds-BB;Stiftung Naturschutzfonds Brandenburg
0180e8fb-7d5d-427b-93d9-11f465ff04fb;NLWKN;Niedersächsischer Landesbetrieb für Wasserwirtschaft, Küsten- und Naturschutz
01adbe57-cab2-4276-818c-b3aced73e62e;LUNG-MV;Landesamt für Umwelt, Naturschutz und Geologie Mecklenburg-Vorpommern
06bd8887-f60e-438c-896c-309a32a29618;AWI;Alfred-Wegener-Institut Helmholtz-Zentrum für Polar- und Meeresforschung
0772a71d-6b13-4a0d-a6ef-513140d5ecc4;IZW;Leibniz-Institut für Zoo- und Wildtierforschung
0a01f707-6222-4a14-a799-6d40ceabd8f9;MEKUN-SH;Ministerium für Energiewende, Klimaschutz, Umwelt und Natur Schleswig-Holstein
0af2666e-a634-427b-914a-9699332d31d4;JKI-PflanzenbBoden;Julius Kühn-Institut Bundesforschungsinstitut für Kulturpflanzen Institut für Pflanzenbau und Bodenkunde
0c0a610c-f9d6-4cd9-8b2a-06b387cb9598;LUNG-MV;Landesamt für Umwelt, Naturschutz und Geologie Mecklenburg-Vorpommern
0c47055a-777e-419f-b50e-706efa095046;LFE;Landeskompetenzzentrum Forst Eberswalde
0cf3cb32-9468-4a9a-bb22-347a90d854c0;LKN.SH;Landesbetrieb für Küstenschutz, Nationalpark und Meeresschutz Schleswig-Holstein
0d7bbfdd-767e-48f8-94f8-e47a9784c67b;BfN;Bundesamt für Naturschutz
0f7b47af-0f88-4d95-94d9-606503ed44ac;IZW;Leibniz-Institut für Zoo- und Wildtierforschung
11fdf7df-b27c-499c-98bc-862cfae44470;LLG;Landesanstalt für Landwirtschaft und Gartenbau Sachsen-Anhalt
12215906-fda8-4b25-853f-fff60cc6d878;NPWM;Nationalparkverwaltung Niedersächsisches Wattenmeer
124e26d7-f886-4c9c-8a1a-408a4d569261;Senckenberg-Naturkunde;Senckenberg Museum für Naturkunde Görlitz
1420faa7-08b1-4feb-bdaf-89fde578fa70;BMUV;Bundesministerium für Umwelt, Naturschutz, nukleare Sicherheit und Verbraucherschutz
169243ef-aa9a-4767-900e-4981f4b39f36;Bingo;Bingo! - Die Umweltlotterie
18587ae6-c6e6-4129-8b9c-152d0e13e6d7;BLAK-FFH;Bund-Länder-Arbeitskreis FFH-Monitoriung & Berichterstattung
1c993682-4f15-4f98-b5fb-a3b448abba2a;Uni-Trier;Universität Trier
1dfb381d-a5ca-4a3c-a938-76640a29ce04;Uni-Trier;Universität Trier
1e00a09a-d82f-429c-91e3-7c223d837fcc;LANUV-NRW;Landesamt für Natur, Umwelt und Verbraucherschutz Nordrhein-Westfalen
1f901170-a2d3-4a78-9bfd-b667c731b916;BfN;Bundesamt für Naturschutz
21510249-a22a-4a5e-a8dd-e58602533e24;LUNG-MV;Landesamt für Umwelt, Naturschutz und Geologie Mecklenburg-Vorpommern
280f0b3e-77d3-4a82-8c71-8ae542c8663b;BMUV;Bundesministerium für Umwelt, Naturschutz, nukleare Sicherheit und Verbraucherschutz
29d29563-9ccb-4e99-aede-b73ff98b5e02;Fledermaus-DD;Fledermausmarkierungszentrale Dresden
2a6b7681-2a97-42b3-b394-43e94b1eb4d5;BLAK-FFH;Bund-Länder-Arbeitskreis FFH-Monitoriung & Berichterstattung
2f86922e-7f17-4b1f-a356-ac2213b9481a;NPWM;Nationalparkverwaltung Niedersächsisches Wattenmeer
301c22b7-5e70-4364-bc02-0cdf64eba8d5;NPWM;Nationalparkverwaltung Niedersächsisches Wattenmeer
30cfdaf7-337f-4ed4-a76b-95356d7ba3ec;JKI;Julius Kühn-Institut Bundesforschungsinstitut für Kulturpflanzen
32ddcf6e-3944-491a-b4e0-23c1555a4627;NPWM;Nationalparkverwaltung Niedersächsisches Wattenmeer
34515994-48c6-4d01-a3e7-995ce486c212;AWI;Alfred-Wegener-Institut Helmholtz-Zentrum für Polar- und Meeresforschung
3961e096-4002-4340-86f6-8175adf3abf8;BMEL;Bundesministerium für Ernährung und Landwirtschaft
40b7979c-7f41-4017-a85f-5e2ab2472a10;Uni-Trier;Universität Trier
4a989cb5-ca6e-46d4-881f-7310816c0768;NPWM;Nationalparkverwaltung Niedersächsisches Wattenmeer
4c209ab4-fd6d-4f19-9182-6ac3925facef;JKI;Julius Kühn-Institut Bundesforschungsinstitut für Kulturpflanzen
4dda530d-8d34-4214-b2b8-fcd7b5536fe1;NPWM;Nationalparkverwaltung Niedersächsisches Wattenmeer
4e287832-22dd-4bcd-b3a1-879b5cda46b5;Uni-Trier;Universität Trier
4f5565da-ef23-40ea-9eb2-1e11c07c5360;NPWM;Nationalparkverwaltung Niedersächsisches Wattenmeer
4f7fc33f-be63-44d8-b900-fcae0a35b0de;Stiftungsland;Stiftung Naturschutz Schleswig-Holstein
50051435-69cf-4b98-a8dd-f9053b0098fd;NMZB;Nationales Monitoringzentrum zur Biodiversität
512c4f28-01a6-4c8e-aedd-d47a0e611437;Uni-Trier;Universität Trier
5256fb1f-6ee2-4db3-a3f6-a6363fc763f6;BfN;Bundesamt für Naturschutz
526ad6e7-6759-4805-ac49-be55987bcba0;JKI-StrategieFolgen;Julius Kühn-Institut Bundesforschungsinstitut für Kulturpflanzen Institut für Strategien und Folgenabschätzung
54fee634-96f5-43b0-8732-551f0a74dc28;IZW;Leibniz-Institut für Zoo- und Wildtierforschung
56af0256-1848-45f0-a912-6a5dafd1d007;NPWM;Nationalparkverwaltung Niedersächsisches Wattenmeer
57953187-dc29-46f0-9ef7-2631a4b4b61c;BfN;Bundesamt für Naturschutz
57968b60-457d-45b7-a053-fde119e8f2db;BLAK-FFH;Bund-Länder-Arbeitskreis FFH-Monitoriung & Berichterstattung
5870b3ba-3007-4a6f-961a-cd018fe16010;BfN;Bundesamt für Naturschutz
5c0c6e8f-9aef-4f14-ad00-812de5fdf2de;suedostruegen;Biosphärenreservatsamt Südost-Rügen
5c2f6148-5efe-4449-90a8-da3864f7fe74;Vogelschutzwarten;Vogelschutzwarte Schleswig-Holstein
5ca85905-6c23-4852-88e2-45e81a7306fb;BfN;Bundesamt für Naturschutz
5d8da353-9653-4485-a977-d02a19e08f94;NPWM;Nationalparkverwaltung Niedersächsisches Wattenmeer
61b44d58-bdee-41a1-b9bd-88f5c78b2e7c;NPWM;Nationalparkverwaltung Niedersächsisches Wattenmeer
66b836fc-9d48-4975-9d04-cda25afeba7b;BfN;Bundesamt für Naturschutz
67bb320b-6467-45f3-b972-cf2ab18a3c51;DMM;Deutsches Meeresmuseum Stralsund
68fe9017-1736-4952-b9b0-e42aca057784;NPWM;Nationalparkverwaltung Niedersächsisches Wattenmeer
6b2a36ac-94ad-4e2d-a0b0-538b1ed5db7c;NLWKN;Niedersächsischer Landesbetrieb für Wasserwirtschaft, Küsten- und Naturschutz
6b87d438-22c2-4e0e-aed1-0bd4b163cdfa;MEKUN-SH;Ministerium für Energiewende, Klimaschutz, Umwelt und Natur Schleswig-Holstein
6b9a3dde-6085-4dd5-bcf4-37a13dba392a;naturschutzfonds-BB;Stiftung Naturschutzfonds Brandenburg
6bb2d678-85a4-4860-a4cc-7b0989e30d56;LKN.SH;Landesbetrieb für Küstenschutz, Nationalpark und Meeresschutz Schleswig-Holstein
6ddb0809-9e9a-4613-85f6-3ef26da41128;BfN;Bundesamt für Naturschutz
70b34181-7572-4049-a9ad-16c2381850c0;JKI-PflSchObst;Julius Kühn-Institut Bundesforschungsinstitut für Kulturpflanzen Institut für Pflanzenschutz in Obst- und Weinbau
71c7d23d-495e-40c6-8e59-daede63f4476;NPWM;Nationalparkverwaltung Niedersächsisches Wattenmeer
71d6622d-ca1a-4856-be02-71d8b9ee6168;AWG-BY;Bayerisches Amt für Waldgenetik
74175851-cff6-433d-ae3a-29193e853a4e;BMEL;Bundesministerium für Ernährung und Landwirtschaft
74d5ca9d-bc79-4c10-9788-dc7323999f41;NPWM;Nationalparkverwaltung Niedersächsisches Wattenmeer
79ec11c2-ee6e-4910-abb8-4d83c128381e;JKI;Julius Kühn-Institut Bundesforschungsinstitut für Kulturpflanzen
7b155d93-6522-43b3-93f3-2f6ec883155b;NLWKN;Niedersächsischer Landesbetrieb für Wasserwirtschaft, Küsten- und Naturschutz
7b7af96a-f65a-49b6-920b-815208d9b49e;Uni-Trier;Universität Trier
81af308b-a8be-433d-83f5-a5663b6ac789;NMZB;Nationales Monitoringzentrum zur Biodiversität
865dd6f2-7664-4cc4-b239-d9fc97273848;Senckenberg-Naturkunde;Senckenberg Museum für Naturkunde Görlitz
89493266-16b5-41b2-b2db-8a730e315c54;NPWM;Nationalparkverwaltung Niedersächsisches Wattenmeer
899eaa3a-b8ba-47de-bbd4-0a154b53a88d;NPWM;Nationalparkverwaltung Niedersächsisches Wattenmeer
8f6bf7e1-a0ec-4529-9432-65cb2128d6d1;NPWM;Nationalparkverwaltung Niedersächsisches Wattenmeer
9129cc95-d4e8-4c59-80d3-8ae80b0d29f4;BfN;Bundesamt für Naturschutz
963dd99b-ccaa-40e3-bd0b-e2f2ac9cb0c6;BMEL;Bundesministerium für Ernährung und Landwirtschaft
9752b5ae-ad60-47d8-88ec-24abfea03436;NLWKN;Niedersächsischer Landesbetrieb für Wasserwirtschaft, Küsten- und Naturschutz
9892e92b-96d0-4593-b566-c8ca7b30f197;BfN;Bundesamt für Naturschutz
9a09b6d5-a408-44b1-872e-2430b3c70f2a;Uni-Trier;Universität Trier
9a1551d5-9b01-4466-8c9e-b3bb0155ece3;Uni-Trier;Universität Trier
9c846459-b069-44b7-b719-359770f26590;NPWM;Nationalparkverwaltung Niedersächsisches Wattenmeer
9f7d5766-1db1-46ab-be0d-074919e71f71;LfU-SH;Landesamt für Umwelt Schleswig-Holstein
a4ee685f-b75d-47c7-a087-4ca6e603a8fd;DJV;Deutscher Jagdverband
a7986c63-7312-400c-b53e-4853bb0aae03;BMEL;Bundesministerium für Ernährung und Landwirtschaft
a864b182-4295-4c1b-9fb8-afd0ededd8d9;Uni-Trier;Universität Trier
a893e564-0b5f-429c-a112-d0fbae26f292;NPWM-HH;Nationalpark Hamburgisches Wattenmeer
a91adacf-d8b0-4370-be89-f86047be31cb;Senckenberg-Naturkunde;Senckenberg Museum für Naturkunde Görlitz
a95adc45-9209-46b6-ac2a-e3c0d21bbb55;BMEL;Bundesministerium für Ernährung und Landwirtschaft
ad7f7043-7d12-4fd9-b314-65306c86accf;NPWM;Nationalparkverwaltung Niedersächsisches Wattenmeer
b070fed8-9742-4eb9-85fc-31dd1927229a;NW-FVA;Nordwestdeutsche Forstliche Versuchsanstalt
b21651cf-e205-4936-8e17-a8ee6ca0745b;NPWM;Nationalparkverwaltung Niedersächsisches Wattenmeer
b25831f3-286f-4276-9c4e-54cc00a1e30d;Vogelschutzwarten;Vogelschutzwarte Schleswig-Holstein
b3614210-69ff-4d85-b3eb-3283e42a345a;BMUV;Bundesministerium für Umwelt, Naturschutz, nukleare Sicherheit und Verbraucherschutz
b6859ef7-5053-41fd-8dae-0405ab2b133f;Senckenberg-Naturkunde;Senckenberg Museum für Naturkunde Görlitz
b73ccade-ce2f-4f32-b15c-baf1ec9d5e3a;FVA-BW;Forstliche Versuchs- und Forschungsanstalt Baden-Württemberg
bbd20242-a595-403b-8e71-f93eaea81ffe;BfN;Bundesamt für Naturschutz
bc4c5535-b6dd-4cff-a0c1-d72263cebdbb;BfN;Bundesamt für Naturschutz
be303895-3ad0-45f1-8fc3-ea660c95e4ee;BfN;Bundesamt für Naturschutz
bfc06d29-5412-46f8-aa84-77a53d5c3679;Senckenberg-Naturkunde;Senckenberg Museum für Naturkunde Görlitz
c0b49072-58ad-470c-907f-397f8cc57ee4;NPWM;Nationalparkverwaltung Niedersächsisches Wattenmeer
c88c6b9d-1d62-471f-bdff-387f01c548a9;BfN;Bundesamt für Naturschutz
ce72f0af-e811-41a6-a9b3-ca0fcb9fb7bd;BfN;Bundesamt für Naturschutz
ce89d9e6-d3f7-4052-8507-a2d8828eb97f;JKI-StrategieFolgen;Julius Kühn-Institut Bundesforschungsinstitut für Kulturpflanzen Institut für Strategien und Folgenabschätzung
ceb417d3-8955-4e7f-b1ab-4cb50e4df006;LKN.SH;Landesbetrieb für Küstenschutz, Nationalpark und Meeresschutz Schleswig-Holstein
cfb2cca3-ecc3-4bae-9ae0-ca26444237ec;NPWM;Nationalparkverwaltung Niedersächsisches Wattenmeer
d0be72c8-9d6b-4b1b-86fd-ebaee10a651d;BfN;Bundesamt für Naturschutz
d1f24ead-ed9e-42ef-b9de-4a823143f0ca;BUKEA-HH;Behörde für Umwelt, Klima, Energie und Agrarwirtschaft Hamburg
d6d866e5-97a0-457d-af79-062376994a71;BMEL;Bundesministerium für Ernährung und Landwirtschaft
d7eaaa11-a64d-4d5e-8fdd-c9aced361ddb;NPWM;Nationalparkverwaltung Niedersächsisches Wattenmeer
dc738cd2-fdd3-4733-9840-08bf887de04d;MEKUN-SH;Ministerium für Energiewende, Klimaschutz, Umwelt und Natur Schleswig-Holstein
ddae618b-f9b5-49ac-a074-4ae99b20d29b;NPWM;Nationalparkverwaltung Niedersächsisches Wattenmeer
de1e9a86-c765-4d6b-a14a-b6d1076aec47;JKI-PflSchObst;Julius Kühn-Institut Bundesforschungsinstitut für Kulturpflanzen Institut für Pflanzenschutz in Obst- und Weinbau
de6c5383-04ec-43ef-a8ab-249b3df3bc40;BfN;Bundesamt für Naturschutz
e56cba82-bfce-4851-a5db-1f87fb969ded;BfN;Bundesamt für Naturschutz
e621da0a-0ccc-42ce-a981-1323796aae3b;BfN;Bundesamt für Naturschutz
e7ef09d8-c5df-4d9c-9737-69ce2e81c3e1;BfN;Bundesamt für Naturschutz
ed44c5de-2eeb-4c63-bce2-6ecb51e99fb3;Fledermaus-DD;Fledermausmarkierungszentrale Dresden
efa040e0-12b7-4684-9e5e-f29eb8f2d87a;BfN;Bundesamt für Naturschutz
f316ae21-b5e2-4c95-b94a-ff68f8894a6b;Senckenberg-Naturkunde;Senckenberg Museum für Naturkunde Görlitz
f9c20a73-79bb-455a-a469-087cebaa869b;Senckenberg-Naturkunde;Senckenberg Museum für Naturkunde Görlitz
fa3763cc-187b-4836-95d2-fad9525fe843;BfN;Bundesamt für Naturschutz
feebbc28-2342-47e4-a366-354de2f98fb5;LLG;Landesanstalt für Landwirtschaft und Gartenbau Sachsen-Anhalt
00a31df4-6d27-4e33-bee4-c0ec62738b50;NPWM;Nationalparkverwaltung Niedersächsisches Wattenmeer
00c1f9bd-4733-4e89-8496-416fff0dec7e;Stiftungsland;Stiftung Naturschutz Schleswig-Holstein
0772a71d-6b13-4a0d-a6ef-513140d5ecc4;SFI-PAW;Säugetierkundliches Forschungsinstitut der Polnischen Akademie der Wissenschaften
0a01f707-6222-4a14-a799-6d40ceabd8f9;LKN.SH;Landesbetrieb für Küstenschutz, Nationalpark und Meeresschutz Schleswig-Holstein
0af2666e-a634-427b-914a-9699332d31d4;JKI-StrategieFolgen;Julius Kühn-Institut Bundesforschungsinstitut für Kulturpflanzen Institut für Strategien und Folgenabschätzung
0c0a610c-f9d6-4cd9-8b2a-06b387cb9598;IOW;Leibniz-Institut für Ostseeforschung Warnemünde
0cf3cb32-9468-4a9a-bb22-347a90d854c0;NPWM-SH;Nationalpark Schleswig-Holsteinisches Wattenmeer
0f7b47af-0f88-4d95-94d9-606503ed44ac;SFI-PAW;Säugetierkundliches Forschungsinstitut der Polnischen Akademie der Wissenschaften
11fdf7df-b27c-499c-98bc-862cfae44470;NW-FVA;Nordwestdeutsche Forstliche Versuchsanstalt
12215906-fda8-4b25-853f-fff60cc6d878;AWI;Alfred-Wegener-Institut Helmholtz-Zentrum für Polar- und Meeresforschung
124e26d7-f886-4c9c-8a1a-408a4d569261;IZW;Leibniz-Institut für Zoo- und Wildtierforschung
1351f751-fa94-4440-90f7-25194efa10c1;BfN;Bundesamt für Naturschutz
169243ef-aa9a-4767-900e-4981f4b39f36;Ehrenamt-MV;Ehrenamtsstiftung MV
18587ae6-c6e6-4129-8b9c-152d0e13e6d7;BfN;Bundesamt für Naturschutz
1c993682-4f15-4f98-b5fb-a3b448abba2a;LFE;Landeskompetenzzentrum Forst Eberswalde
1dfb381d-a5ca-4a3c-a938-76640a29ce04;LFE;Landeskompetenzzentrum Forst Eberswalde
1e00a09a-d82f-429c-91e3-7c223d837fcc;NPWM;Nationalparkverwaltung Niedersächsisches Wattenmeer
29d29563-9ccb-4e99-aede-b73ff98b5e02;Fledermaus-BN;Fledermausmarkierungszentrale Bonn
2a6b7681-2a97-42b3-b394-43e94b1eb4d5;BfN;Bundesamt für Naturschutz
30cfdaf7-337f-4ed4-a76b-95356d7ba3ec;BLE-IBV;Informations- und Koordinationszentrum für biologische Vielfalt
36864a43-6bb7-4dbe-8557-c63385634859;NABU-Stiftung;NABU-Stiftung Nationales Naturerbe
3961e096-4002-4340-86f6-8175adf3abf8;BLAG-ForUmV;Bund-Länder-Arbeitsgemeinschaft zur Umsetzung der ForUmV
40b7979c-7f41-4017-a85f-5e2ab2472a10;LFE;Landeskompetenzzentrum Forst Eberswalde
4b5e0f25-aaaa-4994-b4bb-4ab4e008ce68;LKN.SH;Landesbetrieb für Küstenschutz, Nationalpark und Meeresschutz Schleswig-Holstein
4c209ab4-fd6d-4f19-9182-6ac3925facef;BLE-IBV;Informations- und Koordinationszentrum für biologische Vielfalt
4e287832-22dd-4bcd-b3a1-879b5cda46b5;LFE;Landeskompetenzzentrum Forst Eberswalde
4f7fc33f-be63-44d8-b900-fcae0a35b0de;BfN;Bundesamt für Naturschutz
50051435-69cf-4b98-a8dd-f9053b0098fd;BMEL;Bundesministerium für Ernährung und Landwirtschaft
512c4f28-01a6-4c8e-aedd-d47a0e611437;LFE;Landeskompetenzzentrum Forst Eberswalde
5467b5c3-bd86-4f3b-93cc-825d4710a6f4;JKI;Julius Kühn-Institut Bundesforschungsinstitut für Kulturpflanzen
54fee634-96f5-43b0-8732-551f0a74dc28;SFI-PAW;Säugetierkundliches Forschungsinstitut der Polnischen Akademie der Wissenschaften
574cf672-1dd4-4075-97d5-2c8023ce9916;ITAW;Institut für Terrestrische und Aquatische Wildtierforschung
57968b60-457d-45b7-a053-fde119e8f2db;BfN;Bundesamt für Naturschutz
5c0c6e8f-9aef-4f14-ad00-812de5fdf2de;DMM;Deutsches Meeresmuseum Stralsund
5c2f6148-5efe-4449-90a8-da3864f7fe74;NPWM;Nationalparkverwaltung Niedersächsisches Wattenmeer
67bb320b-6467-45f3-b972-cf2ab18a3c51;ITAW;Institut für Terrestrische und Aquatische Wildtierforschung
69f43db5-a3c2-4157-9ee7-6ba381dae91c;LLUR-SH;Landesamt für Landwirtschaft, Umwelt und ländliche Räume Schleswig-Holstein
6b2a36ac-94ad-4e2d-a0b0-538b1ed5db7c;MEKUN-SH;Ministerium für Energiewende, Klimaschutz, Umwelt und Natur Schleswig-Holstein
6b87d438-22c2-4e0e-aed1-0bd4b163cdfa;BUKEA-HH;Behörde für Umwelt, Klima, Energie und Agrarwirtschaft Hamburg
6b9a3dde-6085-4dd5-bcf4-37a13dba392a;Stiftungsland;Stiftung Naturschutz Schleswig-Holstein
6bb2d678-85a4-4860-a4cc-7b0989e30d56;TI;Thünen-Institut Bundesforschungsinstitut für Ländliche Räume, Wald und Fischerei
71d6622d-ca1a-4856-be02-71d8b9ee6168;FVA-BW;Forstliche Versuchs- und Forschungsanstalt Baden-Württemberg
74175851-cff6-433d-ae3a-29193e853a4e;BLAG-ForUmV;Bund-Länder-Arbeitsgemeinschaft zur Umsetzung der ForUmV
79ec11c2-ee6e-4910-abb8-4d83c128381e;BLE-IBV;Informations- und Koordinationszentrum für biologische Vielfalt
7b7af96a-f65a-49b6-920b-815208d9b49e;LFE;Landeskompetenzzentrum Forst Eberswalde
81af308b-a8be-433d-83f5-a5663b6ac789;BMEL;Bundesministerium für Ernährung und Landwirtschaft
865dd6f2-7664-4cc4-b239-d9fc97273848;IZW;Leibniz-Institut für Zoo- und Wildtierforschung
89493266-16b5-41b2-b2db-8a730e315c54;LAVES-NI;Niedersächsisches Landesamt für Verbraucherschutz und Lebensmittelsicherheit
963dd99b-ccaa-40e3-bd0b-e2f2ac9cb0c6;BLAG-ForUmV;Bund-Länder-Arbeitsgemeinschaft zur Umsetzung der ForUmV
9a09b6d5-a408-44b1-872e-2430b3c70f2a;LFE;Landeskompetenzzentrum Forst Eberswalde
9a1551d5-9b01-4466-8c9e-b3bb0155ece3;LFE;Landeskompetenzzentrum Forst Eberswalde
9a3362d3-115d-46d4-8489-a5874acdcd1e;LLUR-SH;Landesamt für Landwirtschaft, Umwelt und ländliche Räume Schleswig-Holstein
9c846459-b069-44b7-b719-359770f26590;NLWKN;Niedersächsischer Landesbetrieb für Wasserwirtschaft, Küsten- und Naturschutz
9f7d5766-1db1-46ab-be0d-074919e71f71;NPWM;Nationalparkverwaltung Niedersächsisches Wattenmeer
a7986c63-7312-400c-b53e-4853bb0aae03;BLAG-ForUmV;Bund-Länder-Arbeitsgemeinschaft zur Umsetzung der ForUmV
a864b182-4295-4c1b-9fb8-afd0ededd8d9;LFE;Landeskompetenzzentrum Forst Eberswalde
a91adacf-d8b0-4370-be89-f86047be31cb;IZW;Leibniz-Institut für Zoo- und Wildtierforschung
a95adc45-9209-46b6-ac2a-e3c0d21bbb55;BLAG-ForUmV;Bund-Länder-Arbeitsgemeinschaft zur Umsetzung der ForUmV
ad7f7043-7d12-4fd9-b314-65306c86accf;LAVES-NI;Niedersächsisches Landesamt für Verbraucherschutz und Lebensmittelsicherheit
b21651cf-e205-4936-8e17-a8ee6ca0745b;LAVES-NI;Niedersächsisches Landesamt für Verbraucherschutz und Lebensmittelsicherheit
b25831f3-286f-4276-9c4e-54cc00a1e30d;NPWM;Nationalparkverwaltung Niedersächsisches Wattenmeer
b6859ef7-5053-41fd-8dae-0405ab2b133f;IZW;Leibniz-Institut für Zoo- und Wildtierforschung
b73ccade-ce2f-4f32-b15c-baf1ec9d5e3a;LFE;Landeskompetenzzentrum Forst Eberswalde
bc4c5535-b6dd-4cff-a0c1-d72263cebdbb;Nationalparkämter;Nationalparkämter
bfc06d29-5412-46f8-aa84-77a53d5c3679;IZW;Leibniz-Institut für Zoo- und Wildtierforschung
ce89d9e6-d3f7-4052-8507-a2d8828eb97f;JKI-PflSchAcker;Julius Kühn-Institut Bundesforschungsinstitut für Kulturpflanzen Institut für Pflanzenschutz in Ackerbau und Grünland
ceb417d3-8955-4e7f-b1ab-4cb50e4df006;NPWM;Nationalparkverwaltung Niedersächsisches Wattenmeer
d1f24ead-ed9e-42ef-b9de-4a823143f0ca;NPWM;Nationalpark Wattenmeer
d6d866e5-97a0-457d-af79-062376994a71;BLAG-ForUmV;Bund-Länder-Arbeitsgemeinschaft zur Umsetzung der ForUmV
dc738cd2-fdd3-4733-9840-08bf887de04d;LKN.SH;Landesbetrieb für Küstenschutz, Nationalpark und Meeresschutz Schleswig-Holstein
de1e9a86-c765-4d6b-a14a-b6d1076aec47;JKI-Bienen;Julius Kühn-Institut Bundesforschungsinstitut für Kulturpflanzen Institut für Bienenschutz
ed44c5de-2eeb-4c63-bce2-6ecb51e99fb3;Fledermaus-BN;Fledermausmarkierungszentrale Bonn
f316ae21-b5e2-4c95-b94a-ff68f8894a6b;IZW;Leibniz-Institut für Zoo- und Wildtierforschung
f9c20a73-79bb-455a-a469-087cebaa869b;IZW;Leibniz-Institut für Zoo- und Wildtierforschung
feebbc28-2342-47e4-a366-354de2f98fb5;NW-FVA;Nordwestdeutsche Forstliche Versuchsanstalt
00a31df4-6d27-4e33-bee4-c0ec62738b50;NLWKN;Niedersächsischer Landesbetrieb für Wasserwirtschaft, Küsten- und Naturschutz
00c1f9bd-4733-4e89-8496-416fff0dec7e;BfN;Bundesamt für Naturschutz
0a01f707-6222-4a14-a799-6d40ceabd8f9;BUKEA-HH;Behörde für Umwelt, Klima, Energie und Agrarwirtschaft Hamburg
0cf3cb32-9468-4a9a-bb22-347a90d854c0;NPWM;Nationalparkverwaltung Niedersächsisches Wattenmeer
0d7bbfdd-767e-48f8-94f8-e47a9784c67b;PAN;Planungsbüro für angewandten Naturschutz GmbH
12215906-fda8-4b25-853f-fff60cc6d878;IfAÖ;Institut für Angewandte Ökosystemforschung
124e26d7-f886-4c9c-8a1a-408a4d569261;LUPUS;LUPUS Insititut für Wolfsmonitoring und -forschung in Deutschland
169243ef-aa9a-4767-900e-4981f4b39f36;Feuchtgebiete;Stiftung Feuchtgebiete
1e00a09a-d82f-429c-91e3-7c223d837fcc;NLWKN;Niedersächsischer Landesbetrieb für Wasserwirtschaft, Küsten- und Naturschutz
1f901170-a2d3-4a78-9bfd-b667c731b916;PAN;Planungsbüro für angewandten Naturschutz GmbH
36864a43-6bb7-4dbe-8557-c63385634859;SUCCOW;Michael Succow Stiftung
4b5e0f25-aaaa-4994-b4bb-4ab4e008ce68;NPWM;Nationalparkverwaltung Niedersächsisches Wattenmeer
4f7fc33f-be63-44d8-b900-fcae0a35b0de;SUNK;Stiftung Umwelt, Natur- und Klimaschutz des Landes Sachsen-Anhalt
50051435-69cf-4b98-a8dd-f9053b0098fd;LWF-BY;Bayerische Landesanstalt für Wald und Forstwirtschaft
5256fb1f-6ee2-4db3-a3f6-a6363fc763f6;PAN;Planungsbüro für angewandten Naturschutz GmbH
57953187-dc29-46f0-9ef7-2631a4b4b61c;PAN;Planungsbüro für angewandten Naturschutz GmbH
5870b3ba-3007-4a6f-961a-cd018fe16010;PAN;Planungsbüro für angewandten Naturschutz GmbH
5c2f6148-5efe-4449-90a8-da3864f7fe74;NPWM-HH;Nationalpark Hamburgisches Wattenmeer
5ca85905-6c23-4852-88e2-45e81a7306fb;PAN;Planungsbüro für angewandten Naturschutz GmbH
66b836fc-9d48-4975-9d04-cda25afeba7b;PAN;Planungsbüro für angewandten Naturschutz GmbH
69f43db5-a3c2-4157-9ee7-6ba381dae91c;LUNG-MV;Landesamt für Umwelt, Naturschutz und Geologie Mecklenburg-Vorpommern
6b2a36ac-94ad-4e2d-a0b0-538b1ed5db7c;LLUR-SH;Landesamt für Landwirtschaft, Umwelt und ländliche Räume Schleswig-Holstein
6b87d438-22c2-4e0e-aed1-0bd4b163cdfa;NPWM;Nationalpark Wattenmeer
6b9a3dde-6085-4dd5-bcf4-37a13dba392a;BfN;Bundesamt für Naturschutz
6ddb0809-9e9a-4613-85f6-3ef26da41128;PAN;Planungsbüro für angewandten Naturschutz GmbH
71d6622d-ca1a-4856-be02-71d8b9ee6168;LFE;Landeskompetenzzentrum Forst Eberswalde
81af308b-a8be-433d-83f5-a5663b6ac789;LWF-BY;Bayerische Landesanstalt für Wald und Forstwirtschaft
865dd6f2-7664-4cc4-b239-d9fc97273848;LKN.SH;Landesbetrieb für Küstenschutz, Nationalpark und Meeresschutz Schleswig-Holstein
89493266-16b5-41b2-b2db-8a730e315c54;LKN.SH;Landesbetrieb für Küstenschutz, Nationalpark und Meeresschutz Schleswig-Holstein
9129cc95-d4e8-4c59-80d3-8ae80b0d29f4;PAN;Planungsbüro für angewandten Naturschutz GmbH
9892e92b-96d0-4593-b566-c8ca7b30f197;PAN;Planungsbüro für angewandten Naturschutz GmbH
9a3362d3-115d-46d4-8489-a5874acdcd1e;LUNG-MV;Landesamt für Umwelt, Naturschutz und Geologie Mecklenburg-Vorpommern
9f7d5766-1db1-46ab-be0d-074919e71f71;NLWKN;Niedersächsischer Landesbetrieb für Wasserwirtschaft, Küsten- und Naturschutz
a91adacf-d8b0-4370-be89-f86047be31cb;LUPUS;LUPUS Insititut für Wolfsmonitoring und -forschung in Deutschland
ad7f7043-7d12-4fd9-b314-65306c86accf;LKN.SH;Landesbetrieb für Küstenschutz, Nationalpark und Meeresschutz Schleswig-Holstein
b21651cf-e205-4936-8e17-a8ee6ca0745b;LKN.SH;Landesbetrieb für Küstenschutz, Nationalpark und Meeresschutz Schleswig-Holstein
b25831f3-286f-4276-9c4e-54cc00a1e30d;NPWM-HH;Nationalpark Hamburgisches Wattenmeer
b6859ef7-5053-41fd-8dae-0405ab2b133f;LUPUS;LUPUS Insititut für Wolfsmonitoring und -forschung in Deutschland
b73ccade-ce2f-4f32-b15c-baf1ec9d5e3a;LFOA-MV;Landesforst Mecklenburg-Vorpommern
bbd20242-a595-403b-8e71-f93eaea81ffe;PAN;Planungsbüro für angewandten Naturschutz GmbH
bc4c5535-b6dd-4cff-a0c1-d72263cebdbb;DMM;Deutsches Meeresmuseum Stralsund
be303895-3ad0-45f1-8fc3-ea660c95e4ee;PAN;Planungsbüro für angewandten Naturschutz GmbH
bfc06d29-5412-46f8-aa84-77a53d5c3679;LUPUS;LUPUS Insititut für Wolfsmonitoring und -forschung in Deutschland
c88c6b9d-1d62-471f-bdff-387f01c548a9;PAN;Planungsbüro für angewandten Naturschutz GmbH
ce72f0af-e811-41a6-a9b3-ca0fcb9fb7bd;PAN;Planungsbüro für angewandten Naturschutz GmbH
ce89d9e6-d3f7-4052-8507-a2d8828eb97f;JKI-PflSchObst;Julius Kühn-Institut Bundesforschungsinstitut für Kulturpflanzen Institut für Pflanzenschutz in Obst- und Weinbau
d0be72c8-9d6b-4b1b-86fd-ebaee10a651d;PAN;Planungsbüro für angewandten Naturschutz GmbH
dc738cd2-fdd3-4733-9840-08bf887de04d;BUKEA-HH;Behörde für Umwelt, Klima, Energie und Agrarwirtschaft Hamburg
de6c5383-04ec-43ef-a8ab-249b3df3bc40;PAN;Planungsbüro für angewandten Naturschutz GmbH
e56cba82-bfce-4851-a5db-1f87fb969ded;PAN;Planungsbüro für angewandten Naturschutz GmbH
e621da0a-0ccc-42ce-a981-1323796aae3b;PAN;Planungsbüro für angewandten Naturschutz GmbH
e7ef09d8-c5df-4d9c-9737-69ce2e81c3e1;PAN;Planungsbüro für angewandten Naturschutz GmbH
efa040e0-12b7-4684-9e5e-f29eb8f2d87a;PAN;Planungsbüro für angewandten Naturschutz GmbH
f316ae21-b5e2-4c95-b94a-ff68f8894a6b;LUPUS;LUPUS Insititut für Wolfsmonitoring und -forschung in Deutschland
f9c20a73-79bb-455a-a469-087cebaa869b;LUPUS;LUPUS Insititut für Wolfsmonitoring und -forschung in Deutschland
fa3763cc-187b-4836-95d2-fad9525fe843;PAN;Planungsbüro für angewandten Naturschutz GmbH
00c1f9bd-4733-4e89-8496-416fff0dec7e;SUNK;Stiftung Umwelt, Natur- und Klimaschutz des Landes Sachsen-Anhalt
0a01f707-6222-4a14-a799-6d40ceabd8f9;NPWM;Nationalparkverwaltung Niedersächsisches Wattenmeer
0cf3cb32-9468-4a9a-bb22-347a90d854c0;NPWM-HH;Nationalpark Hamburgisches Wattenmeer
0d7bbfdd-767e-48f8-94f8-e47a9784c67b;Uni-Münster;Universität Münster
124e26d7-f886-4c9c-8a1a-408a4d569261;BMUV;Bundesministerium für Umwelt, Naturschutz, nukleare Sicherheit und Verbraucherschutz
1351f751-fa94-4440-90f7-25194efa10c1;PAN;Planungsbüro für angewandten Naturschutz GmbH
18587ae6-c6e6-4129-8b9c-152d0e13e6d7;PAN;Planungsbüro für angewandten Naturschutz GmbH
1f901170-a2d3-4a78-9bfd-b667c731b916;Uni-Münster;Universität Münster
2a6b7681-2a97-42b3-b394-43e94b1eb4d5;PAN;Planungsbüro für angewandten Naturschutz GmbH
4b5e0f25-aaaa-4994-b4bb-4ab4e008ce68;NPWM-HH;Nationalpark Hamburgisches Wattenmeer
4f7fc33f-be63-44d8-b900-fcae0a35b0de;NRW-Stiftung;Nordrhein-Westfalen-Stiftung Naturschutz, Heimat- und Kulturpflege
5256fb1f-6ee2-4db3-a3f6-a6363fc763f6;Uni-Münster;Universität Münster
574cf672-1dd4-4075-97d5-2c8023ce9916;BMUV;Bundesministerium für Umwelt, Naturschutz, nukleare Sicherheit und Verbraucherschutz
57953187-dc29-46f0-9ef7-2631a4b4b61c;Uni-Münster;Universität Münster
57968b60-457d-45b7-a053-fde119e8f2db;PAN;Planungsbüro für angewandten Naturschutz GmbH
5870b3ba-3007-4a6f-961a-cd018fe16010;Uni-Münster;Universität Münster
5ca85905-6c23-4852-88e2-45e81a7306fb;Uni-Münster;Universität Münster
66b836fc-9d48-4975-9d04-cda25afeba7b;Uni-Münster;Universität Münster
67bb320b-6467-45f3-b972-cf2ab18a3c51;BMUV;Bundesministerium für Umwelt, Naturschutz, nukleare Sicherheit und Verbraucherschutz
6b2a36ac-94ad-4e2d-a0b0-538b1ed5db7c;BUKEA-HH;Behörde für Umwelt, Klima, Energie und Agrarwirtschaft Hamburg
6b9a3dde-6085-4dd5-bcf4-37a13dba392a;SUNK;Stiftung Umwelt, Natur- und Klimaschutz des Landes Sachsen-Anhalt
6ddb0809-9e9a-4613-85f6-3ef26da41128;Uni-Münster;Universität Münster
71d6622d-ca1a-4856-be02-71d8b9ee6168;LFOA-MV;Landesforst Mecklenburg-Vorpommern
865dd6f2-7664-4cc4-b239-d9fc97273848;BMUV;Bundesministerium für Umwelt, Naturschutz, nukleare Sicherheit und Verbraucherschutz
9129cc95-d4e8-4c59-80d3-8ae80b0d29f4;Uni-Münster;Universität Münster
9892e92b-96d0-4593-b566-c8ca7b30f197;Uni-Münster;Universität Münster
a91adacf-d8b0-4370-be89-f86047be31cb;BMUV;Bundesministerium für Umwelt, Naturschutz, nukleare Sicherheit und Verbraucherschutz
b6859ef7-5053-41fd-8dae-0405ab2b133f;BMUV;Bundesministerium für Umwelt, Naturschutz, nukleare Sicherheit und Verbraucherschutz
b73ccade-ce2f-4f32-b15c-baf1ec9d5e3a;NW-FVA;Nordwestdeutsche Forstliche Versuchsanstalt
bbd20242-a595-403b-8e71-f93eaea81ffe;Uni-Münster;Universität Münster
be303895-3ad0-45f1-8fc3-ea660c95e4ee;Uni-Münster;Universität Münster
bfc06d29-5412-46f8-aa84-77a53d5c3679;BMUV;Bundesministerium für Umwelt, Naturschutz, nukleare Sicherheit und Verbraucherschutz
c88c6b9d-1d62-471f-bdff-387f01c548a9;Uni-Münster;Universität Münster
ce72f0af-e811-41a6-a9b3-ca0fcb9fb7bd;Uni-Münster;Universität Münster
d0be72c8-9d6b-4b1b-86fd-ebaee10a651d;Uni-Münster;Universität Münster
dc738cd2-fdd3-4733-9840-08bf887de04d;NPWM;Nationalparkverwaltung Niedersächsisches Wattenmeer
de6c5383-04ec-43ef-a8ab-249b3df3bc40;Uni-Münster;Universität Münster
e56cba82-bfce-4851-a5db-1f87fb969ded;Uni-Münster;Universität Münster
e621da0a-0ccc-42ce-a981-1323796aae3b;Uni-Münster;Universität Münster
e7ef09d8-c5df-4d9c-9737-69ce2e81c3e1;Uni-Münster;Universität Münster
efa040e0-12b7-4684-9e5e-f29eb8f2d87a;Uni-Münster;Universität Münster
f316ae21-b5e2-4c95-b94a-ff68f8894a6b;BMUV;Bundesministerium für Umwelt, Naturschutz, nukleare Sicherheit und Verbraucherschutz
f9c20a73-79bb-455a-a469-087cebaa869b;BMUV;Bundesministerium für Umwelt, Naturschutz, nukleare Sicherheit und Verbraucherschutz
fa3763cc-187b-4836-95d2-fad9525fe843;Uni-Münster;Universität Münster
00c1f9bd-4733-4e89-8496-416fff0dec7e;NRW-Stiftung;Nordrhein-Westfalen-Stiftung Naturschutz, Heimat- und Kulturpflege
0a01f707-6222-4a14-a799-6d40ceabd8f9;NPWM-SH;Nationalpark Schleswig-Holsteinisches Wattenmeer
0cf3cb32-9468-4a9a-bb22-347a90d854c0;BfN;Bundesamt für Naturschutz
0d7bbfdd-767e-48f8-94f8-e47a9784c67b;BMUV;Bundesministerium für Umwelt, Naturschutz, nukleare Sicherheit und Verbraucherschutz
1351f751-fa94-4440-90f7-25194efa10c1;Uni-Münster;Universität Münster
18587ae6-c6e6-4129-8b9c-152d0e13e6d7;Uni-Münster;Universität Münster
1f901170-a2d3-4a78-9bfd-b667c731b916;BMUV;Bundesministerium für Umwelt, Naturschutz, nukleare Sicherheit und Verbraucherschutz
2a6b7681-2a97-42b3-b394-43e94b1eb4d5;Uni-Münster;Universität Münster
36864a43-6bb7-4dbe-8557-c63385634859;Stiftungsland;Stiftung Naturschutz Schleswig-Holstein
4b5e0f25-aaaa-4994-b4bb-4ab4e008ce68;LAVES-NI;Niedersächsisches Landesamt für Verbraucherschutz und Lebensmittelsicherheit
5256fb1f-6ee2-4db3-a3f6-a6363fc763f6;BMUV;Bundesministerium für Umwelt, Naturschutz, nukleare Sicherheit und Verbraucherschutz
57953187-dc29-46f0-9ef7-2631a4b4b61c;BMUV;Bundesministerium für Umwelt, Naturschutz, nukleare Sicherheit und Verbraucherschutz
57968b60-457d-45b7-a053-fde119e8f2db;Uni-Münster;Universität Münster
5870b3ba-3007-4a6f-961a-cd018fe16010;BMUV;Bundesministerium für Umwelt, Naturschutz, nukleare Sicherheit und Verbraucherschutz
5ca85905-6c23-4852-88e2-45e81a7306fb;BMUV;Bundesministerium für Umwelt, Naturschutz, nukleare Sicherheit und Verbraucherschutz
66b836fc-9d48-4975-9d04-cda25afeba7b;BMUV;Bundesministerium für Umwelt, Naturschutz, nukleare Sicherheit und Verbraucherschutz
6b2a36ac-94ad-4e2d-a0b0-538b1ed5db7c;NPWM;Nationalpark Wattenmeer
6b9a3dde-6085-4dd5-bcf4-37a13dba392a;NRW-Stiftung;Nordrhein-Westfalen-Stiftung Naturschutz, Heimat- und Kulturpflege
6ddb0809-9e9a-4613-85f6-3ef26da41128;BMUV;Bundesministerium für Umwelt, Naturschutz, nukleare Sicherheit und Verbraucherschutz
71d6622d-ca1a-4856-be02-71d8b9ee6168;NW-FVA;Nordwestdeutsche Forstliche Versuchsanstalt
9129cc95-d4e8-4c59-80d3-8ae80b0d29f4;BMUV;Bundesministerium für Umwelt, Naturschutz, nukleare Sicherheit und Verbraucherschutz
9892e92b-96d0-4593-b566-c8ca7b30f197;BMUV;Bundesministerium für Umwelt, Naturschutz, nukleare Sicherheit und Verbraucherschutz
b73ccade-ce2f-4f32-b15c-baf1ec9d5e3a;FAWF-RLP;Forschungsanstalt für Waldökologie und Forstwirtschaft Rheinland-Pfalz
bbd20242-a595-403b-8e71-f93eaea81ffe;BMUV;Bundesministerium für Umwelt, Naturschutz, nukleare Sicherheit und Verbraucherschutz
be303895-3ad0-45f1-8fc3-ea660c95e4ee;BMUV;Bundesministerium für Umwelt, Naturschutz, nukleare Sicherheit und Verbraucherschutz
c88c6b9d-1d62-471f-bdff-387f01c548a9;BMUV;Bundesministerium für Umwelt, Naturschutz, nukleare Sicherheit und Verbraucherschutz
ce72f0af-e811-41a6-a9b3-ca0fcb9fb7bd;BMUV;Bundesministerium für Umwelt, Naturschutz, nukleare Sicherheit und Verbraucherschutz
d0be72c8-9d6b-4b1b-86fd-ebaee10a651d;BMUV;Bundesministerium für Umwelt, Naturschutz, nukleare Sicherheit und Verbraucherschutz
dc738cd2-fdd3-4733-9840-08bf887de04d;NPWM-SH;Nationalpark Schleswig-Holsteinisches Wattenmeer
de6c5383-04ec-43ef-a8ab-249b3df3bc40;BMUV;Bundesministerium für Umwelt, Naturschutz, nukleare Sicherheit und Verbraucherschutz
e56cba82-bfce-4851-a5db-1f87fb969ded;BMUV;Bundesministerium für Umwelt, Naturschutz, nukleare Sicherheit und Verbraucherschutz
e621da0a-0ccc-42ce-a981-1323796aae3b;BMUV;Bundesministerium für Umwelt, Naturschutz, nukleare Sicherheit und Verbraucherschutz
e7ef09d8-c5df-4d9c-9737-69ce2e81c3e1;BMUV;Bundesministerium für Umwelt, Naturschutz, nukleare Sicherheit und Verbraucherschutz
efa040e0-12b7-4684-9e5e-f29eb8f2d87a;BMUV;Bundesministerium für Umwelt, Naturschutz, nukleare Sicherheit und Verbraucherschutz
fa3763cc-187b-4836-95d2-fad9525fe843;BMUV;Bundesministerium für Umwelt, Naturschutz, nukleare Sicherheit und Verbraucherschutz
1351f751-fa94-4440-90f7-25194efa10c1;BMUV;Bundesministerium für Umwelt, Naturschutz, nukleare Sicherheit und Verbraucherschutz
18587ae6-c6e6-4129-8b9c-152d0e13e6d7;BMUV;Bundesministerium für Umwelt, Naturschutz, nukleare Sicherheit und Verbraucherschutz
2a6b7681-2a97-42b3-b394-43e94b1eb4d5;BMUV;Bundesministerium für Umwelt, Naturschutz, nukleare Sicherheit und Verbraucherschutz
36864a43-6bb7-4dbe-8557-c63385634859;naturschutzfonds-BB;Stiftung Naturschutzfonds Brandenburg
4f7fc33f-be63-44d8-b900-fcae0a35b0de;Bingo;Bingo! - Die Umweltlotterie
57968b60-457d-45b7-a053-fde119e8f2db;BMUV;Bundesministerium für Umwelt, Naturschutz, nukleare Sicherheit und Verbraucherschutz
71d6622d-ca1a-4856-be02-71d8b9ee6168;FAWF-RLP;Forschungsanstalt für Waldökologie und Forstwirtschaft Rheinland-Pfalz
b73ccade-ce2f-4f32-b15c-baf1ec9d5e3a;Sachsenforst;Staatsbetrieb Sachsenforst
00c1f9bd-4733-4e89-8496-416fff0dec7e;Bingo;Bingo! - Die Umweltlotterie
36864a43-6bb7-4dbe-8557-c63385634859;WWF;WWF Deutschland
4f7fc33f-be63-44d8-b900-fcae0a35b0de;NUE-Stiftung;Norddeutsche Stiftung für Umwelt und Entwicklung
6b9a3dde-6085-4dd5-bcf4-37a13dba392a;Bingo;Bingo! - Die Umweltlotterie
71d6622d-ca1a-4856-be02-71d8b9ee6168;Sachsenforst;Staatsbetrieb Sachsenforst
b73ccade-ce2f-4f32-b15c-baf1ec9d5e3a;ThüringenForst;ThüringenForst
00c1f9bd-4733-4e89-8496-416fff0dec7e;NUE-Stiftung;Norddeutsche Stiftung für Umwelt und Entwicklung
36864a43-6bb7-4dbe-8557-c63385634859;BfN;Bundesamt für Naturschutz
4f7fc33f-be63-44d8-b900-fcae0a35b0de;VSK;Vogelschutz-Komitee e.V.
6b9a3dde-6085-4dd5-bcf4-37a13dba392a;NUE-Stiftung;Norddeutsche Stiftung für Umwelt und Entwicklung
71d6622d-ca1a-4856-be02-71d8b9ee6168;ThüringenForst;ThüringenForst
b73ccade-ce2f-4f32-b15c-baf1ec9d5e3a;ISOGEN;ISOGEN
00c1f9bd-4733-4e89-8496-416fff0dec7e;VSK;Vogelschutz-Komitee e.V.
36864a43-6bb7-4dbe-8557-c63385634859;LfU-BB;Landesamt für Umwelt Brandenburg
4f7fc33f-be63-44d8-b900-fcae0a35b0de;Sielmann-Stiftung;Heinz Sielmann Stiftung
6b9a3dde-6085-4dd5-bcf4-37a13dba392a;VSK;Vogelschutz-Komitee e.V.
71d6622d-ca1a-4856-be02-71d8b9ee6168;ISOGEN;ISOGEN
b73ccade-ce2f-4f32-b15c-baf1ec9d5e3a;TI;Thünen-Institut Bundesforschungsinstitut für Ländliche Räume, Wald und Fischerei
00c1f9bd-4733-4e89-8496-416fff0dec7e;Sielmann-Stiftung;Heinz Sielmann Stiftung
36864a43-6bb7-4dbe-8557-c63385634859;BIMA;Bundesanstalt für Immobilienaufgaben
6b9a3dde-6085-4dd5-bcf4-37a13dba392a;Sielmann-Stiftung;Heinz Sielmann Stiftung
71d6622d-ca1a-4856-be02-71d8b9ee6168;TI;Thünen-Institut Bundesforschungsinstitut für Ländliche Räume, Wald und Fischerei
36864a43-6bb7-4dbe-8557-c63385634859;FZS;Zoologische Gesellschaft Frankfurt
00a31df4-6d27-4e33-bee4-c0ec62738b50;CWSS;Gemeinsames Wattenmeersekretariat
00c1f9bd-4733-4e89-8496-416fff0dec7e;DDA;Dachverband Deutscher Avifaunisten
0180e8fb-7d5d-427b-93d9-11f465ff04fb;CWSS;Gemeinsames Wattenmeersekretariat
06b7796b-d1b6-4b93-bbc9-cd445d21540e;LBEG-NI;Landesamt für Bergbau, Energie und Geologie Niedersachsen
06bd8887-f60e-438c-896c-309a32a29618;CWSS;Gemeinsames Wattenmeersekretariat
0772a71d-6b13-4a0d-a6ef-513140d5ecc4;Uni-Freiburg;Albert-Ludwigs-Universität Freiburg
0a01f707-6222-4a14-a799-6d40ceabd8f9;CWSS;Gemeinsames Wattenmeersekretariat
0af2666e-a634-427b-914a-9699332d31d4;TI;Thünen-Institut Bundesforschungsinstitut für Ländliche Räume, Wald und Fischerei
0c0a610c-f9d6-4cd9-8b2a-06b387cb9598;HELCOM;Helsinki-Kommission
0c47055a-777e-419f-b50e-706efa095046;DJV;Deutscher Jagdverband
0cf3cb32-9468-4a9a-bb22-347a90d854c0;DMM;Deutsches Meeresmuseum Stralsund
0dc6234b-eadb-4250-9c18-344e16f3f6a9;NLWKN;Niedersächsischer Landesbetrieb für Wasserwirtschaft, Küsten- und Naturschutz
0f7b47af-0f88-4d95-94d9-606503ed44ac;Uni-Freiburg;Albert-Ludwigs-Universität Freiburg
11fdf7df-b27c-499c-98bc-862cfae44470;LAU-ST;Landesamt für Umweltschutz Sachsen-Anhalt
13e462ea-29cf-4dd8-baee-0460dcdaa67e;LANUV-NRW;Landesamt für Natur, Umwelt und Verbraucherschutz Nordrhein-Westfalen
1420faa7-08b1-4feb-bdaf-89fde578fa70;BUND;Bund für Umwelt- und Naturschutz Deutschland
147b7a43-0297-4406-a09a-a01141a1b8f2;DDA;Dachverband Deutscher Avifaunisten
169243ef-aa9a-4767-900e-4981f4b39f36;NABU-AGKranich;Arbeitsgemeinschaft des NABU Kranichschutz Deutschland
17ca3bfb-89f8-4b6d-84b5-d5a0807b4ba4;LAWA;Länder-Arbeitsgemeinschaft Wasser
19e44e1b-a3f9-413a-9538-312df8acf93b;LfL-BY;Bayerische Landesanstalt für Landwirtschaft
1c993682-4f15-4f98-b5fb-a3b448abba2a;DJV;Deutscher Jagdverband
1dfb381d-a5ca-4a3c-a938-76640a29ce04;DJV;Deutscher Jagdverband
1e00a09a-d82f-429c-91e3-7c223d837fcc;CWSS;Gemeinsames Wattenmeersekretariat
226a7203-ca30-4c86-bd7b-2ef2ec27ed7d;BfN;Bundesamt für Naturschutz
280f0b3e-77d3-4a82-8c71-8ae542c8663b;BUND;Bund für Umwelt- und Naturschutz Deutschland
2bce6b46-fc40-4725-b050-14b9b58932c3;DDA;Dachverband Deutscher Avifaunisten
2f86922e-7f17-4b1f-a356-ac2213b9481a;CWSS;Gemeinsames Wattenmeersekretariat
2fdd1212-14a7-4305-ba25-007454adfe0e;NNL;Nationale Naturlandschaften e.V.
301c22b7-5e70-4364-bc02-0cdf64eba8d5;CWSS;Gemeinsames Wattenmeersekretariat
3099130b-85c5-4903-ac49-a346adccbb2e;DDA;Dachverband Deutscher Avifaunisten
31b4a1bc-e744-4b1d-b237-8f7000dd7b29;JKI;Julius Kühn-Institut Bundesforschungsinstitut für Kulturpflanzen
328f5d50-54f5-4c43-bbd3-ad521e2ebeac;DDA;Dachverband Deutscher Avifaunisten
32ddcf6e-3944-491a-b4e0-23c1555a4627;CWSS;Gemeinsames Wattenmeersekretariat
34515994-48c6-4d01-a3e7-995ce486c212;CWSS;Gemeinsames Wattenmeersekretariat
36864a43-6bb7-4dbe-8557-c63385634859;David;Naturstiftung David
40b7979c-7f41-4017-a85f-5e2ab2472a10;DJV;Deutscher Jagdverband
49b471ba-aafd-42c9-8b61-b992b449b3fb;DDA;Dachverband Deutscher Avifaunisten
4a989cb5-ca6e-46d4-881f-7310816c0768;CWSS;Gemeinsames Wattenmeersekretariat
4d04f5cb-c107-44bf-97fe-d202dfac153f;TI;Thünen-Institut Bundesforschungsinstitut für Ländliche Räume, Wald und Fischerei
4dda530d-8d34-4214-b2b8-fcd7b5536fe1;CWSS;Gemeinsames Wattenmeersekretariat
4e287832-22dd-4bcd-b3a1-879b5cda46b5;DJV;Deutscher Jagdverband
4f5565da-ef23-40ea-9eb2-1e11c07c5360;CWSS;Gemeinsames Wattenmeersekretariat
50051435-69cf-4b98-a8dd-f9053b0098fd;TI;Thünen-Institut Bundesforschungsinstitut für Ländliche Räume, Wald und Fischerei
512c4f28-01a6-4c8e-aedd-d47a0e611437;DJV;Deutscher Jagdverband
526ad6e7-6759-4805-ac49-be55987bcba0;JKI;Julius Kühn-Institut Bundesforschungsinstitut für Kulturpflanzen
54fee634-96f5-43b0-8732-551f0a74dc28;Uni-Freiburg;Albert-Ludwigs-Universität Freiburg
56af0256-1848-45f0-a912-6a5dafd1d007;CWSS;Gemeinsames Wattenmeersekretariat
583972eb-725c-4805-a301-50dbffe2dacd;LAWA;Länder-Arbeitsgemeinschaft Wasser
59e4bf5d-7d12-42de-9326-78d08c24ebc3;DDA;Dachverband Deutscher Avifaunisten
5b5938c5-2e24-4318-98f1-5708e8d99304;LLUR-SH;Landesamt für Landwirtschaft, Umwelt und ländliche Räume Schleswig-Holstein
5c0c6e8f-9aef-4f14-ad00-812de5fdf2de;LUNG-MV;Landesamt für Umwelt, Naturschutz und Geologie Mecklenburg-Vorpommern
5c2f6148-5efe-4449-90a8-da3864f7fe74;NPWM-SH;Nationalpark Schleswig-Holsteinisches Wattenmeer
5d8da353-9653-4485-a977-d02a19e08f94;NNL;Nationale Naturlandschaften e.V.
61b44d58-bdee-41a1-b9bd-88f5c78b2e7c;CWSS;Gemeinsames Wattenmeersekretariat
620b1688-fa7f-446e-97ed-8c41754d7514;JKI;Julius Kühn-Institut Bundesforschungsinstitut für Kulturpflanzen
68fe9017-1736-4952-b9b0-e42aca057784;CWSS;Gemeinsames Wattenmeersekretariat
69a501a9-4382-47e0-bb0a-e7ad92c22ae7;DDA;Dachverband Deutscher Avifaunisten
6abc4bc5-eaaf-40d3-ac69-0e5cf24fd57c;WI;Wetlands International
6b2a36ac-94ad-4e2d-a0b0-538b1ed5db7c;CWSS;Gemeinsames Wattenmeersekretariat
6b87d438-22c2-4e0e-aed1-0bd4b163cdfa;CWSS;Gemeinsames Wattenmeersekretariat
6bb2d678-85a4-4860-a4cc-7b0989e30d56;CWSS;Gemeinsames Wattenmeersekretariat
70b34181-7572-4049-a9ad-16c2381850c0;JKI-StrategieFolgen;Julius Kühn-Institut Bundesforschungsinstitut für Kulturpflanzen Institut für Strategien und Folgenabschätzung
7134343f-00a7-4c8e-9847-69aed6754a37;LAWA;Länder-Arbeitsgemeinschaft Wasser
71b77839-e8b0-4f5b-a0fb-73a5d18fcc4b;WI;Wetlands International
71c7d23d-495e-40c6-8e59-daede63f4476;CWSS;Gemeinsames Wattenmeersekretariat
74d5ca9d-bc79-4c10-9788-dc7323999f41;CWSS;Gemeinsames Wattenmeersekretariat
77c32581-cd66-40d1-9c53-e46db66441d4;TLUBN;Thüringer Landesamt für Umwelt, Bergbau und Naturschutz
7852aeaf-3996-497b-a2db-ac185d941b44;LBEG-NI;Landesamt für Bergbau, Energie und Geologie Niedersachsen
7b155d93-6522-43b3-93f3-2f6ec883155b;CWSS;Gemeinsames Wattenmeersekretariat
7b7af96a-f65a-49b6-920b-815208d9b49e;DJV;Deutscher Jagdverband
7de11d6b-8b89-4647-a842-d567e0144336;LAWA;Länder-Arbeitsgemeinschaft Wasser
81af308b-a8be-433d-83f5-a5663b6ac789;TI;Thünen-Institut Bundesforschungsinstitut für Ländliche Räume, Wald und Fischerei
850aa3ba-da7a-4a2d-860a-9d0dc183e906;Vogelschutzwarten;Deutsche Vogelschutzwarten
89493266-16b5-41b2-b2db-8a730e315c54;CWSS;Gemeinsames Wattenmeersekretariat
899eaa3a-b8ba-47de-bbd4-0a154b53a88d;CWSS;Gemeinsames Wattenmeersekretariat
8b0c08ef-c5a1-4e34-a04e-576942562a44;LBEG-NI;Landesamt für Bergbau, Energie und Geologie Niedersachsen
8e1cfb5a-06a8-453c-a839-e3b97fb6ddd6;LLUR-SH;Landesamt für Landwirtschaft, Umwelt und ländliche Räume Schleswig-Holstein
8f6bf7e1-a0ec-4529-9432-65cb2128d6d1;CWSS;Gemeinsames Wattenmeersekretariat
90caef7e-320d-404f-82ff-2bd19ac830c6;DDA;Dachverband Deutscher Avifaunisten
91def742-703b-4964-80c7-6b029e386351;LAWA;Länder-Arbeitsgemeinschaft Wasser
9752b5ae-ad60-47d8-88ec-24abfea03436;CWSS;Gemeinsames Wattenmeersekretariat
980c02df-52a6-470d-8c3d-3062fa536220;NNL;Nationale Naturlandschaften e.V.
99d611ee-4ec1-46d4-bb4e-a840f861fbe8;LAWA;Länder-Arbeitsgemeinschaft Wasser
9a09b6d5-a408-44b1-872e-2430b3c70f2a;DJV;Deutscher Jagdverband
9a1551d5-9b01-4466-8c9e-b3bb0155ece3;DJV;Deutscher Jagdverband
9c3f9cbe-4350-480b-95cd-e2eb16e0df7c;UFZ;Helmholtz-Zentrum für Umweltforschung
9c846459-b069-44b7-b719-359770f26590;CWSS;Gemeinsames Wattenmeersekretariat
9d208923-1ab9-4f61-a857-4624e7ed9eab;DDA;Dachverband Deutscher Avifaunisten
9f7d5766-1db1-46ab-be0d-074919e71f71;OSPAR;Oslo-Paris-Kommission
a0353c62-874d-4479-a0f6-4b9f28ba9197;NWO;Nordrhein-Westfälische Ornithologengesellschaft
a1da458d-ea7d-415d-bc90-6976c72c6252;BfN;Bundesamt für Naturschutz
a4ee685f-b75d-47c7-a087-4ca6e603a8fd;MEROS;Förderverein für Ökologie und Monitoring von Greifvogel- und Eulenarten
a7ba2e3c-ca2f-4bf0-9132-9df0b723b83b;LAWA;Länder-Arbeitsgemeinschaft Wasser
a864b182-4295-4c1b-9fb8-afd0ededd8d9;DJV;Deutscher Jagdverband
a893e564-0b5f-429c-a112-d0fbae26f292;CWSS;Gemeinsames Wattenmeersekretariat
a9bd5fa7-ca71-43f1-83fb-ed6e9545f35a;JKI;Julius Kühn-Institut Bundesforschungsinstitut für Kulturpflanzen
a9c9352c-2958-482f-801e-1f985d127691;JKI;Julius Kühn-Institut Bundesforschungsinstitut für Kulturpflanzen
a9d17447-8f28-4f60-93aa-38bb2206a286;DDA;Dachverband Deutscher Avifaunisten
aa24a453-eab6-4e0d-9ef9-6bb78caa09c0;LAWA;Länder-Arbeitsgemeinschaft Wasser
aa699033-8e24-4f74-82a1-472870fbaa3c;TLLLR;Thüringer Landesamt für Landwirtschaft und Ländlichen Raum
aa82115d-1b23-4882-9bfc-e2dca9b12d93;DDA;Dachverband Deutscher Avifaunisten
acae6f73-149f-4e13-83fc-8888ffb4eebd;DDA;Dachverband Deutscher Avifaunisten
ad7f7043-7d12-4fd9-b314-65306c86accf;CWSS;Gemeinsames Wattenmeersekretariat
ad9b905e-4f96-4991-a878-65b0150effc2;TLLLR;Thüringer Landesamt für Landwirtschaft und Ländlichen Raum
b070fed8-9742-4eb9-85fc-31dd1927229a;LAU-ST;Landesamt für Umweltschutz Sachsen-Anhalt
b21651cf-e205-4936-8e17-a8ee6ca0745b;CWSS;Gemeinsames Wattenmeersekretariat
b25831f3-286f-4276-9c4e-54cc00a1e30d;CWSS;Gemeinsames Wattenmeersekretariat
b3614210-69ff-4d85-b3eb-3283e42a345a;BUND;Bund für Umwelt- und Naturschutz Deutschland
b38614d4-bfcf-4c06-9cd8-bcf928ac7c27;LAWA;Länder-Arbeitsgemeinschaft Wasser
b5a52e57-9ee6-4865-ab6a-df2168ccde20;DDA;Dachverband Deutscher Avifaunisten
b8a4aa0d-4d7c-4054-b8dd-a43ee23589e4;DDA;Dachverband Deutscher Avifaunisten
bb97d5f9-aec8-44fd-a298-86dcfc544fb0;JKI;Julius Kühn-Institut Bundesforschungsinstitut für Kulturpflanzen
be2ff42f-2592-4496-9de7-3d9be6ebcc05;DDA;Dachverband Deutscher Avifaunisten
bfc06d29-5412-46f8-aa84-77a53d5c3679;Senckenberg-Wild;Senckenberg Forschungsinstitut und Naturmuseum Frankfurt/M. Zentrum für Wildtiergenetik
c067fcf5-35c7-41e8-9b0c-89c7ee5ebc79;NNL;Nationale Naturlandschaften e.V.
c0b49072-58ad-470c-907f-397f8cc57ee4;CWSS;Gemeinsames Wattenmeersekretariat
c0e0c56a-a194-4867-b2c8-3857e3e22d6f;LLUR-SH;Landesamt für Landwirtschaft, Umwelt und ländliche Räume Schleswig-Holstein
c4cbf1ef-f377-456a-a753-1b274da8acef;LANUV-NRW;Landesamt für Natur, Umwelt und Verbraucherschutz Nordrhein-Westfalen
c658a937-4742-4cb9-8525-960e735f370c;BfN;Bundesamt für Naturschutz
c923b8dd-000e-4726-a8f2-819916c924d1;DDA;Dachverband Deutscher Avifaunisten
c94f4eca-0bf5-49a9-a661-9a96cdf95983;DDA;Dachverband Deutscher Avifaunisten
cfb2cca3-ecc3-4bae-9ae0-ca26444237ec;CWSS;Gemeinsames Wattenmeersekretariat
d1f24ead-ed9e-42ef-b9de-4a823143f0ca;CWSS;Gemeinsames Wattenmeersekretariat
d5090bca-c42e-440d-b4a6-8adf0e04fa2e;NNL;Nationale Naturlandschaften e.V.
d7eaaa11-a64d-4d5e-8fdd-c9aced361ddb;CWSS;Gemeinsames Wattenmeersekretariat
d983b01c-9fea-4817-b4b2-7e3e9d911d38;OSPAR;Oslo-Paris-Kommission
dc738cd2-fdd3-4733-9840-08bf887de04d;CWSS;Gemeinsames Wattenmeersekretariat
dcb186a6-c41f-47eb-aca8-0c655f3a1fb6;BfN;Bundesamt für Naturschutz
ddae618b-f9b5-49ac-a074-4ae99b20d29b;CWSS;Gemeinsames Wattenmeersekretariat
e1078e88-8727-4d1b-b67e-2c068c6da757;TI;Thünen-Institut Bundesforschungsinstitut für Ländliche Räume, Wald und Fischerei
e17330bd-5927-473c-9fe5-65df21809e49;BfN;Bundesamt für Naturschutz
e66fb6f7-91c8-49a2-a732-96f4e5ee47e6;BLE;Bundesanstalt für Landwirtschaft und Ernährung
e8e142af-a1a3-4250-9316-34d130ec8f84;NNL;Nationale Naturlandschaften e.V.
e8edaa6d-eed7-40ad-8ff7-82b731f8e0c8;LAWA;Länder-Arbeitsgemeinschaft Wasser
e9895c93-aa62-4281-a662-56ae909ee793;LfU-BY;Bayerisches Landesamt für Umwelt
ea3e5bf3-7221-48f2-8b6a-b9e08f41da68;DDA;Dachverband Deutscher Avifaunisten
ea503c07-4cd4-4266-8110-117dad7ff30c;DDA;Dachverband Deutscher Avifaunisten
ed2e3359-d7d1-4533-b4ee-8f24b806495f;TI;Thünen-Institut Bundesforschungsinstitut für Ländliche Räume, Wald und Fischerei
f0815a80-6323-42df-a488-a50844cb38bd;DDA;Dachverband Deutscher Avifaunisten
f6e705ac-1f0e-4c2c-8c12-6ac9d43ff064;DDA;Dachverband Deutscher Avifaunisten
f8509f6a-a28c-4657-947e-874ac2aa9c13;NNL;Nationale Naturlandschaften e.V.
fc3070b2-e461-4b79-b3e4-e2e2e3c473ac;DDA;Dachverband Deutscher Avifaunisten
feebbc28-2342-47e4-a366-354de2f98fb5;LAU-ST;Landesamt für Umweltschutz Sachsen-Anhalt
fff930c3-2a5d-4bf7-b773-30b06abae9d9;DDA;Dachverband Deutscher Avifaunisten
0dc6234b-eadb-4250-9c18-344e16f3f6a9;Vogelschutzwarten;Deutsche Vogelschutzwarten
ca4bbe35-99c4-44d5-a0a7-9031d568a490;BMUV;Bundesministerium für Umwelt, Naturschutz, nukleare Sicherheit und Verbraucherschutz
51cacf49-5c83-4a87-8bc9-eecf0e14585a;Senckenberg-Meer;Senckenberg am Meer
0c95b3fa-1c29-429c-8d81-47ceff172ba2;Senckenberg-Meer;Senckenberg am Meer
d4a53599-701e-45e7-ad6b-977c5742415b;TI-SF;Thünen-Institut für Seefischerei
2dc436d6-5679-421e-84db-2ec40b115f55;IOW;Leibniz-Institut für Ostseeforschung Warnemünde
b0921dba-9b3c-4651-82de-c547c3c0b326;IOW;Leibniz-Institut für Ostseeforschung Warnemünde
e848e716-4a15-4c61-a758-8b0158b9b570;NPWM;Nationalparkverwaltung Niedersächsisches Wattenmeer
107ccb55-5a2f-457c-b039-ce8a559b938f;LfU-SH;Landesamt für Umwelt Schleswig-Holstein
279c31bf-3055-4106-b7e4-0aaa290a79a5;SBMS-HB;Senatorin für Bau, Mobilität und Stadtentwicklung Bremen
abb75964-cd58-4970-83c7-724acf26ea01;BUKEA-HH;Behörde für Umwelt, Klima, Energie und Agrarwirtschaft Hamburg
d1614c5e-3fcf-4164-a29a-1baf7f2f56c6;AWI;Alfred-Wegener-Institut Helmholtz-Zentrum für Polar- und Meeresforschung
b151a5eb-12ca-40c2-8d27-0899c0243dbe;AWI;Alfred-Wegener-Institut Helmholtz-Zentrum für Polar- und Meeresforschung
80a73edb-206e-4070-a2da-c1ef20c62dc5;AWI;Alfred-Wegener-Institut Helmholtz-Zentrum für Polar- und Meeresforschung
02ccf273-5911-484c-bf32-cadc4cdb5902;AWI;Alfred-Wegener-Institut Helmholtz-Zentrum für Polar- und Meeresforschung
1e496af5-d530-41a8-96a7-783ebec83320;IOW;Leibniz-Institut für Ostseeforschung Warnemünde
65a396a9-4b86-4314-a03d-5154f98ae1b7;IOW;Leibniz-Institut für Ostseeforschung Warnemünde
f84152e9-54ee-4dfe-89c6-c384a35e9890;BSH;Bundesamt für Seeschifffahrt und Hydrographie
a834a70f-0ad6-45aa-9665-df9e2517db28;BSH;Bundesamt für Seeschifffahrt und Hydrographie
afe7371f-1005-417d-bf99-17f8e7c81458;BSH;Bundesamt für Seeschifffahrt und Hydrographie
c9501834-40b9-4313-ac28-307ca4a823f4;BSH;Bundesamt für Seeschifffahrt und Hydrographie
d4146a6d-f171-4e84-9d22-b6de16fd7aac;BfN;Bundesamt für Naturschutz
667d3223-be08-4a04-9747-ec11f22dcc87;TI-SF;Thünen-Institut für Seefischerei
bf854d78-a629-4ff5-ac4c-c29b06b28bf4;TI-SF;Thünen-Institut für Seefischerei
971cc561-cc99-405c-83aa-c7ff5c499ba3;Salmoniden-MV;Salmoniden- und Gewässerschutz M-V e.V.
31509a87-722e-4fb6-93e2-eb665068a2c5;TI-SF;Thünen-Institut für Seefischerei
a13ca263-b812-4127-8a4b-6016142875a8;TI-SF;Thünen-Institut für Seefischerei
ca4bbe35-99c4-44d5-a0a7-9031d568a490;BfN;Bundesamt für Naturschutz
e848e716-4a15-4c61-a758-8b0158b9b570;NLWKN;Niedersächsischer Landesbetrieb für Wasserwirtschaft, Küsten- und Naturschutz
107ccb55-5a2f-457c-b039-ce8a559b938f;LUNG-MV;Landesamt für Umwelt, Naturschutz und Geologie Mecklenburg-Vorpommern
abb75964-cd58-4970-83c7-724acf26ea01;MEKUN-SH;Ministerium für Energiewende, Klimaschutz, Umwelt und Natur Schleswig-Holstein
f84152e9-54ee-4dfe-89c6-c384a35e9890;LfU-SH;Landesamt für Umwelt Schleswig-Holstein
a834a70f-0ad6-45aa-9665-df9e2517db28;LfU-SH;Landesamt für Umwelt Schleswig-Holstein
afe7371f-1005-417d-bf99-17f8e7c81458;LfU-SH;Landesamt für Umwelt Schleswig-Holstein
c9501834-40b9-4313-ac28-307ca4a823f4;LfU-SH;Landesamt für Umwelt Schleswig-Holstein
d4146a6d-f171-4e84-9d22-b6de16fd7aac;LKN.SH;Landesbetrieb für Küstenschutz, Nationalpark und Meeresschutz Schleswig-Holstein
667d3223-be08-4a04-9747-ec11f22dcc87;TI-OF;Thünen-Institut für Ostseefischerei
bf854d78-a629-4ff5-ac4c-c29b06b28bf4;TI-OF;Thünen-Institut für Ostseefischerei
abb75964-cd58-4970-83c7-724acf26ea01;NLWKN;Niedersächsischer Landesbetrieb für Wasserwirtschaft, Küsten- und Naturschutz
f84152e9-54ee-4dfe-89c6-c384a35e9890;NLWKN;Niedersächsischer Landesbetrieb für Wasserwirtschaft, Küsten- und Naturschutz
a834a70f-0ad6-45aa-9665-df9e2517db28;LUNG-MV;Landesamt für Umwelt, Naturschutz und Geologie Mecklenburg-Vorpommern
afe7371f-1005-417d-bf99-17f8e7c81458;NLWKN;Niedersächsischer Landesbetrieb für Wasserwirtschaft, Küsten- und Naturschutz
c9501834-40b9-4313-ac28-307ca4a823f4;LUNG-MV;Landesamt für Umwelt, Naturschutz und Geologie Mecklenburg-Vorpommern
d4146a6d-f171-4e84-9d22-b6de16fd7aac;LfU-SH;Landesamt für Umwelt Schleswig-Holstein
afe7371f-1005-417d-bf99-17f8e7c81458;IOW;Leibniz-Institut für Ostseeforschung Warnemünde
c9501834-40b9-4313-ac28-307ca4a823f4;IOW;Leibniz-Institut für Ostseeforschung Warnemünde
d4146a6d-f171-4e84-9d22-b6de16fd7aac;LUNG-MV;Landesamt für Umwelt, Naturschutz und Geologie Mecklenburg-Vorpommern
ca4bbe35-99c4-44d5-a0a7-9031d568a490;DDA;Dachverband Deutscher Avifaunisten
51cacf49-5c83-4a87-8bc9-eecf0e14585a;TI-SF;Thünen-Institut für Seefischerei
0c95b3fa-1c29-429c-8d81-47ceff172ba2;TI-SF;Thünen-Institut für Seefischerei
d4a53599-701e-45e7-ad6b-977c5742415b;ICES;International Council for the Exploration of the Sea
2dc436d6-5679-421e-84db-2ec40b115f55;BfN;Bundesamt für Naturschutz
b0921dba-9b3c-4651-82de-c547c3c0b326;BfN;Bundesamt für Naturschutz
e848e716-4a15-4c61-a758-8b0158b9b570;OSPAR;Oslo-Paris-Kommission
107ccb55-5a2f-457c-b039-ce8a559b938f;HELCOM;Helsinki-Kommission
279c31bf-3055-4106-b7e4-0aaa290a79a5;LAVES-NI;Niedersächsisches Landesamt für Verbraucherschutz und Lebensmittelsicherheit
14db0e88-1cb6-4a34-be51-65e6fa193cf8;LAVES-NI;Niedersächsisches Landesamt für Verbraucherschutz und Lebensmittelsicherheit
0315feb3-ce27-4dcb-8a57-067cf5bc8661;LKN.SH;Landesbetrieb für Küstenschutz, Nationalpark und Meeresschutz Schleswig-Holstein
abb75964-cd58-4970-83c7-724acf26ea01;FGG-Elbe;Flussgebietsgemeinschaft Elbe
55ff600c-8dcf-4084-9251-0eab76082f33;TI-SF;Thünen-Institut für Seefischerei
334cc03b-692b-49bc-be15-f3c2d04dea4a;TI-SF;Thünen-Institut für Seefischerei
a07121ef-f5f4-4ed0-9a73-202a76b4d5aa;NLPV-NI;Nationalparkverwaltung Niedersächsisches Wattenmeer
d1614c5e-3fcf-4164-a29a-1baf7f2f56c6;BfN;Bundesamt für Naturschutz
b151a5eb-12ca-40c2-8d27-0899c0243dbe;BfN;Bundesamt für Naturschutz
80a73edb-206e-4070-a2da-c1ef20c62dc5;BfN;Bundesamt für Naturschutz
02ccf273-5911-484c-bf32-cadc4cdb5902;BfN;Bundesamt für Naturschutz
1e496af5-d530-41a8-96a7-783ebec83320;BfN;Bundesamt für Naturschutz
65a396a9-4b86-4314-a03d-5154f98ae1b7;BfN;Bundesamt für Naturschutz
f84152e9-54ee-4dfe-89c6-c384a35e9890;OSPAR;Oslo-Paris-Kommission
a834a70f-0ad6-45aa-9665-df9e2517db28;HELCOM;Helsinki-Kommission
afe7371f-1005-417d-bf99-17f8e7c81458;OSPAR;Oslo-Paris-Kommission
c9501834-40b9-4313-ac28-307ca4a823f4;HELCOM;Helsinki-Kommission
d4146a6d-f171-4e84-9d22-b6de16fd7aac;HELCOM;Helsinki-Kommission
365b4f31-b1f0-4a4c-97ae-486985ada15e;BfN;Bundesamt für Naturschutz
02723c41-1f60-4355-af25-44bf3c08ed93;BfN;Bundesamt für Naturschutz
83a0ff46-30cd-44f9-b323-a72c69647b9f;TI-OF;Thünen-Institut für Ostseefischerei
121175d1-82bb-46f8-8056-160440babf07;TI-OF;Thünen-Institut für Ostseefischerei
667d3223-be08-4a04-9747-ec11f22dcc87;ICES;International Council for the Exploration of the Sea
bf854d78-a629-4ff5-ac4c-c29b06b28bf4;ICES;International Council for the Exploration of the Sea
971cc561-cc99-405c-83aa-c7ff5c499ba3;LFA-MV;Landesforschungsanstalt für Landwirtschaft und Fischerei Mecklenburg-Vorpommern, Institut für Fischerei
31509a87-722e-4fb6-93e2-eb665068a2c5;ICES;International Council for the Exploration of the Sea
a13ca263-b812-4127-8a4b-6016142875a8;ICES;International Council for the Exploration of the Sea
956de785-2545-49fa-9e2c-d5096ded4f23;TI-SF;Thünen-Institut für Seefischerei
2dc436d6-5679-421e-84db-2ec40b115f55;LKN.SH;Landesbetrieb für Küstenschutz, Nationalpark und Meeresschutz Schleswig-Holstein
b0921dba-9b3c-4651-82de-c547c3c0b326;BSH;Bundesamt für Seeschifffahrt und Hydrographie
0315feb3-ce27-4dcb-8a57-067cf5bc8661;NPV-SH;Nationalparkverwaltung Schleswig-Holstein
365b4f31-b1f0-4a4c-97ae-486985ada15e;LKN.SH;Landesbetrieb für Küstenschutz, Nationalpark und Meeresschutz Schleswig-Holstein
02723c41-1f60-4355-af25-44bf3c08ed93;LKN.SH;Landesbetrieb für Küstenschutz, Nationalpark und Meeresschutz Schleswig-Holstein
2dc436d6-5679-421e-84db-2ec40b115f55;LfU-SH;Landesamt für Umwelt Schleswig-Holstein
365b4f31-b1f0-4a4c-97ae-486985ada15e;LfU-SH;Landesamt für Umwelt Schleswig-Holstein
02723c41-1f60-4355-af25-44bf3c08ed93;LfU-SH;Landesamt für Umwelt Schleswig-Holstein
2dc436d6-5679-421e-84db-2ec40b115f55;LUNG-MV;Landesamt für Umwelt, Naturschutz und Geologie Mecklenburg-Vorpommern
b0921dba-9b3c-4651-82de-c547c3c0b326;LKN.SH;Landesbetrieb für Küstenschutz, Nationalpark und Meeresschutz Schleswig-Holstein
365b4f31-b1f0-4a4c-97ae-486985ada15e;NLPV-NI;Nationalparkverwaltung Niedersächsisches Wattenmeer
02723c41-1f60-4355-af25-44bf3c08ed93;NLPV-NI;Nationalparkverwaltung Niedersächsisches Wattenmeer
b0921dba-9b3c-4651-82de-c547c3c0b326;LfU-SH;Landesamt für Umwelt Schleswig-Holstein
365b4f31-b1f0-4a4c-97ae-486985ada15e;NLWKN;Niedersächsischer Landesbetrieb für Wasserwirtschaft, Küsten- und Naturschutz
02723c41-1f60-4355-af25-44bf3c08ed93;NLWKN;Niedersächsischer Landesbetrieb für Wasserwirtschaft, Küsten- und Naturschutz
b0921dba-9b3c-4651-82de-c547c3c0b326;LUNG-MV;Landesamt für Umwelt, Naturschutz und Geologie Mecklenburg-Vorpommern
0d7bbfdd-767e-48f8-94f8-e47a9784c67b;LUBW;Landesanstalt für Umwelt Baden-Württemberg
0d7bbfdd-767e-48f8-94f8-e47a9784c67b;LfU-BY;Bayerisches Landesamt für Umwelt
0d7bbfdd-767e-48f8-94f8-e47a9784c67b;SenUMVK;Senatsverwaltung für Mobilität, Verkehr, Klimaschutz und Umwelt
0d7bbfdd-767e-48f8-94f8-e47a9784c67b;LfU-BB;Landesamt für Umwelt Brandenburg
0d7bbfdd-767e-48f8-94f8-e47a9784c67b;UBB;Umweltbetrieb Bremen
0d7bbfdd-767e-48f8-94f8-e47a9784c67b;BUKEA-HH;Behörde für Umwelt, Klima, Energie und Agrarwirtschaft Hamburg
0d7bbfdd-767e-48f8-94f8-e47a9784c67b;HLNUG;Hessisches Landesamt für Naturschutz, Umwelt und Geologie
0d7bbfdd-767e-48f8-94f8-e47a9784c67b;LUNG-MV;Landesamt für Umwelt, Naturschutz und Geologie Mecklenburg-Vorpommern
0d7bbfdd-767e-48f8-94f8-e47a9784c67b;NLWKN;Niedersächsischer Landesbetrieb für Wasserwirtschaft, Küsten- und Naturschutz
0d7bbfdd-767e-48f8-94f8-e47a9784c67b;LANUV-NRW;Landesamt für Natur, Umwelt und Verbraucherschutz Nordrhein-Westfalen
0d7bbfdd-767e-48f8-94f8-e47a9784c67b;LfU-RLP;Landesamt für Umwelt Rheinland-Pfalz
0d7bbfdd-767e-48f8-94f8-e47a9784c67b;LUA-SL;Landesamt für Umwelt- und Arbeitsschutz des Saarlandes
0d7bbfdd-767e-48f8-94f8-e47a9784c67b;LfULG;Sächsisches Landesamt für Umwelt, Landwirtschaft und Geologie 
0d7bbfdd-767e-48f8-94f8-e47a9784c67b;LAU-ST;Landesamt für Umweltschutz Sachsen-Anhalt
0d7bbfdd-767e-48f8-94f8-e47a9784c67b;LLUR-SH;Landesamt für Landwirtschaft, Umwelt und ländliche Räume Schleswig-Holstein
0d7bbfdd-767e-48f8-94f8-e47a9784c67b;TLUBN;Thüringer Landesamt für Umwelt, Bergbau und Naturschutz
1f901170-a2d3-4a78-9bfd-b667c731b916;LUBW;Landesanstalt für Umwelt Baden-Württemberg
1f901170-a2d3-4a78-9bfd-b667c731b916;LfU-BY;Bayerisches Landesamt für Umwelt
1f901170-a2d3-4a78-9bfd-b667c731b916;SenUMVK;Senatsverwaltung für Mobilität, Verkehr, Klimaschutz und Umwelt
1f901170-a2d3-4a78-9bfd-b667c731b916;LfU-BB;Landesamt für Umwelt Brandenburg
1f901170-a2d3-4a78-9bfd-b667c731b916;UBB;Umweltbetrieb Bremen
1f901170-a2d3-4a78-9bfd-b667c731b916;BUKEA-HH;Behörde für Umwelt, Klima, Energie und Agrarwirtschaft Hamburg
1f901170-a2d3-4a78-9bfd-b667c731b916;HLNUG;Hessisches Landesamt für Naturschutz, Umwelt und Geologie
1f901170-a2d3-4a78-9bfd-b667c731b916;LUNG-MV;Landesamt für Umwelt, Naturschutz und Geologie Mecklenburg-Vorpommern
1f901170-a2d3-4a78-9bfd-b667c731b916;NLWKN;Niedersächsischer Landesbetrieb für Wasserwirtschaft, Küsten- und Naturschutz
1f901170-a2d3-4a78-9bfd-b667c731b916;LANUV-NRW;Landesamt für Natur, Umwelt und Verbraucherschutz Nordrhein-Westfalen
1f901170-a2d3-4a78-9bfd-b667c731b916;LfU-RLP;Landesamt für Umwelt Rheinland-Pfalz
1f901170-a2d3-4a78-9bfd-b667c731b916;LUA-SL;Landesamt für Umwelt- und Arbeitsschutz des Saarlandes
1f901170-a2d3-4a78-9bfd-b667c731b916;LfULG;Sächsisches Landesamt für Umwelt, Landwirtschaft und Geologie 
1f901170-a2d3-4a78-9bfd-b667c731b916;LAU-ST;Landesamt für Umweltschutz Sachsen-Anhalt
1f901170-a2d3-4a78-9bfd-b667c731b916;LLUR-SH;Landesamt für Landwirtschaft, Umwelt und ländliche Räume Schleswig-Holstein
1f901170-a2d3-4a78-9bfd-b667c731b916;TLUBN;Thüringer Landesamt für Umwelt, Bergbau und Naturschutz
5256fb1f-6ee2-4db3-a3f6-a6363fc763f6;LUBW;Landesanstalt für Umwelt Baden-Württemberg
5256fb1f-6ee2-4db3-a3f6-a6363fc763f6;LfU-BY;Bayerisches Landesamt für Umwelt
5256fb1f-6ee2-4db3-a3f6-a6363fc763f6;SenUMVK;Senatsverwaltung für Mobilität, Verkehr, Klimaschutz und Umwelt
5256fb1f-6ee2-4db3-a3f6-a6363fc763f6;LfU-BB;Landesamt für Umwelt Brandenburg
5256fb1f-6ee2-4db3-a3f6-a6363fc763f6;UBB;Umweltbetrieb Bremen
5256fb1f-6ee2-4db3-a3f6-a6363fc763f6;BUKEA-HH;Behörde für Umwelt, Klima, Energie und Agrarwirtschaft Hamburg
5256fb1f-6ee2-4db3-a3f6-a6363fc763f6;HLNUG;Hessisches Landesamt für Naturschutz, Umwelt und Geologie
5256fb1f-6ee2-4db3-a3f6-a6363fc763f6;LUNG-MV;Landesamt für Umwelt, Naturschutz und Geologie Mecklenburg-Vorpommern
5256fb1f-6ee2-4db3-a3f6-a6363fc763f6;NLWKN;Niedersächsischer Landesbetrieb für Wasserwirtschaft, Küsten- und Naturschutz
5256fb1f-6ee2-4db3-a3f6-a6363fc763f6;LANUV-NRW;Landesamt für Natur, Umwelt und Verbraucherschutz Nordrhein-Westfalen
5256fb1f-6ee2-4db3-a3f6-a6363fc763f6;LfU-RLP;Landesamt für Umwelt Rheinland-Pfalz
5256fb1f-6ee2-4db3-a3f6-a6363fc763f6;LUA-SL;Landesamt für Umwelt- und Arbeitsschutz des Saarlandes
5256fb1f-6ee2-4db3-a3f6-a6363fc763f6;LfULG;Sächsisches Landesamt für Umwelt, Landwirtschaft und Geologie 
5256fb1f-6ee2-4db3-a3f6-a6363fc763f6;LAU-ST;Landesamt für Umweltschutz Sachsen-Anhalt
5256fb1f-6ee2-4db3-a3f6-a6363fc763f6;LLUR-SH;Landesamt für Landwirtschaft, Umwelt und ländliche Räume Schleswig-Holstein
5256fb1f-6ee2-4db3-a3f6-a6363fc763f6;TLUBN;Thüringer Landesamt für Umwelt, Bergbau und Naturschutz
57953187-dc29-46f0-9ef7-2631a4b4b61c;LUBW;Landesanstalt für Umwelt Baden-Württemberg
57953187-dc29-46f0-9ef7-2631a4b4b61c;LfU-BY;Bayerisches Landesamt für Umwelt
57953187-dc29-46f0-9ef7-2631a4b4b61c;SenUMVK;Senatsverwaltung für Mobilität, Verkehr, Klimaschutz und Umwelt
57953187-dc29-46f0-9ef7-2631a4b4b61c;LfU-BB;Landesamt für Umwelt Brandenburg
57953187-dc29-46f0-9ef7-2631a4b4b61c;UBB;Umweltbetrieb Bremen
57953187-dc29-46f0-9ef7-2631a4b4b61c;BUKEA-HH;Behörde für Umwelt, Klima, Energie und Agrarwirtschaft Hamburg
57953187-dc29-46f0-9ef7-2631a4b4b61c;HLNUG;Hessisches Landesamt für Naturschutz, Umwelt und Geologie
57953187-dc29-46f0-9ef7-2631a4b4b61c;LUNG-MV;Landesamt für Umwelt, Naturschutz und Geologie Mecklenburg-Vorpommern
57953187-dc29-46f0-9ef7-2631a4b4b61c;NLWKN;Niedersächsischer Landesbetrieb für Wasserwirtschaft, Küsten- und Naturschutz
57953187-dc29-46f0-9ef7-2631a4b4b61c;LANUV-NRW;Landesamt für Natur, Umwelt und Verbraucherschutz Nordrhein-Westfalen
57953187-dc29-46f0-9ef7-2631a4b4b61c;LfU-RLP;Landesamt für Umwelt Rheinland-Pfalz
57953187-dc29-46f0-9ef7-2631a4b4b61c;LUA-SL;Landesamt für Umwelt- und Arbeitsschutz des Saarlandes
57953187-dc29-46f0-9ef7-2631a4b4b61c;LfULG;Sächsisches Landesamt für Umwelt, Landwirtschaft und Geologie 
57953187-dc29-46f0-9ef7-2631a4b4b61c;LAU-ST;Landesamt für Umweltschutz Sachsen-Anhalt
57953187-dc29-46f0-9ef7-2631a4b4b61c;LLUR-SH;Landesamt für Landwirtschaft, Umwelt und ländliche Räume Schleswig-Holstein
57953187-dc29-46f0-9ef7-2631a4b4b61c;TLUBN;Thüringer Landesamt für Umwelt, Bergbau und Naturschutz
5870b3ba-3007-4a6f-961a-cd018fe16010;LUBW;Landesanstalt für Umwelt Baden-Württemberg
5870b3ba-3007-4a6f-961a-cd018fe16010;LfU-BY;Bayerisches Landesamt für Umwelt
5870b3ba-3007-4a6f-961a-cd018fe16010;SenUMVK;Senatsverwaltung für Mobilität, Verkehr, Klimaschutz und Umwelt
5870b3ba-3007-4a6f-961a-cd018fe16010;LfU-BB;Landesamt für Umwelt Brandenburg
5870b3ba-3007-4a6f-961a-cd018fe16010;UBB;Umweltbetrieb Bremen
5870b3ba-3007-4a6f-961a-cd018fe16010;BUKEA-HH;Behörde für Umwelt, Klima, Energie und Agrarwirtschaft Hamburg
5870b3ba-3007-4a6f-961a-cd018fe16010;HLNUG;Hessisches Landesamt für Naturschutz, Umwelt und Geologie
5870b3ba-3007-4a6f-961a-cd018fe16010;LUNG-MV;Landesamt für Umwelt, Naturschutz und Geologie Mecklenburg-Vorpommern
5870b3ba-3007-4a6f-961a-cd018fe16010;NLWKN;Niedersächsischer Landesbetrieb für Wasserwirtschaft, Küsten- und Naturschutz
5870b3ba-3007-4a6f-961a-cd018fe16010;LANUV-NRW;Landesamt für Natur, Umwelt und Verbraucherschutz Nordrhein-Westfalen
5870b3ba-3007-4a6f-961a-cd018fe16010;LfU-RLP;Landesamt für Umwelt Rheinland-Pfalz
5870b3ba-3007-4a6f-961a-cd018fe16010;LUA-SL;Landesamt für Umwelt- und Arbeitsschutz des Saarlandes
5870b3ba-3007-4a6f-961a-cd018fe16010;LfULG;Sächsisches Landesamt für Umwelt, Landwirtschaft und Geologie 
5870b3ba-3007-4a6f-961a-cd018fe16010;LAU-ST;Landesamt für Umweltschutz Sachsen-Anhalt
5870b3ba-3007-4a6f-961a-cd018fe16010;LLUR-SH;Landesamt für Landwirtschaft, Umwelt und ländliche Räume Schleswig-Holstein
5870b3ba-3007-4a6f-961a-cd018fe16010;TLUBN;Thüringer Landesamt für Umwelt, Bergbau und Naturschutz
5ca85905-6c23-4852-88e2-45e81a7306fb;LUBW;Landesanstalt für Umwelt Baden-Württemberg
5ca85905-6c23-4852-88e2-45e81a7306fb;LfU-BY;Bayerisches Landesamt für Umwelt
5ca85905-6c23-4852-88e2-45e81a7306fb;SenUMVK;Senatsverwaltung für Mobilität, Verkehr, Klimaschutz und Umwelt
5ca85905-6c23-4852-88e2-45e81a7306fb;LfU-BB;Landesamt für Umwelt Brandenburg
5ca85905-6c23-4852-88e2-45e81a7306fb;UBB;Umweltbetrieb Bremen
5ca85905-6c23-4852-88e2-45e81a7306fb;BUKEA-HH;Behörde für Umwelt, Klima, Energie und Agrarwirtschaft Hamburg
5ca85905-6c23-4852-88e2-45e81a7306fb;HLNUG;Hessisches Landesamt für Naturschutz, Umwelt und Geologie
5ca85905-6c23-4852-88e2-45e81a7306fb;LUNG-MV;Landesamt für Umwelt, Naturschutz und Geologie Mecklenburg-Vorpommern
5ca85905-6c23-4852-88e2-45e81a7306fb;NLWKN;Niedersächsischer Landesbetrieb für Wasserwirtschaft, Küsten- und Naturschutz
5ca85905-6c23-4852-88e2-45e81a7306fb;LANUV-NRW;Landesamt für Natur, Umwelt und Verbraucherschutz Nordrhein-Westfalen
5ca85905-6c23-4852-88e2-45e81a7306fb;LfU-RLP;Landesamt für Umwelt Rheinland-Pfalz
5ca85905-6c23-4852-88e2-45e81a7306fb;LUA-SL;Landesamt für Umwelt- und Arbeitsschutz des Saarlandes
5ca85905-6c23-4852-88e2-45e81a7306fb;LfULG;Sächsisches Landesamt für Umwelt, Landwirtschaft und Geologie 
5ca85905-6c23-4852-88e2-45e81a7306fb;LAU-ST;Landesamt für Umweltschutz Sachsen-Anhalt
5ca85905-6c23-4852-88e2-45e81a7306fb;LLUR-SH;Landesamt für Landwirtschaft, Umwelt und ländliche Räume Schleswig-Holstein
5ca85905-6c23-4852-88e2-45e81a7306fb;TLUBN;Thüringer Landesamt für Umwelt, Bergbau und Naturschutz
66b836fc-9d48-4975-9d04-cda25afeba7b;LUBW;Landesanstalt für Umwelt Baden-Württemberg
66b836fc-9d48-4975-9d04-cda25afeba7b;LfU-BY;Bayerisches Landesamt für Umwelt
66b836fc-9d48-4975-9d04-cda25afeba7b;SenUMVK;Senatsverwaltung für Mobilität, Verkehr, Klimaschutz und Umwelt
66b836fc-9d48-4975-9d04-cda25afeba7b;LfU-BB;Landesamt für Umwelt Brandenburg
66b836fc-9d48-4975-9d04-cda25afeba7b;UBB;Umweltbetrieb Bremen
66b836fc-9d48-4975-9d04-cda25afeba7b;BUKEA-HH;Behörde für Umwelt, Klima, Energie und Agrarwirtschaft Hamburg
66b836fc-9d48-4975-9d04-cda25afeba7b;HLNUG;Hessisches Landesamt für Naturschutz, Umwelt und Geologie
66b836fc-9d48-4975-9d04-cda25afeba7b;LUNG-MV;Landesamt für Umwelt, Naturschutz und Geologie Mecklenburg-Vorpommern
66b836fc-9d48-4975-9d04-cda25afeba7b;NLWKN;Niedersächsischer Landesbetrieb für Wasserwirtschaft, Küsten- und Naturschutz
66b836fc-9d48-4975-9d04-cda25afeba7b;LANUV-NRW;Landesamt für Natur, Umwelt und Verbraucherschutz Nordrhein-Westfalen
66b836fc-9d48-4975-9d04-cda25afeba7b;LfU-RLP;Landesamt für Umwelt Rheinland-Pfalz
66b836fc-9d48-4975-9d04-cda25afeba7b;LUA-SL;Landesamt für Umwelt- und Arbeitsschutz des Saarlandes
66b836fc-9d48-4975-9d04-cda25afeba7b;LfULG;Sächsisches Landesamt für Umwelt, Landwirtschaft und Geologie 
66b836fc-9d48-4975-9d04-cda25afeba7b;LAU-ST;Landesamt für Umweltschutz Sachsen-Anhalt
66b836fc-9d48-4975-9d04-cda25afeba7b;LLUR-SH;Landesamt für Landwirtschaft, Umwelt und ländliche Räume Schleswig-Holstein
66b836fc-9d48-4975-9d04-cda25afeba7b;TLUBN;Thüringer Landesamt für Umwelt, Bergbau und Naturschutz
6ddb0809-9e9a-4613-85f6-3ef26da41128;LUBW;Landesanstalt für Umwelt Baden-Württemberg
6ddb0809-9e9a-4613-85f6-3ef26da41128;LfU-BY;Bayerisches Landesamt für Umwelt
6ddb0809-9e9a-4613-85f6-3ef26da41128;SenUMVK;Senatsverwaltung für Mobilität, Verkehr, Klimaschutz und Umwelt
6ddb0809-9e9a-4613-85f6-3ef26da41128;LfU-BB;Landesamt für Umwelt Brandenburg
6ddb0809-9e9a-4613-85f6-3ef26da41128;UBB;Umweltbetrieb Bremen
6ddb0809-9e9a-4613-85f6-3ef26da41128;BUKEA-HH;Behörde für Umwelt, Klima, Energie und Agrarwirtschaft Hamburg
6ddb0809-9e9a-4613-85f6-3ef26da41128;HLNUG;Hessisches Landesamt für Naturschutz, Umwelt und Geologie
6ddb0809-9e9a-4613-85f6-3ef26da41128;LUNG-MV;Landesamt für Umwelt, Naturschutz und Geologie Mecklenburg-Vorpommern
6ddb0809-9e9a-4613-85f6-3ef26da41128;NLWKN;Niedersächsischer Landesbetrieb für Wasserwirtschaft, Küsten- und Naturschutz
6ddb0809-9e9a-4613-85f6-3ef26da41128;LANUV-NRW;Landesamt für Natur, Umwelt und Verbraucherschutz Nordrhein-Westfalen
6ddb0809-9e9a-4613-85f6-3ef26da41128;LfU-RLP;Landesamt für Umwelt Rheinland-Pfalz
6ddb0809-9e9a-4613-85f6-3ef26da41128;LUA-SL;Landesamt für Umwelt- und Arbeitsschutz des Saarlandes
6ddb0809-9e9a-4613-85f6-3ef26da41128;LfULG;Sächsisches Landesamt für Umwelt, Landwirtschaft und Geologie 
6ddb0809-9e9a-4613-85f6-3ef26da41128;LAU-ST;Landesamt für Umweltschutz Sachsen-Anhalt
6ddb0809-9e9a-4613-85f6-3ef26da41128;LLUR-SH;Landesamt für Landwirtschaft, Umwelt und ländliche Räume Schleswig-Holstein
6ddb0809-9e9a-4613-85f6-3ef26da41128;TLUBN;Thüringer Landesamt für Umwelt, Bergbau und Naturschutz
9129cc95-d4e8-4c59-80d3-8ae80b0d29f4;LUBW;Landesanstalt für Umwelt Baden-Württemberg
9129cc95-d4e8-4c59-80d3-8ae80b0d29f4;LfU-BY;Bayerisches Landesamt für Umwelt
9129cc95-d4e8-4c59-80d3-8ae80b0d29f4;SenUMVK;Senatsverwaltung für Mobilität, Verkehr, Klimaschutz und Umwelt
9129cc95-d4e8-4c59-80d3-8ae80b0d29f4;LfU-BB;Landesamt für Umwelt Brandenburg
9129cc95-d4e8-4c59-80d3-8ae80b0d29f4;UBB;Umweltbetrieb Bremen
9129cc95-d4e8-4c59-80d3-8ae80b0d29f4;BUKEA-HH;Behörde für Umwelt, Klima, Energie und Agrarwirtschaft Hamburg
9129cc95-d4e8-4c59-80d3-8ae80b0d29f4;HLNUG;Hessisches Landesamt für Naturschutz, Umwelt und Geologie
9129cc95-d4e8-4c59-80d3-8ae80b0d29f4;LUNG-MV;Landesamt für Umwelt, Naturschutz und Geologie Mecklenburg-Vorpommern
9129cc95-d4e8-4c59-80d3-8ae80b0d29f4;NLWKN;Niedersächsischer Landesbetrieb für Wasserwirtschaft, Küsten- und Naturschutz
9129cc95-d4e8-4c59-80d3-8ae80b0d29f4;LANUV-NRW;Landesamt für Natur, Umwelt und Verbraucherschutz Nordrhein-Westfalen
9129cc95-d4e8-4c59-80d3-8ae80b0d29f4;LfU-RLP;Landesamt für Umwelt Rheinland-Pfalz
9129cc95-d4e8-4c59-80d3-8ae80b0d29f4;LUA-SL;Landesamt für Umwelt- und Arbeitsschutz des Saarlandes
9129cc95-d4e8-4c59-80d3-8ae80b0d29f4;LfULG;Sächsisches Landesamt für Umwelt, Landwirtschaft und Geologie 
9129cc95-d4e8-4c59-80d3-8ae80b0d29f4;LAU-ST;Landesamt für Umweltschutz Sachsen-Anhalt
9129cc95-d4e8-4c59-80d3-8ae80b0d29f4;LLUR-SH;Landesamt für Landwirtschaft, Umwelt und ländliche Räume Schleswig-Holstein
9129cc95-d4e8-4c59-80d3-8ae80b0d29f4;TLUBN;Thüringer Landesamt für Umwelt, Bergbau und Naturschutz
9892e92b-96d0-4593-b566-c8ca7b30f197;LUBW;Landesanstalt für Umwelt Baden-Württemberg
9892e92b-96d0-4593-b566-c8ca7b30f197;LfU-BY;Bayerisches Landesamt für Umwelt
9892e92b-96d0-4593-b566-c8ca7b30f197;SenUMVK;Senatsverwaltung für Mobilität, Verkehr, Klimaschutz und Umwelt
9892e92b-96d0-4593-b566-c8ca7b30f197;LfU-BB;Landesamt für Umwelt Brandenburg
9892e92b-96d0-4593-b566-c8ca7b30f197;UBB;Umweltbetrieb Bremen
9892e92b-96d0-4593-b566-c8ca7b30f197;BUKEA-HH;Behörde für Umwelt, Klima, Energie und Agrarwirtschaft Hamburg
9892e92b-96d0-4593-b566-c8ca7b30f197;HLNUG;Hessisches Landesamt für Naturschutz, Umwelt und Geologie
9892e92b-96d0-4593-b566-c8ca7b30f197;LUNG-MV;Landesamt für Umwelt, Naturschutz und Geologie Mecklenburg-Vorpommern
9892e92b-96d0-4593-b566-c8ca7b30f197;NLWKN;Niedersächsischer Landesbetrieb für Wasserwirtschaft, Küsten- und Naturschutz
9892e92b-96d0-4593-b566-c8ca7b30f197;LANUV-NRW;Landesamt für Natur, Umwelt und Verbraucherschutz Nordrhein-Westfalen
9892e92b-96d0-4593-b566-c8ca7b30f197;LfU-RLP;Landesamt für Umwelt Rheinland-Pfalz
9892e92b-96d0-4593-b566-c8ca7b30f197;LUA-SL;Landesamt für Umwelt- und Arbeitsschutz des Saarlandes
9892e92b-96d0-4593-b566-c8ca7b30f197;LfULG;Sächsisches Landesamt für Umwelt, Landwirtschaft und Geologie 
9892e92b-96d0-4593-b566-c8ca7b30f197;LAU-ST;Landesamt für Umweltschutz Sachsen-Anhalt
9892e92b-96d0-4593-b566-c8ca7b30f197;LLUR-SH;Landesamt für Landwirtschaft, Umwelt und ländliche Räume Schleswig-Holstein
9892e92b-96d0-4593-b566-c8ca7b30f197;TLUBN;Thüringer Landesamt für Umwelt, Bergbau und Naturschutz
bbd20242-a595-403b-8e71-f93eaea81ffe;LUBW;Landesanstalt für Umwelt Baden-Württemberg
bbd20242-a595-403b-8e71-f93eaea81ffe;LfU-BY;Bayerisches Landesamt für Umwelt
bbd20242-a595-403b-8e71-f93eaea81ffe;SenUMVK;Senatsverwaltung für Mobilität, Verkehr, Klimaschutz und Umwelt
bbd20242-a595-403b-8e71-f93eaea81ffe;LfU-BB;Landesamt für Umwelt Brandenburg
bbd20242-a595-403b-8e71-f93eaea81ffe;UBB;Umweltbetrieb Bremen
bbd20242-a595-403b-8e71-f93eaea81ffe;BUKEA-HH;Behörde für Umwelt, Klima, Energie und Agrarwirtschaft Hamburg
bbd20242-a595-403b-8e71-f93eaea81ffe;HLNUG;Hessisches Landesamt für Naturschutz, Umwelt und Geologie
bbd20242-a595-403b-8e71-f93eaea81ffe;LUNG-MV;Landesamt für Umwelt, Naturschutz und Geologie Mecklenburg-Vorpommern
bbd20242-a595-403b-8e71-f93eaea81ffe;NLWKN;Niedersächsischer Landesbetrieb für Wasserwirtschaft, Küsten- und Naturschutz
bbd20242-a595-403b-8e71-f93eaea81ffe;LANUV-NRW;Landesamt für Natur, Umwelt und Verbraucherschutz Nordrhein-Westfalen
bbd20242-a595-403b-8e71-f93eaea81ffe;LfU-RLP;Landesamt für Umwelt Rheinland-Pfalz
bbd20242-a595-403b-8e71-f93eaea81ffe;LUA-SL;Landesamt für Umwelt- und Arbeitsschutz des Saarlandes
bbd20242-a595-403b-8e71-f93eaea81ffe;LfULG;Sächsisches Landesamt für Umwelt, Landwirtschaft und Geologie 
bbd20242-a595-403b-8e71-f93eaea81ffe;LAU-ST;Landesamt für Umweltschutz Sachsen-Anhalt
bbd20242-a595-403b-8e71-f93eaea81ffe;LLUR-SH;Landesamt für Landwirtschaft, Umwelt und ländliche Räume Schleswig-Holstein
bbd20242-a595-403b-8e71-f93eaea81ffe;TLUBN;Thüringer Landesamt für Umwelt, Bergbau und Naturschutz
be303895-3ad0-45f1-8fc3-ea660c95e4ee;LUBW;Landesanstalt für Umwelt Baden-Württemberg
be303895-3ad0-45f1-8fc3-ea660c95e4ee;LfU-BY;Bayerisches Landesamt für Umwelt
be303895-3ad0-45f1-8fc3-ea660c95e4ee;SenUMVK;Senatsverwaltung für Mobilität, Verkehr, Klimaschutz und Umwelt
be303895-3ad0-45f1-8fc3-ea660c95e4ee;LfU-BB;Landesamt für Umwelt Brandenburg
be303895-3ad0-45f1-8fc3-ea660c95e4ee;UBB;Umweltbetrieb Bremen
be303895-3ad0-45f1-8fc3-ea660c95e4ee;BUKEA-HH;Behörde für Umwelt, Klima, Energie und Agrarwirtschaft Hamburg
be303895-3ad0-45f1-8fc3-ea660c95e4ee;HLNUG;Hessisches Landesamt für Naturschutz, Umwelt und Geologie
be303895-3ad0-45f1-8fc3-ea660c95e4ee;LUNG-MV;Landesamt für Umwelt, Naturschutz und Geologie Mecklenburg-Vorpommern
be303895-3ad0-45f1-8fc3-ea660c95e4ee;NLWKN;Niedersächsischer Landesbetrieb für Wasserwirtschaft, Küsten- und Naturschutz
be303895-3ad0-45f1-8fc3-ea660c95e4ee;LANUV-NRW;Landesamt für Natur, Umwelt und Verbraucherschutz Nordrhein-Westfalen
be303895-3ad0-45f1-8fc3-ea660c95e4ee;LfU-RLP;Landesamt für Umwelt Rheinland-Pfalz
be303895-3ad0-45f1-8fc3-ea660c95e4ee;LUA-SL;Landesamt für Umwelt- und Arbeitsschutz des Saarlandes
be303895-3ad0-45f1-8fc3-ea660c95e4ee;LfULG;Sächsisches Landesamt für Umwelt, Landwirtschaft und Geologie 
be303895-3ad0-45f1-8fc3-ea660c95e4ee;LAU-ST;Landesamt für Umweltschutz Sachsen-Anhalt
be303895-3ad0-45f1-8fc3-ea660c95e4ee;LLUR-SH;Landesamt für Landwirtschaft, Umwelt und ländliche Räume Schleswig-Holstein
be303895-3ad0-45f1-8fc3-ea660c95e4ee;TLUBN;Thüringer Landesamt für Umwelt, Bergbau und Naturschutz
c88c6b9d-1d62-471f-bdff-387f01c548a9;LUBW;Landesanstalt für Umwelt Baden-Württemberg
c88c6b9d-1d62-471f-bdff-387f01c548a9;LfU-BY;Bayerisches Landesamt für Umwelt
c88c6b9d-1d62-471f-bdff-387f01c548a9;SenUMVK;Senatsverwaltung für Mobilität, Verkehr, Klimaschutz und Umwelt
c88c6b9d-1d62-471f-bdff-387f01c548a9;LfU-BB;Landesamt für Umwelt Brandenburg
c88c6b9d-1d62-471f-bdff-387f01c548a9;UBB;Umweltbetrieb Bremen
c88c6b9d-1d62-471f-bdff-387f01c548a9;BUKEA-HH;Behörde für Umwelt, Klima, Energie und Agrarwirtschaft Hamburg
c88c6b9d-1d62-471f-bdff-387f01c548a9;HLNUG;Hessisches Landesamt für Naturschutz, Umwelt und Geologie
c88c6b9d-1d62-471f-bdff-387f01c548a9;LUNG-MV;Landesamt für Umwelt, Naturschutz und Geologie Mecklenburg-Vorpommern
c88c6b9d-1d62-471f-bdff-387f01c548a9;NLWKN;Niedersächsischer Landesbetrieb für Wasserwirtschaft, Küsten- und Naturschutz
c88c6b9d-1d62-471f-bdff-387f01c548a9;LANUV-NRW;Landesamt für Natur, Umwelt und Verbraucherschutz Nordrhein-Westfalen
c88c6b9d-1d62-471f-bdff-387f01c548a9;LfU-RLP;Landesamt für Umwelt Rheinland-Pfalz
c88c6b9d-1d62-471f-bdff-387f01c548a9;LUA-SL;Landesamt für Umwelt- und Arbeitsschutz des Saarlandes
c88c6b9d-1d62-471f-bdff-387f01c548a9;LfULG;Sächsisches Landesamt für Umwelt, Landwirtschaft und Geologie 
c88c6b9d-1d62-471f-bdff-387f01c548a9;LAU-ST;Landesamt für Umweltschutz Sachsen-Anhalt
c88c6b9d-1d62-471f-bdff-387f01c548a9;LLUR-SH;Landesamt für Landwirtschaft, Umwelt und ländliche Räume Schleswig-Holstein
c88c6b9d-1d62-471f-bdff-387f01c548a9;TLUBN;Thüringer Landesamt für Umwelt, Bergbau und Naturschutz
ce72f0af-e811-41a6-a9b3-ca0fcb9fb7bd;LUBW;Landesanstalt für Umwelt Baden-Württemberg
ce72f0af-e811-41a6-a9b3-ca0fcb9fb7bd;LfU-BY;Bayerisches Landesamt für Umwelt
ce72f0af-e811-41a6-a9b3-ca0fcb9fb7bd;SenUMVK;Senatsverwaltung für Mobilität, Verkehr, Klimaschutz und Umwelt
ce72f0af-e811-41a6-a9b3-ca0fcb9fb7bd;LfU-BB;Landesamt für Umwelt Brandenburg
ce72f0af-e811-41a6-a9b3-ca0fcb9fb7bd;UBB;Umweltbetrieb Bremen
ce72f0af-e811-41a6-a9b3-ca0fcb9fb7bd;BUKEA-HH;Behörde für Umwelt, Klima, Energie und Agrarwirtschaft Hamburg
ce72f0af-e811-41a6-a9b3-ca0fcb9fb7bd;HLNUG;Hessisches Landesamt für Naturschutz, Umwelt und Geologie
ce72f0af-e811-41a6-a9b3-ca0fcb9fb7bd;LUNG-MV;Landesamt für Umwelt, Naturschutz und Geologie Mecklenburg-Vorpommern
ce72f0af-e811-41a6-a9b3-ca0fcb9fb7bd;NLWKN;Niedersächsischer Landesbetrieb für Wasserwirtschaft, Küsten- und Naturschutz
ce72f0af-e811-41a6-a9b3-ca0fcb9fb7bd;LANUV-NRW;Landesamt für Natur, Umwelt und Verbraucherschutz Nordrhein-Westfalen
ce72f0af-e811-41a6-a9b3-ca0fcb9fb7bd;LfU-RLP;Landesamt für Umwelt Rheinland-Pfalz
ce72f0af-e811-41a6-a9b3-ca0fcb9fb7bd;LUA-SL;Landesamt für Umwelt- und Arbeitsschutz des Saarlandes
ce72f0af-e811-41a6-a9b3-ca0fcb9fb7bd;LfULG;Sächsisches Landesamt für Umwelt, Landwirtschaft und Geologie 
ce72f0af-e811-41a6-a9b3-ca0fcb9fb7bd;LAU-ST;Landesamt für Umweltschutz Sachsen-Anhalt
ce72f0af-e811-41a6-a9b3-ca0fcb9fb7bd;LLUR-SH;Landesamt für Landwirtschaft, Umwelt und ländliche Räume Schleswig-Holstein
ce72f0af-e811-41a6-a9b3-ca0fcb9fb7bd;TLUBN;Thüringer Landesamt für Umwelt, Bergbau und Naturschutz
d0be72c8-9d6b-4b1b-86fd-ebaee10a651d;LUBW;Landesanstalt für Umwelt Baden-Württemberg
d0be72c8-9d6b-4b1b-86fd-ebaee10a651d;LfU-BY;Bayerisches Landesamt für Umwelt
d0be72c8-9d6b-4b1b-86fd-ebaee10a651d;SenUMVK;Senatsverwaltung für Mobilität, Verkehr, Klimaschutz und Umwelt
d0be72c8-9d6b-4b1b-86fd-ebaee10a651d;LfU-BB;Landesamt für Umwelt Brandenburg
d0be72c8-9d6b-4b1b-86fd-ebaee10a651d;UBB;Umweltbetrieb Bremen
d0be72c8-9d6b-4b1b-86fd-ebaee10a651d;BUKEA-HH;Behörde für Umwelt, Klima, Energie und Agrarwirtschaft Hamburg
d0be72c8-9d6b-4b1b-86fd-ebaee10a651d;HLNUG;Hessisches Landesamt für Naturschutz, Umwelt und Geologie
d0be72c8-9d6b-4b1b-86fd-ebaee10a651d;LUNG-MV;Landesamt für Umwelt, Naturschutz und Geologie Mecklenburg-Vorpommern
d0be72c8-9d6b-4b1b-86fd-ebaee10a651d;NLWKN;Niedersächsischer Landesbetrieb für Wasserwirtschaft, Küsten- und Naturschutz
d0be72c8-9d6b-4b1b-86fd-ebaee10a651d;LANUV-NRW;Landesamt für Natur, Umwelt und Verbraucherschutz Nordrhein-Westfalen
d0be72c8-9d6b-4b1b-86fd-ebaee10a651d;LfU-RLP;Landesamt für Umwelt Rheinland-Pfalz
d0be72c8-9d6b-4b1b-86fd-ebaee10a651d;LUA-SL;Landesamt für Umwelt- und Arbeitsschutz des Saarlandes
d0be72c8-9d6b-4b1b-86fd-ebaee10a651d;LfULG;Sächsisches Landesamt für Umwelt, Landwirtschaft und Geologie 
d0be72c8-9d6b-4b1b-86fd-ebaee10a651d;LAU-ST;Landesamt für Umweltschutz Sachsen-Anhalt
d0be72c8-9d6b-4b1b-86fd-ebaee10a651d;LLUR-SH;Landesamt für Landwirtschaft, Umwelt und ländliche Räume Schleswig-Holstein
d0be72c8-9d6b-4b1b-86fd-ebaee10a651d;TLUBN;Thüringer Landesamt für Umwelt, Bergbau und Naturschutz
de6c5383-04ec-43ef-a8ab-249b3df3bc40;LUBW;Landesanstalt für Umwelt Baden-Württemberg
de6c5383-04ec-43ef-a8ab-249b3df3bc40;LfU-BY;Bayerisches Landesamt für Umwelt
de6c5383-04ec-43ef-a8ab-249b3df3bc40;SenUMVK;Senatsverwaltung für Mobilität, Verkehr, Klimaschutz und Umwelt
de6c5383-04ec-43ef-a8ab-249b3df3bc40;LfU-BB;Landesamt für Umwelt Brandenburg
de6c5383-04ec-43ef-a8ab-249b3df3bc40;UBB;Umweltbetrieb Bremen
de6c5383-04ec-43ef-a8ab-249b3df3bc40;BUKEA-HH;Behörde für Umwelt, Klima, Energie und Agrarwirtschaft Hamburg
de6c5383-04ec-43ef-a8ab-249b3df3bc40;HLNUG;Hessisches Landesamt für Naturschutz, Umwelt und Geologie
de6c5383-04ec-43ef-a8ab-249b3df3bc40;LUNG-MV;Landesamt für Umwelt, Naturschutz und Geologie Mecklenburg-Vorpommern
de6c5383-04ec-43ef-a8ab-249b3df3bc40;NLWKN;Niedersächsischer Landesbetrieb für Wasserwirtschaft, Küsten- und Naturschutz
de6c5383-04ec-43ef-a8ab-249b3df3bc40;LANUV-NRW;Landesamt für Natur, Umwelt und Verbraucherschutz Nordrhein-Westfalen
de6c5383-04ec-43ef-a8ab-249b3df3bc40;LfU-RLP;Landesamt für Umwelt Rheinland-Pfalz
de6c5383-04ec-43ef-a8ab-249b3df3bc40;LUA-SL;Landesamt für Umwelt- und Arbeitsschutz des Saarlandes
de6c5383-04ec-43ef-a8ab-249b3df3bc40;LfULG;Sächsisches Landesamt für Umwelt, Landwirtschaft und Geologie 
de6c5383-04ec-43ef-a8ab-249b3df3bc40;LAU-ST;Landesamt für Umweltschutz Sachsen-Anhalt
de6c5383-04ec-43ef-a8ab-249b3df3bc40;LLUR-SH;Landesamt für Landwirtschaft, Umwelt und ländliche Räume Schleswig-Holstein
de6c5383-04ec-43ef-a8ab-249b3df3bc40;TLUBN;Thüringer Landesamt für Umwelt, Bergbau und Naturschutz
e56cba82-bfce-4851-a5db-1f87fb969ded;LUBW;Landesanstalt für Umwelt Baden-Württemberg
e56cba82-bfce-4851-a5db-1f87fb969ded;LfU-BY;Bayerisches Landesamt für Umwelt
e56cba82-bfce-4851-a5db-1f87fb969ded;SenUMVK;Senatsverwaltung für Mobilität, Verkehr, Klimaschutz und Umwelt
e56cba82-bfce-4851-a5db-1f87fb969ded;LfU-BB;Landesamt für Umwelt Brandenburg
e56cba82-bfce-4851-a5db-1f87fb969ded;UBB;Umweltbetrieb Bremen
e56cba82-bfce-4851-a5db-1f87fb969ded;BUKEA-HH;Behörde für Umwelt, Klima, Energie und Agrarwirtschaft Hamburg
e56cba82-bfce-4851-a5db-1f87fb969ded;HLNUG;Hessisches Landesamt für Naturschutz, Umwelt und Geologie
e56cba82-bfce-4851-a5db-1f87fb969ded;LUNG-MV;Landesamt für Umwelt, Naturschutz und Geologie Mecklenburg-Vorpommern
e56cba82-bfce-4851-a5db-1f87fb969ded;NLWKN;Niedersächsischer Landesbetrieb für Wasserwirtschaft, Küsten- und Naturschutz
e56cba82-bfce-4851-a5db-1f87fb969ded;LANUV-NRW;Landesamt für Natur, Umwelt und Verbraucherschutz Nordrhein-Westfalen
e56cba82-bfce-4851-a5db-1f87fb969ded;LfU-RLP;Landesamt für Umwelt Rheinland-Pfalz
e56cba82-bfce-4851-a5db-1f87fb969ded;LUA-SL;Landesamt für Umwelt- und Arbeitsschutz des Saarlandes
e56cba82-bfce-4851-a5db-1f87fb969ded;LfULG;Sächsisches Landesamt für Umwelt, Landwirtschaft und Geologie 
e56cba82-bfce-4851-a5db-1f87fb969ded;LAU-ST;Landesamt für Umweltschutz Sachsen-Anhalt
e56cba82-bfce-4851-a5db-1f87fb969ded;LLUR-SH;Landesamt für Landwirtschaft, Umwelt und ländliche Räume Schleswig-Holstein
e56cba82-bfce-4851-a5db-1f87fb969ded;TLUBN;Thüringer Landesamt für Umwelt, Bergbau und Naturschutz
e7ef09d8-c5df-4d9c-9737-69ce2e81c3e1;LUBW;Landesanstalt für Umwelt Baden-Württemberg
e7ef09d8-c5df-4d9c-9737-69ce2e81c3e1;LfU-BY;Bayerisches Landesamt für Umwelt
e7ef09d8-c5df-4d9c-9737-69ce2e81c3e1;SenUMVK;Senatsverwaltung für Mobilität, Verkehr, Klimaschutz und Umwelt
e7ef09d8-c5df-4d9c-9737-69ce2e81c3e1;LfU-BB;Landesamt für Umwelt Brandenburg
e7ef09d8-c5df-4d9c-9737-69ce2e81c3e1;UBB;Umweltbetrieb Bremen
e7ef09d8-c5df-4d9c-9737-69ce2e81c3e1;BUKEA-HH;Behörde für Umwelt, Klima, Energie und Agrarwirtschaft Hamburg
e7ef09d8-c5df-4d9c-9737-69ce2e81c3e1;HLNUG;Hessisches Landesamt für Naturschutz, Umwelt und Geologie
e7ef09d8-c5df-4d9c-9737-69ce2e81c3e1;LUNG-MV;Landesamt für Umwelt, Naturschutz und Geologie Mecklenburg-Vorpommern
e7ef09d8-c5df-4d9c-9737-69ce2e81c3e1;NLWKN;Niedersächsischer Landesbetrieb für Wasserwirtschaft, Küsten- und Naturschutz
e7ef09d8-c5df-4d9c-9737-69ce2e81c3e1;LANUV-NRW;Landesamt für Natur, Umwelt und Verbraucherschutz Nordrhein-Westfalen
e7ef09d8-c5df-4d9c-9737-69ce2e81c3e1;LfU-RLP;Landesamt für Umwelt Rheinland-Pfalz
e7ef09d8-c5df-4d9c-9737-69ce2e81c3e1;LUA-SL;Landesamt für Umwelt- und Arbeitsschutz des Saarlandes
e7ef09d8-c5df-4d9c-9737-69ce2e81c3e1;LfULG;Sächsisches Landesamt für Umwelt, Landwirtschaft und Geologie 
e7ef09d8-c5df-4d9c-9737-69ce2e81c3e1;LAU-ST;Landesamt für Umweltschutz Sachsen-Anhalt
e7ef09d8-c5df-4d9c-9737-69ce2e81c3e1;LLUR-SH;Landesamt für Landwirtschaft, Umwelt und ländliche Räume Schleswig-Holstein
e7ef09d8-c5df-4d9c-9737-69ce2e81c3e1;TLUBN;Thüringer Landesamt für Umwelt, Bergbau und Naturschutz
efa040e0-12b7-4684-9e5e-f29eb8f2d87a;LUBW;Landesanstalt für Umwelt Baden-Württemberg
efa040e0-12b7-4684-9e5e-f29eb8f2d87a;LfU-BY;Bayerisches Landesamt für Umwelt
efa040e0-12b7-4684-9e5e-f29eb8f2d87a;SenUMVK;Senatsverwaltung für Mobilität, Verkehr, Klimaschutz und Umwelt
efa040e0-12b7-4684-9e5e-f29eb8f2d87a;LfU-BB;Landesamt für Umwelt Brandenburg
efa040e0-12b7-4684-9e5e-f29eb8f2d87a;UBB;Umweltbetrieb Bremen
efa040e0-12b7-4684-9e5e-f29eb8f2d87a;BUKEA-HH;Behörde für Umwelt, Klima, Energie und Agrarwirtschaft Hamburg
efa040e0-12b7-4684-9e5e-f29eb8f2d87a;HLNUG;Hessisches Landesamt für Naturschutz, Umwelt und Geologie
efa040e0-12b7-4684-9e5e-f29eb8f2d87a;LUNG-MV;Landesamt für Umwelt, Naturschutz und Geologie Mecklenburg-Vorpommern
efa040e0-12b7-4684-9e5e-f29eb8f2d87a;NLWKN;Niedersächsischer Landesbetrieb für Wasserwirtschaft, Küsten- und Naturschutz
efa040e0-12b7-4684-9e5e-f29eb8f2d87a;LANUV-NRW;Landesamt für Natur, Umwelt und Verbraucherschutz Nordrhein-Westfalen
efa040e0-12b7-4684-9e5e-f29eb8f2d87a;LfU-RLP;Landesamt für Umwelt Rheinland-Pfalz
efa040e0-12b7-4684-9e5e-f29eb8f2d87a;LUA-SL;Landesamt für Umwelt- und Arbeitsschutz des Saarlandes
efa040e0-12b7-4684-9e5e-f29eb8f2d87a;LfULG;Sächsisches Landesamt für Umwelt, Landwirtschaft und Geologie 
efa040e0-12b7-4684-9e5e-f29eb8f2d87a;LAU-ST;Landesamt für Umweltschutz Sachsen-Anhalt
efa040e0-12b7-4684-9e5e-f29eb8f2d87a;LLUR-SH;Landesamt für Landwirtschaft, Umwelt und ländliche Räume Schleswig-Holstein
efa040e0-12b7-4684-9e5e-f29eb8f2d87a;TLUBN;Thüringer Landesamt für Umwelt, Bergbau und Naturschutz
fa3763cc-187b-4836-95d2-fad9525fe843;LUBW;Landesanstalt für Umwelt Baden-Württemberg
fa3763cc-187b-4836-95d2-fad9525fe843;LfU-BY;Bayerisches Landesamt für Umwelt
fa3763cc-187b-4836-95d2-fad9525fe843;SenUMVK;Senatsverwaltung für Mobilität, Verkehr, Klimaschutz und Umwelt
fa3763cc-187b-4836-95d2-fad9525fe843;LfU-BB;Landesamt für Umwelt Brandenburg
fa3763cc-187b-4836-95d2-fad9525fe843;UBB;Umweltbetrieb Bremen
fa3763cc-187b-4836-95d2-fad9525fe843;BUKEA-HH;Behörde für Umwelt, Klima, Energie und Agrarwirtschaft Hamburg
fa3763cc-187b-4836-95d2-fad9525fe843;HLNUG;Hessisches Landesamt für Naturschutz, Umwelt und Geologie
fa3763cc-187b-4836-95d2-fad9525fe843;LUNG-MV;Landesamt für Umwelt, Naturschutz und Geologie Mecklenburg-Vorpommern
fa3763cc-187b-4836-95d2-fad9525fe843;NLWKN;Niedersächsischer Landesbetrieb für Wasserwirtschaft, Küsten- und Naturschutz
fa3763cc-187b-4836-95d2-fad9525fe843;LANUV-NRW;Landesamt für Natur, Umwelt und Verbraucherschutz Nordrhein-Westfalen
fa3763cc-187b-4836-95d2-fad9525fe843;LfU-RLP;Landesamt für Umwelt Rheinland-Pfalz
fa3763cc-187b-4836-95d2-fad9525fe843;LUA-SL;Landesamt für Umwelt- und Arbeitsschutz des Saarlandes
fa3763cc-187b-4836-95d2-fad9525fe843;LfULG;Sächsisches Landesamt für Umwelt, Landwirtschaft und Geologie 
fa3763cc-187b-4836-95d2-fad9525fe843;LAU-ST;Landesamt für Umweltschutz Sachsen-Anhalt
fa3763cc-187b-4836-95d2-fad9525fe843;LLUR-SH;Landesamt für Landwirtschaft, Umwelt und ländliche Räume Schleswig-Holstein
fa3763cc-187b-4836-95d2-fad9525fe843;TLUBN;Thüringer Landesamt für Umwelt, Bergbau und Naturschutz
1351f751-fa94-4440-90f7-25194efa10c1;LUBW;Landesanstalt für Umwelt Baden-Württemberg
1351f751-fa94-4440-90f7-25194efa10c1;LfU-BY;Bayerisches Landesamt für Umwelt
1351f751-fa94-4440-90f7-25194efa10c1;SenUMVK;Senatsverwaltung für Mobilität, Verkehr, Klimaschutz und Umwelt
1351f751-fa94-4440-90f7-25194efa10c1;LfU-BB;Landesamt für Umwelt Brandenburg
1351f751-fa94-4440-90f7-25194efa10c1;UBB;Umweltbetrieb Bremen
1351f751-fa94-4440-90f7-25194efa10c1;BUKEA-HH;Behörde für Umwelt, Klima, Energie und Agrarwirtschaft Hamburg
1351f751-fa94-4440-90f7-25194efa10c1;HLNUG;Hessisches Landesamt für Naturschutz, Umwelt und Geologie
1351f751-fa94-4440-90f7-25194efa10c1;LUNG-MV;Landesamt für Umwelt, Naturschutz und Geologie Mecklenburg-Vorpommern
1351f751-fa94-4440-90f7-25194efa10c1;NLWKN;Niedersächsischer Landesbetrieb für Wasserwirtschaft, Küsten- und Naturschutz
1351f751-fa94-4440-90f7-25194efa10c1;LANUV-NRW;Landesamt für Natur, Umwelt und Verbraucherschutz Nordrhein-Westfalen
1351f751-fa94-4440-90f7-25194efa10c1;LfU-RLP;Landesamt für Umwelt Rheinland-Pfalz
1351f751-fa94-4440-90f7-25194efa10c1;LUA-SL;Landesamt für Umwelt- und Arbeitsschutz des Saarlandes
1351f751-fa94-4440-90f7-25194efa10c1;LfULG;Sächsisches Landesamt für Umwelt, Landwirtschaft und Geologie 
1351f751-fa94-4440-90f7-25194efa10c1;LAU-ST;Landesamt für Umweltschutz Sachsen-Anhalt
1351f751-fa94-4440-90f7-25194efa10c1;LLUR-SH;Landesamt für Landwirtschaft, Umwelt und ländliche Räume Schleswig-Holstein
1351f751-fa94-4440-90f7-25194efa10c1;TLUBN;Thüringer Landesamt für Umwelt, Bergbau und Naturschutz
18587ae6-c6e6-4129-8b9c-152d0e13e6d7;LUBW;Landesanstalt für Umwelt Baden-Württemberg
18587ae6-c6e6-4129-8b9c-152d0e13e6d7;LfU-BY;Bayerisches Landesamt für Umwelt
18587ae6-c6e6-4129-8b9c-152d0e13e6d7;SenUMVK;Senatsverwaltung für Mobilität, Verkehr, Klimaschutz und Umwelt
18587ae6-c6e6-4129-8b9c-152d0e13e6d7;LfU-BB;Landesamt für Umwelt Brandenburg
18587ae6-c6e6-4129-8b9c-152d0e13e6d7;UBB;Umweltbetrieb Bremen
18587ae6-c6e6-4129-8b9c-152d0e13e6d7;BUKEA-HH;Behörde für Umwelt, Klima, Energie und Agrarwirtschaft Hamburg
18587ae6-c6e6-4129-8b9c-152d0e13e6d7;HLNUG;Hessisches Landesamt für Naturschutz, Umwelt und Geologie
18587ae6-c6e6-4129-8b9c-152d0e13e6d7;LUNG-MV;Landesamt für Umwelt, Naturschutz und Geologie Mecklenburg-Vorpommern
18587ae6-c6e6-4129-8b9c-152d0e13e6d7;NLWKN;Niedersächsischer Landesbetrieb für Wasserwirtschaft, Küsten- und Naturschutz
18587ae6-c6e6-4129-8b9c-152d0e13e6d7;LANUV-NRW;Landesamt für Natur, Umwelt und Verbraucherschutz Nordrhein-Westfalen
18587ae6-c6e6-4129-8b9c-152d0e13e6d7;LfU-RLP;Landesamt für Umwelt Rheinland-Pfalz
18587ae6-c6e6-4129-8b9c-152d0e13e6d7;LUA-SL;Landesamt für Umwelt- und Arbeitsschutz des Saarlandes
18587ae6-c6e6-4129-8b9c-152d0e13e6d7;LfULG;Sächsisches Landesamt für Umwelt, Landwirtschaft und Geologie 
18587ae6-c6e6-4129-8b9c-152d0e13e6d7;LAU-ST;Landesamt für Umweltschutz Sachsen-Anhalt
18587ae6-c6e6-4129-8b9c-152d0e13e6d7;LLUR-SH;Landesamt für Landwirtschaft, Umwelt und ländliche Räume Schleswig-Holstein
18587ae6-c6e6-4129-8b9c-152d0e13e6d7;TLUBN;Thüringer Landesamt für Umwelt, Bergbau und Naturschutz
2a6b7681-2a97-42b3-b394-43e94b1eb4d5;LUBW;Landesanstalt für Umwelt Baden-Württemberg
2a6b7681-2a97-42b3-b394-43e94b1eb4d5;LfU-BY;Bayerisches Landesamt für Umwelt
2a6b7681-2a97-42b3-b394-43e94b1eb4d5;SenUMVK;Senatsverwaltung für Mobilität, Verkehr, Klimaschutz und Umwelt
2a6b7681-2a97-42b3-b394-43e94b1eb4d5;LfU-BB;Landesamt für Umwelt Brandenburg
2a6b7681-2a97-42b3-b394-43e94b1eb4d5;UBB;Umweltbetrieb Bremen
2a6b7681-2a97-42b3-b394-43e94b1eb4d5;BUKEA-HH;Behörde für Umwelt, Klima, Energie und Agrarwirtschaft Hamburg
2a6b7681-2a97-42b3-b394-43e94b1eb4d5;HLNUG;Hessisches Landesamt für Naturschutz, Umwelt und Geologie
2a6b7681-2a97-42b3-b394-43e94b1eb4d5;LUNG-MV;Landesamt für Umwelt, Naturschutz und Geologie Mecklenburg-Vorpommern
2a6b7681-2a97-42b3-b394-43e94b1eb4d5;NLWKN;Niedersächsischer Landesbetrieb für Wasserwirtschaft, Küsten- und Naturschutz
2a6b7681-2a97-42b3-b394-43e94b1eb4d5;LANUV-NRW;Landesamt für Natur, Umwelt und Verbraucherschutz Nordrhein-Westfalen
2a6b7681-2a97-42b3-b394-43e94b1eb4d5;LfU-RLP;Landesamt für Umwelt Rheinland-Pfalz
2a6b7681-2a97-42b3-b394-43e94b1eb4d5;LUA-SL;Landesamt für Umwelt- und Arbeitsschutz des Saarlandes
2a6b7681-2a97-42b3-b394-43e94b1eb4d5;LfULG;Sächsisches Landesamt für Umwelt, Landwirtschaft und Geologie 
2a6b7681-2a97-42b3-b394-43e94b1eb4d5;LAU-ST;Landesamt für Umweltschutz Sachsen-Anhalt
2a6b7681-2a97-42b3-b394-43e94b1eb4d5;LLUR-SH;Landesamt für Landwirtschaft, Umwelt und ländliche Räume Schleswig-Holstein
2a6b7681-2a97-42b3-b394-43e94b1eb4d5;TLUBN;Thüringer Landesamt für Umwelt, Bergbau und Naturschutz
57968b60-457d-45b7-a053-fde119e8f2db;LUBW;Landesanstalt für Umwelt Baden-Württemberg
57968b60-457d-45b7-a053-fde119e8f2db;LfU-BY;Bayerisches Landesamt für Umwelt
57968b60-457d-45b7-a053-fde119e8f2db;SenUMVK;Senatsverwaltung für Mobilität, Verkehr, Klimaschutz und Umwelt
57968b60-457d-45b7-a053-fde119e8f2db;LfU-BB;Landesamt für Umwelt Brandenburg
57968b60-457d-45b7-a053-fde119e8f2db;UBB;Umweltbetrieb Bremen
57968b60-457d-45b7-a053-fde119e8f2db;BUKEA-HH;Behörde für Umwelt, Klima, Energie und Agrarwirtschaft Hamburg
57968b60-457d-45b7-a053-fde119e8f2db;HLNUG;Hessisches Landesamt für Naturschutz, Umwelt und Geologie
57968b60-457d-45b7-a053-fde119e8f2db;LUNG-MV;Landesamt für Umwelt, Naturschutz und Geologie Mecklenburg-Vorpommern
57968b60-457d-45b7-a053-fde119e8f2db;NLWKN;Niedersächsischer Landesbetrieb für Wasserwirtschaft, Küsten- und Naturschutz
57968b60-457d-45b7-a053-fde119e8f2db;LANUV-NRW;Landesamt für Natur, Umwelt und Verbraucherschutz Nordrhein-Westfalen
57968b60-457d-45b7-a053-fde119e8f2db;LfU-RLP;Landesamt für Umwelt Rheinland-Pfalz
57968b60-457d-45b7-a053-fde119e8f2db;LUA-SL;Landesamt für Umwelt- und Arbeitsschutz des Saarlandes
57968b60-457d-45b7-a053-fde119e8f2db;LfULG;Sächsisches Landesamt für Umwelt, Landwirtschaft und Geologie 
57968b60-457d-45b7-a053-fde119e8f2db;LAU-ST;Landesamt für Umweltschutz Sachsen-Anhalt
57968b60-457d-45b7-a053-fde119e8f2db;LLUR-SH;Landesamt für Landwirtschaft, Umwelt und ländliche Räume Schleswig-Holstein
57968b60-457d-45b7-a053-fde119e8f2db;TLUBN;Thüringer Landesamt für Umwelt, Bergbau und Naturschutz
583972eb-725c-4805-a301-50dbffe2dacd;LUBW;Landesanstalt für Umwelt Baden-Württemberg
583972eb-725c-4805-a301-50dbffe2dacd;LfU-BY;Bayerisches Landesamt für Umwelt
583972eb-725c-4805-a301-50dbffe2dacd;SenUMVK;Senatsverwaltung für Mobilität, Verkehr, Klimaschutz und Umwelt
583972eb-725c-4805-a301-50dbffe2dacd;LfU-BB;Landesamt für Umwelt Brandenburg
583972eb-725c-4805-a301-50dbffe2dacd;UBB;Umweltbetrieb Bremen
583972eb-725c-4805-a301-50dbffe2dacd;BUKEA-HH;Behörde für Umwelt, Klima, Energie und Agrarwirtschaft Hamburg
583972eb-725c-4805-a301-50dbffe2dacd;HLNUG;Hessisches Landesamt für Naturschutz, Umwelt und Geologie
583972eb-725c-4805-a301-50dbffe2dacd;LUNG-MV;Landesamt für Umwelt, Naturschutz und Geologie Mecklenburg-Vorpommern
583972eb-725c-4805-a301-50dbffe2dacd;NLWKN;Niedersächsischer Landesbetrieb für Wasserwirtschaft, Küsten- und Naturschutz
583972eb-725c-4805-a301-50dbffe2dacd;LANUV-NRW;Landesamt für Natur, Umwelt und Verbraucherschutz Nordrhein-Westfalen
583972eb-725c-4805-a301-50dbffe2dacd;LfU-RLP;Landesamt für Umwelt Rheinland-Pfalz
583972eb-725c-4805-a301-50dbffe2dacd;LUA-SL;Landesamt für Umwelt- und Arbeitsschutz des Saarlandes
583972eb-725c-4805-a301-50dbffe2dacd;LfULG;Sächsisches Landesamt für Umwelt, Landwirtschaft und Geologie 
583972eb-725c-4805-a301-50dbffe2dacd;LAU-ST;Landesamt für Umweltschutz Sachsen-Anhalt
583972eb-725c-4805-a301-50dbffe2dacd;LLUR-SH;Landesamt für Landwirtschaft, Umwelt und ländliche Räume Schleswig-Holstein
583972eb-725c-4805-a301-50dbffe2dacd;TLUBN;Thüringer Landesamt für Umwelt, Bergbau und Naturschutz
17ca3bfb-89f8-4b6d-84b5-d5a0807b4ba4;LUBW;Landesanstalt für Umwelt Baden-Württemberg
17ca3bfb-89f8-4b6d-84b5-d5a0807b4ba4;LfU-BY;Bayerisches Landesamt für Umwelt
17ca3bfb-89f8-4b6d-84b5-d5a0807b4ba4;SenUMVK;Senatsverwaltung für Mobilität, Verkehr, Klimaschutz und Umwelt
17ca3bfb-89f8-4b6d-84b5-d5a0807b4ba4;LfU-BB;Landesamt für Umwelt Brandenburg
17ca3bfb-89f8-4b6d-84b5-d5a0807b4ba4;UBB;Umweltbetrieb Bremen
17ca3bfb-89f8-4b6d-84b5-d5a0807b4ba4;BUKEA-HH;Behörde für Umwelt, Klima, Energie und Agrarwirtschaft Hamburg
17ca3bfb-89f8-4b6d-84b5-d5a0807b4ba4;HLNUG;Hessisches Landesamt für Naturschutz, Umwelt und Geologie
17ca3bfb-89f8-4b6d-84b5-d5a0807b4ba4;LUNG-MV;Landesamt für Umwelt, Naturschutz und Geologie Mecklenburg-Vorpommern
17ca3bfb-89f8-4b6d-84b5-d5a0807b4ba4;NLWKN;Niedersächsischer Landesbetrieb für Wasserwirtschaft, Küsten- und Naturschutz
17ca3bfb-89f8-4b6d-84b5-d5a0807b4ba4;LANUV-NRW;Landesamt für Natur, Umwelt und Verbraucherschutz Nordrhein-Westfalen
17ca3bfb-89f8-4b6d-84b5-d5a0807b4ba4;LfU-RLP;Landesamt für Umwelt Rheinland-Pfalz
17ca3bfb-89f8-4b6d-84b5-d5a0807b4ba4;LUA-SL;Landesamt für Umwelt- und Arbeitsschutz des Saarlandes
17ca3bfb-89f8-4b6d-84b5-d5a0807b4ba4;LfULG;Sächsisches Landesamt für Umwelt, Landwirtschaft und Geologie 
17ca3bfb-89f8-4b6d-84b5-d5a0807b4ba4;LAU-ST;Landesamt für Umweltschutz Sachsen-Anhalt
17ca3bfb-89f8-4b6d-84b5-d5a0807b4ba4;LLUR-SH;Landesamt für Landwirtschaft, Umwelt und ländliche Räume Schleswig-Holstein
17ca3bfb-89f8-4b6d-84b5-d5a0807b4ba4;TLUBN;Thüringer Landesamt für Umwelt, Bergbau und Naturschutz
7134343f-00a7-4c8e-9847-69aed6754a37;LUBW;Landesanstalt für Umwelt Baden-Württemberg
7134343f-00a7-4c8e-9847-69aed6754a37;LfU-BY;Bayerisches Landesamt für Umwelt
7134343f-00a7-4c8e-9847-69aed6754a37;SenUMVK;Senatsverwaltung für Mobilität, Verkehr, Klimaschutz und Umwelt
7134343f-00a7-4c8e-9847-69aed6754a37;LfU-BB;Landesamt für Umwelt Brandenburg
7134343f-00a7-4c8e-9847-69aed6754a37;UBB;Umweltbetrieb Bremen
7134343f-00a7-4c8e-9847-69aed6754a37;BUKEA-HH;Behörde für Umwelt, Klima, Energie und Agrarwirtschaft Hamburg
7134343f-00a7-4c8e-9847-69aed6754a37;HLNUG;Hessisches Landesamt für Naturschutz, Umwelt und Geologie
7134343f-00a7-4c8e-9847-69aed6754a37;LUNG-MV;Landesamt für Umwelt, Naturschutz und Geologie Mecklenburg-Vorpommern
7134343f-00a7-4c8e-9847-69aed6754a37;NLWKN;Niedersächsischer Landesbetrieb für Wasserwirtschaft, Küsten- und Naturschutz
7134343f-00a7-4c8e-9847-69aed6754a37;LANUV-NRW;Landesamt für Natur, Umwelt und Verbraucherschutz Nordrhein-Westfalen
7134343f-00a7-4c8e-9847-69aed6754a37;LfU-RLP;Landesamt für Umwelt Rheinland-Pfalz
7134343f-00a7-4c8e-9847-69aed6754a37;LUA-SL;Landesamt für Umwelt- und Arbeitsschutz des Saarlandes
7134343f-00a7-4c8e-9847-69aed6754a37;LfULG;Sächsisches Landesamt für Umwelt, Landwirtschaft und Geologie 
7134343f-00a7-4c8e-9847-69aed6754a37;LAU-ST;Landesamt für Umweltschutz Sachsen-Anhalt
7134343f-00a7-4c8e-9847-69aed6754a37;LLUR-SH;Landesamt für Landwirtschaft, Umwelt und ländliche Räume Schleswig-Holstein
7134343f-00a7-4c8e-9847-69aed6754a37;TLUBN;Thüringer Landesamt für Umwelt, Bergbau und Naturschutz
7de11d6b-8b89-4647-a842-d567e0144336;LUBW;Landesanstalt für Umwelt Baden-Württemberg
7de11d6b-8b89-4647-a842-d567e0144336;LfU-BY;Bayerisches Landesamt für Umwelt
7de11d6b-8b89-4647-a842-d567e0144336;SenUMVK;Senatsverwaltung für Mobilität, Verkehr, Klimaschutz und Umwelt
7de11d6b-8b89-4647-a842-d567e0144336;LfU-BB;Landesamt für Umwelt Brandenburg
7de11d6b-8b89-4647-a842-d567e0144336;UBB;Umweltbetrieb Bremen
7de11d6b-8b89-4647-a842-d567e0144336;BUKEA-HH;Behörde für Umwelt, Klima, Energie und Agrarwirtschaft Hamburg
7de11d6b-8b89-4647-a842-d567e0144336;HLNUG;Hessisches Landesamt für Naturschutz, Umwelt und Geologie
7de11d6b-8b89-4647-a842-d567e0144336;LUNG-MV;Landesamt für Umwelt, Naturschutz und Geologie Mecklenburg-Vorpommern
7de11d6b-8b89-4647-a842-d567e0144336;NLWKN;Niedersächsischer Landesbetrieb für Wasserwirtschaft, Küsten- und Naturschutz
7de11d6b-8b89-4647-a842-d567e0144336;LANUV-NRW;Landesamt für Natur, Umwelt und Verbraucherschutz Nordrhein-Westfalen
7de11d6b-8b89-4647-a842-d567e0144336;LfU-RLP;Landesamt für Umwelt Rheinland-Pfalz
7de11d6b-8b89-4647-a842-d567e0144336;LUA-SL;Landesamt für Umwelt- und Arbeitsschutz des Saarlandes
7de11d6b-8b89-4647-a842-d567e0144336;LfULG;Sächsisches Landesamt für Umwelt, Landwirtschaft und Geologie 
7de11d6b-8b89-4647-a842-d567e0144336;LAU-ST;Landesamt für Umweltschutz Sachsen-Anhalt
7de11d6b-8b89-4647-a842-d567e0144336;LLUR-SH;Landesamt für Landwirtschaft, Umwelt und ländliche Räume Schleswig-Holstein
7de11d6b-8b89-4647-a842-d567e0144336;TLUBN;Thüringer Landesamt für Umwelt, Bergbau und Naturschutz
91def742-703b-4964-80c7-6b029e386351;LUBW;Landesanstalt für Umwelt Baden-Württemberg
91def742-703b-4964-80c7-6b029e386351;LfU-BY;Bayerisches Landesamt für Umwelt
91def742-703b-4964-80c7-6b029e386351;SenUMVK;Senatsverwaltung für Mobilität, Verkehr, Klimaschutz und Umwelt
91def742-703b-4964-80c7-6b029e386351;LfU-BB;Landesamt für Umwelt Brandenburg
91def742-703b-4964-80c7-6b029e386351;UBB;Umweltbetrieb Bremen
91def742-703b-4964-80c7-6b029e386351;BUKEA-HH;Behörde für Umwelt, Klima, Energie und Agrarwirtschaft Hamburg
91def742-703b-4964-80c7-6b029e386351;HLNUG;Hessisches Landesamt für Naturschutz, Umwelt und Geologie
91def742-703b-4964-80c7-6b029e386351;LUNG-MV;Landesamt für Umwelt, Naturschutz und Geologie Mecklenburg-Vorpommern
91def742-703b-4964-80c7-6b029e386351;NLWKN;Niedersächsischer Landesbetrieb für Wasserwirtschaft, Küsten- und Naturschutz
91def742-703b-4964-80c7-6b029e386351;LANUV-NRW;Landesamt für Natur, Umwelt und Verbraucherschutz Nordrhein-Westfalen
91def742-703b-4964-80c7-6b029e386351;LfU-RLP;Landesamt für Umwelt Rheinland-Pfalz
91def742-703b-4964-80c7-6b029e386351;LUA-SL;Landesamt für Umwelt- und Arbeitsschutz des Saarlandes
91def742-703b-4964-80c7-6b029e386351;LfULG;Sächsisches Landesamt für Umwelt, Landwirtschaft und Geologie 
91def742-703b-4964-80c7-6b029e386351;LAU-ST;Landesamt für Umweltschutz Sachsen-Anhalt
91def742-703b-4964-80c7-6b029e386351;LLUR-SH;Landesamt für Landwirtschaft, Umwelt und ländliche Räume Schleswig-Holstein
91def742-703b-4964-80c7-6b029e386351;TLUBN;Thüringer Landesamt für Umwelt, Bergbau und Naturschutz
99d611ee-4ec1-46d4-bb4e-a840f861fbe8;LUBW;Landesanstalt für Umwelt Baden-Württemberg
99d611ee-4ec1-46d4-bb4e-a840f861fbe8;LfU-BY;Bayerisches Landesamt für Umwelt
99d611ee-4ec1-46d4-bb4e-a840f861fbe8;SenUMVK;Senatsverwaltung für Mobilität, Verkehr, Klimaschutz und Umwelt
99d611ee-4ec1-46d4-bb4e-a840f861fbe8;LfU-BB;Landesamt für Umwelt Brandenburg
99d611ee-4ec1-46d4-bb4e-a840f861fbe8;UBB;Umweltbetrieb Bremen
99d611ee-4ec1-46d4-bb4e-a840f861fbe8;BUKEA-HH;Behörde für Umwelt, Klima, Energie und Agrarwirtschaft Hamburg
99d611ee-4ec1-46d4-bb4e-a840f861fbe8;HLNUG;Hessisches Landesamt für Naturschutz, Umwelt und Geologie
99d611ee-4ec1-46d4-bb4e-a840f861fbe8;LUNG-MV;Landesamt für Umwelt, Naturschutz und Geologie Mecklenburg-Vorpommern
99d611ee-4ec1-46d4-bb4e-a840f861fbe8;NLWKN;Niedersächsischer Landesbetrieb für Wasserwirtschaft, Küsten- und Naturschutz
99d611ee-4ec1-46d4-bb4e-a840f861fbe8;LANUV-NRW;Landesamt für Natur, Umwelt und Verbraucherschutz Nordrhein-Westfalen
99d611ee-4ec1-46d4-bb4e-a840f861fbe8;LfU-RLP;Landesamt für Umwelt Rheinland-Pfalz
99d611ee-4ec1-46d4-bb4e-a840f861fbe8;LUA-SL;Landesamt für Umwelt- und Arbeitsschutz des Saarlandes
99d611ee-4ec1-46d4-bb4e-a840f861fbe8;LfULG;Sächsisches Landesamt für Umwelt, Landwirtschaft und Geologie 
99d611ee-4ec1-46d4-bb4e-a840f861fbe8;LAU-ST;Landesamt für Umweltschutz Sachsen-Anhalt
99d611ee-4ec1-46d4-bb4e-a840f861fbe8;LLUR-SH;Landesamt für Landwirtschaft, Umwelt und ländliche Räume Schleswig-Holstein
99d611ee-4ec1-46d4-bb4e-a840f861fbe8;TLUBN;Thüringer Landesamt für Umwelt, Bergbau und Naturschutz
a7ba2e3c-ca2f-4bf0-9132-9df0b723b83b;LUBW;Landesanstalt für Umwelt Baden-Württemberg
a7ba2e3c-ca2f-4bf0-9132-9df0b723b83b;LfU-BY;Bayerisches Landesamt für Umwelt
a7ba2e3c-ca2f-4bf0-9132-9df0b723b83b;SenUMVK;Senatsverwaltung für Mobilität, Verkehr, Klimaschutz und Umwelt
a7ba2e3c-ca2f-4bf0-9132-9df0b723b83b;LfU-BB;Landesamt für Umwelt Brandenburg
a7ba2e3c-ca2f-4bf0-9132-9df0b723b83b;UBB;Umweltbetrieb Bremen
a7ba2e3c-ca2f-4bf0-9132-9df0b723b83b;BUKEA-HH;Behörde für Umwelt, Klima, Energie und Agrarwirtschaft Hamburg
a7ba2e3c-ca2f-4bf0-9132-9df0b723b83b;HLNUG;Hessisches Landesamt für Naturschutz, Umwelt und Geologie
a7ba2e3c-ca2f-4bf0-9132-9df0b723b83b;LUNG-MV;Landesamt für Umwelt, Naturschutz und Geologie Mecklenburg-Vorpommern
a7ba2e3c-ca2f-4bf0-9132-9df0b723b83b;NLWKN;Niedersächsischer Landesbetrieb für Wasserwirtschaft, Küsten- und Naturschutz
a7ba2e3c-ca2f-4bf0-9132-9df0b723b83b;LANUV-NRW;Landesamt für Natur, Umwelt und Verbraucherschutz Nordrhein-Westfalen
a7ba2e3c-ca2f-4bf0-9132-9df0b723b83b;LfU-RLP;Landesamt für Umwelt Rheinland-Pfalz
a7ba2e3c-ca2f-4bf0-9132-9df0b723b83b;LUA-SL;Landesamt für Umwelt- und Arbeitsschutz des Saarlandes
a7ba2e3c-ca2f-4bf0-9132-9df0b723b83b;LfULG;Sächsisches Landesamt für Umwelt, Landwirtschaft und Geologie 
a7ba2e3c-ca2f-4bf0-9132-9df0b723b83b;LAU-ST;Landesamt für Umweltschutz Sachsen-Anhalt
a7ba2e3c-ca2f-4bf0-9132-9df0b723b83b;LLUR-SH;Landesamt für Landwirtschaft, Umwelt und ländliche Räume Schleswig-Holstein
a7ba2e3c-ca2f-4bf0-9132-9df0b723b83b;TLUBN;Thüringer Landesamt für Umwelt, Bergbau und Naturschutz
aa24a453-eab6-4e0d-9ef9-6bb78caa09c0;LUBW;Landesanstalt für Umwelt Baden-Württemberg
aa24a453-eab6-4e0d-9ef9-6bb78caa09c0;LfU-BY;Bayerisches Landesamt für Umwelt
aa24a453-eab6-4e0d-9ef9-6bb78caa09c0;SenUMVK;Senatsverwaltung für Mobilität, Verkehr, Klimaschutz und Umwelt
aa24a453-eab6-4e0d-9ef9-6bb78caa09c0;LfU-BB;Landesamt für Umwelt Brandenburg
aa24a453-eab6-4e0d-9ef9-6bb78caa09c0;UBB;Umweltbetrieb Bremen
aa24a453-eab6-4e0d-9ef9-6bb78caa09c0;BUKEA-HH;Behörde für Umwelt, Klima, Energie und Agrarwirtschaft Hamburg
aa24a453-eab6-4e0d-9ef9-6bb78caa09c0;HLNUG;Hessisches Landesamt für Naturschutz, Umwelt und Geologie
aa24a453-eab6-4e0d-9ef9-6bb78caa09c0;LUNG-MV;Landesamt für Umwelt, Naturschutz und Geologie Mecklenburg-Vorpommern
aa24a453-eab6-4e0d-9ef9-6bb78caa09c0;NLWKN;Niedersächsischer Landesbetrieb für Wasserwirtschaft, Küsten- und Naturschutz
aa24a453-eab6-4e0d-9ef9-6bb78caa09c0;LANUV-NRW;Landesamt für Natur, Umwelt und Verbraucherschutz Nordrhein-Westfalen
aa24a453-eab6-4e0d-9ef9-6bb78caa09c0;LfU-RLP;Landesamt für Umwelt Rheinland-Pfalz
aa24a453-eab6-4e0d-9ef9-6bb78caa09c0;LUA-SL;Landesamt für Umwelt- und Arbeitsschutz des Saarlandes
aa24a453-eab6-4e0d-9ef9-6bb78caa09c0;LfULG;Sächsisches Landesamt für Umwelt, Landwirtschaft und Geologie 
aa24a453-eab6-4e0d-9ef9-6bb78caa09c0;LAU-ST;Landesamt für Umweltschutz Sachsen-Anhalt
aa24a453-eab6-4e0d-9ef9-6bb78caa09c0;LLUR-SH;Landesamt für Landwirtschaft, Umwelt und ländliche Räume Schleswig-Holstein
aa24a453-eab6-4e0d-9ef9-6bb78caa09c0;TLUBN;Thüringer Landesamt für Umwelt, Bergbau und Naturschutz
b38614d4-bfcf-4c06-9cd8-bcf928ac7c27;LUBW;Landesanstalt für Umwelt Baden-Württemberg
b38614d4-bfcf-4c06-9cd8-bcf928ac7c27;LfU-BY;Bayerisches Landesamt für Umwelt
b38614d4-bfcf-4c06-9cd8-bcf928ac7c27;SenUMVK;Senatsverwaltung für Mobilität, Verkehr, Klimaschutz und Umwelt
b38614d4-bfcf-4c06-9cd8-bcf928ac7c27;LfU-BB;Landesamt für Umwelt Brandenburg
b38614d4-bfcf-4c06-9cd8-bcf928ac7c27;UBB;Umweltbetrieb Bremen
b38614d4-bfcf-4c06-9cd8-bcf928ac7c27;BUKEA-HH;Behörde für Umwelt, Klima, Energie und Agrarwirtschaft Hamburg
b38614d4-bfcf-4c06-9cd8-bcf928ac7c27;HLNUG;Hessisches Landesamt für Naturschutz, Umwelt und Geologie
b38614d4-bfcf-4c06-9cd8-bcf928ac7c27;LUNG-MV;Landesamt für Umwelt, Naturschutz und Geologie Mecklenburg-Vorpommern
b38614d4-bfcf-4c06-9cd8-bcf928ac7c27;NLWKN;Niedersächsischer Landesbetrieb für Wasserwirtschaft, Küsten- und Naturschutz
b38614d4-bfcf-4c06-9cd8-bcf928ac7c27;LANUV-NRW;Landesamt für Natur, Umwelt und Verbraucherschutz Nordrhein-Westfalen
b38614d4-bfcf-4c06-9cd8-bcf928ac7c27;LfU-RLP;Landesamt für Umwelt Rheinland-Pfalz
b38614d4-bfcf-4c06-9cd8-bcf928ac7c27;LUA-SL;Landesamt für Umwelt- und Arbeitsschutz des Saarlandes
b38614d4-bfcf-4c06-9cd8-bcf928ac7c27;LfULG;Sächsisches Landesamt für Umwelt, Landwirtschaft und Geologie 
b38614d4-bfcf-4c06-9cd8-bcf928ac7c27;LAU-ST;Landesamt für Umweltschutz Sachsen-Anhalt
b38614d4-bfcf-4c06-9cd8-bcf928ac7c27;LLUR-SH;Landesamt für Landwirtschaft, Umwelt und ländliche Räume Schleswig-Holstein
b38614d4-bfcf-4c06-9cd8-bcf928ac7c27;TLUBN;Thüringer Landesamt für Umwelt, Bergbau und Naturschutz
e8edaa6d-eed7-40ad-8ff7-82b731f8e0c8;LUBW;Landesanstalt für Umwelt Baden-Württemberg
e8edaa6d-eed7-40ad-8ff7-82b731f8e0c8;LfU-BY;Bayerisches Landesamt für Umwelt
e8edaa6d-eed7-40ad-8ff7-82b731f8e0c8;SenUMVK;Senatsverwaltung für Mobilität, Verkehr, Klimaschutz und Umwelt
e8edaa6d-eed7-40ad-8ff7-82b731f8e0c8;LfU-BB;Landesamt für Umwelt Brandenburg
e8edaa6d-eed7-40ad-8ff7-82b731f8e0c8;UBB;Umweltbetrieb Bremen
e8edaa6d-eed7-40ad-8ff7-82b731f8e0c8;BUKEA-HH;Behörde für Umwelt, Klima, Energie und Agrarwirtschaft Hamburg
e8edaa6d-eed7-40ad-8ff7-82b731f8e0c8;HLNUG;Hessisches Landesamt für Naturschutz, Umwelt und Geologie
e8edaa6d-eed7-40ad-8ff7-82b731f8e0c8;LUNG-MV;Landesamt für Umwelt, Naturschutz und Geologie Mecklenburg-Vorpommern
e8edaa6d-eed7-40ad-8ff7-82b731f8e0c8;NLWKN;Niedersächsischer Landesbetrieb für Wasserwirtschaft, Küsten- und Naturschutz
e8edaa6d-eed7-40ad-8ff7-82b731f8e0c8;LANUV-NRW;Landesamt für Natur, Umwelt und Verbraucherschutz Nordrhein-Westfalen
e8edaa6d-eed7-40ad-8ff7-82b731f8e0c8;LfU-RLP;Landesamt für Umwelt Rheinland-Pfalz
e8edaa6d-eed7-40ad-8ff7-82b731f8e0c8;LUA-SL;Landesamt für Umwelt- und Arbeitsschutz des Saarlandes
e8edaa6d-eed7-40ad-8ff7-82b731f8e0c8;LfULG;Sächsisches Landesamt für Umwelt, Landwirtschaft und Geologie 
e8edaa6d-eed7-40ad-8ff7-82b731f8e0c8;LAU-ST;Landesamt für Umweltschutz Sachsen-Anhalt
e8edaa6d-eed7-40ad-8ff7-82b731f8e0c8;LLUR-SH;Landesamt für Landwirtschaft, Umwelt und ländliche Räume Schleswig-Holstein
e8edaa6d-eed7-40ad-8ff7-82b731f8e0c8;TLUBN;Thüringer Landesamt für Umwelt, Bergbau und Naturschutz
4d04f5cb-c107-44bf-97fe-d202dfac153f;ForstBW;Forst Baden-Württemberg
4d04f5cb-c107-44bf-97fe-d202dfac153f;BaySF;Bayerische Staatsforsten
4d04f5cb-c107-44bf-97fe-d202dfac153f;SenUMVK;Senatsverwaltung für Mobilität, Verkehr, Klimaschutz und Umwelt
4d04f5cb-c107-44bf-97fe-d202dfac153f;LFB-BB;Landesbetrieb Forst Brandenburg
4d04f5cb-c107-44bf-97fe-d202dfac153f;SKUMS-HB;Senatorin für Klimaschutz, Umwelt, Mobilität, Stadtentwicklung und Wohnungsbau Bremen
4d04f5cb-c107-44bf-97fe-d202dfac153f;BUKEA-HH;Behörde für Umwelt, Klima, Energie und Agrarwirtschaft Hamburg
4d04f5cb-c107-44bf-97fe-d202dfac153f;HessenForst;HessenForst
4d04f5cb-c107-44bf-97fe-d202dfac153f;LFOA-MV;Landesforst Mecklenburg-Vorpommern
4d04f5cb-c107-44bf-97fe-d202dfac153f;NLF;Niedersächsische Landesforsten
4d04f5cb-c107-44bf-97fe-d202dfac153f;WLH-NRW;Landesbetrieb Wald und Holz NRW
4d04f5cb-c107-44bf-97fe-d202dfac153f;Forst-RLP;Landesforsten Rheinland-Pfalz
4d04f5cb-c107-44bf-97fe-d202dfac153f;SaarForst;SaarForst
4d04f5cb-c107-44bf-97fe-d202dfac153f;Sachsenforst;Staatsbetrieb Sachsenforst
4d04f5cb-c107-44bf-97fe-d202dfac153f;LFB-ST;Landesforstbetrieb Sachsen-Anhalt
4d04f5cb-c107-44bf-97fe-d202dfac153f;ForstSH;Landesforsten Schleswig-Holstein
4d04f5cb-c107-44bf-97fe-d202dfac153f;ThüringenForst;ThüringenForst
4d04f5cb-c107-44bf-97fe-d202dfac153f;BundesForst;Bundesforstverwaltung
ed2e3359-d7d1-4533-b4ee-8f24b806495f;ForstBW;Forst Baden-Württemberg
ed2e3359-d7d1-4533-b4ee-8f24b806495f;BaySF;Bayerische Staatsforsten
ed2e3359-d7d1-4533-b4ee-8f24b806495f;SenUMVK;Senatsverwaltung für Mobilität, Verkehr, Klimaschutz und Umwelt
ed2e3359-d7d1-4533-b4ee-8f24b806495f;LFB-BB;Landesbetrieb Forst Brandenburg
ed2e3359-d7d1-4533-b4ee-8f24b806495f;SKUMS-HB;Senatorin für Klimaschutz, Umwelt, Mobilität, Stadtentwicklung und Wohnungsbau Bremen
ed2e3359-d7d1-4533-b4ee-8f24b806495f;BUKEA-HH;Behörde für Umwelt, Klima, Energie und Agrarwirtschaft Hamburg
ed2e3359-d7d1-4533-b4ee-8f24b806495f;HessenForst;HessenForst
ed2e3359-d7d1-4533-b4ee-8f24b806495f;LFOA-MV;Landesforst Mecklenburg-Vorpommern
ed2e3359-d7d1-4533-b4ee-8f24b806495f;NLF;Niedersächsische Landesforsten
ed2e3359-d7d1-4533-b4ee-8f24b806495f;WLH-NRW;Landesbetrieb Wald und Holz NRW
ed2e3359-d7d1-4533-b4ee-8f24b806495f;Forst-RLP;Landesforsten Rheinland-Pfalz
ed2e3359-d7d1-4533-b4ee-8f24b806495f;SaarForst;SaarForst
ed2e3359-d7d1-4533-b4ee-8f24b806495f;Sachsenforst;Staatsbetrieb Sachsenforst
ed2e3359-d7d1-4533-b4ee-8f24b806495f;LFB-ST;Landesforstbetrieb Sachsen-Anhalt
ed2e3359-d7d1-4533-b4ee-8f24b806495f;ForstSH;Landesforsten Schleswig-Holstein
ed2e3359-d7d1-4533-b4ee-8f24b806495f;ThüringenForst;ThüringenForst
ed2e3359-d7d1-4533-b4ee-8f24b806495f;BundesForst;Bundesforstverwaltung
9d208923-1ab9-4f61-a857-4624e7ed9eab;LUBW;Landesanstalt für Umwelt Baden-Württemberg
9d208923-1ab9-4f61-a857-4624e7ed9eab;LfU-BY;Bayerisches Landesamt für Umwelt
9d208923-1ab9-4f61-a857-4624e7ed9eab;SenUMVK;Senatsverwaltung für Mobilität, Verkehr, Klimaschutz und Umwelt
9d208923-1ab9-4f61-a857-4624e7ed9eab;LfU-BB;Landesamt für Umwelt Brandenburg
9d208923-1ab9-4f61-a857-4624e7ed9eab;UBB;Umweltbetrieb Bremen
9d208923-1ab9-4f61-a857-4624e7ed9eab;BUKEA-HH;Behörde für Umwelt, Klima, Energie und Agrarwirtschaft Hamburg
9d208923-1ab9-4f61-a857-4624e7ed9eab;HLNUG;Hessisches Landesamt für Naturschutz, Umwelt und Geologie
9d208923-1ab9-4f61-a857-4624e7ed9eab;LUNG-MV;Landesamt für Umwelt, Naturschutz und Geologie Mecklenburg-Vorpommern
9d208923-1ab9-4f61-a857-4624e7ed9eab;NLWKN;Niedersächsischer Landesbetrieb für Wasserwirtschaft, Küsten- und Naturschutz
9d208923-1ab9-4f61-a857-4624e7ed9eab;LANUV-NRW;Landesamt für Natur, Umwelt und Verbraucherschutz Nordrhein-Westfalen
9d208923-1ab9-4f61-a857-4624e7ed9eab;LfU-RLP;Landesamt für Umwelt Rheinland-Pfalz
9d208923-1ab9-4f61-a857-4624e7ed9eab;LUA-SL;Landesamt für Umwelt- und Arbeitsschutz des Saarlandes
9d208923-1ab9-4f61-a857-4624e7ed9eab;LfULG;Sächsisches Landesamt für Umwelt, Landwirtschaft und Geologie 
9d208923-1ab9-4f61-a857-4624e7ed9eab;LAU-ST;Landesamt für Umweltschutz Sachsen-Anhalt
9d208923-1ab9-4f61-a857-4624e7ed9eab;LLUR-SH;Landesamt für Landwirtschaft, Umwelt und ländliche Räume Schleswig-Holstein
9d208923-1ab9-4f61-a857-4624e7ed9eab;TLUBN;Thüringer Landesamt für Umwelt, Bergbau und Naturschutz
a1da458d-ea7d-415d-bc90-6976c72c6252;LUBW;Landesanstalt für Umwelt Baden-Württemberg
a1da458d-ea7d-415d-bc90-6976c72c6252;LfU-BY;Bayerisches Landesamt für Umwelt
a1da458d-ea7d-415d-bc90-6976c72c6252;LfU-BB;Landesamt für Umwelt Brandenburg
a1da458d-ea7d-415d-bc90-6976c72c6252;HLNUG;Hessisches Landesamt für Naturschutz, Umwelt und Geologie
a1da458d-ea7d-415d-bc90-6976c72c6252;LUNG-MV;Landesamt für Umwelt, Naturschutz und Geologie Mecklenburg-Vorpommern
a1da458d-ea7d-415d-bc90-6976c72c6252;NLWKN;Niedersächsischer Landesbetrieb für Wasserwirtschaft, Küsten- und Naturschutz
a1da458d-ea7d-415d-bc90-6976c72c6252;LANUV-NRW;Landesamt für Natur, Umwelt und Verbraucherschutz Nordrhein-Westfalen
a1da458d-ea7d-415d-bc90-6976c72c6252;LfU-RLP;Landesamt für Umwelt Rheinland-Pfalz
a1da458d-ea7d-415d-bc90-6976c72c6252;LUA-SL;Landesamt für Umwelt- und Arbeitsschutz des Saarlandes
a1da458d-ea7d-415d-bc90-6976c72c6252;LfULG;Sächsisches Landesamt für Umwelt, Landwirtschaft und Geologie 
a1da458d-ea7d-415d-bc90-6976c72c6252;LAU-ST;Landesamt für Umweltschutz Sachsen-Anhalt
a1da458d-ea7d-415d-bc90-6976c72c6252;LLUR-SH;Landesamt für Landwirtschaft, Umwelt und ländliche Räume Schleswig-Holstein
a1da458d-ea7d-415d-bc90-6976c72c6252;TLUBN;Thüringer Landesamt für Umwelt, Bergbau und Naturschutz
c04d4989-89d7-4abc-9e7c-ba6f79950d48;LUBW;Landesanstalt für Umwelt Baden-Württemberg
c04d4989-89d7-4abc-9e7c-ba6f79950d48;LfU-BY;Bayerisches Landesamt für Umwelt
c04d4989-89d7-4abc-9e7c-ba6f79950d48;SenUMVK;Senatsverwaltung für Mobilität, Verkehr, Klimaschutz und Umwelt
c04d4989-89d7-4abc-9e7c-ba6f79950d48;LfU-BB;Landesamt für Umwelt Brandenburg
c04d4989-89d7-4abc-9e7c-ba6f79950d48;UBB;Umweltbetrieb Bremen
c04d4989-89d7-4abc-9e7c-ba6f79950d48;BUKEA-HH;Behörde für Umwelt, Klima, Energie und Agrarwirtschaft Hamburg
c04d4989-89d7-4abc-9e7c-ba6f79950d48;HLNUG;Hessisches Landesamt für Naturschutz, Umwelt und Geologie
c04d4989-89d7-4abc-9e7c-ba6f79950d48;LUNG-MV;Landesamt für Umwelt, Naturschutz und Geologie Mecklenburg-Vorpommern
c04d4989-89d7-4abc-9e7c-ba6f79950d48;NLWKN;Niedersächsischer Landesbetrieb für Wasserwirtschaft, Küsten- und Naturschutz
c04d4989-89d7-4abc-9e7c-ba6f79950d48;LANUV-NRW;Landesamt für Natur, Umwelt und Verbraucherschutz Nordrhein-Westfalen
c04d4989-89d7-4abc-9e7c-ba6f79950d48;LfU-RLP;Landesamt für Umwelt Rheinland-Pfalz
c04d4989-89d7-4abc-9e7c-ba6f79950d48;LUA-SL;Landesamt für Umwelt- und Arbeitsschutz des Saarlandes
c04d4989-89d7-4abc-9e7c-ba6f79950d48;LfULG;Sächsisches Landesamt für Umwelt, Landwirtschaft und Geologie 
c04d4989-89d7-4abc-9e7c-ba6f79950d48;LAU-ST;Landesamt für Umweltschutz Sachsen-Anhalt
c04d4989-89d7-4abc-9e7c-ba6f79950d48;LLUR-SH;Landesamt für Landwirtschaft, Umwelt und ländliche Räume Schleswig-Holstein
c04d4989-89d7-4abc-9e7c-ba6f79950d48;TLUBN;Thüringer Landesamt für Umwelt, Bergbau und Naturschutz
124e26d7-f886-4c9c-8a1a-408a4d569261;LUBW;Landesanstalt für Umwelt Baden-Württemberg
124e26d7-f886-4c9c-8a1a-408a4d569261;LfU-BY;Bayerisches Landesamt für Umwelt
124e26d7-f886-4c9c-8a1a-408a4d569261;SenUMVK;Senatsverwaltung für Mobilität, Verkehr, Klimaschutz und Umwelt
124e26d7-f886-4c9c-8a1a-408a4d569261;LfU-BB;Landesamt für Umwelt Brandenburg
124e26d7-f886-4c9c-8a1a-408a4d569261;UBB;Umweltbetrieb Bremen
124e26d7-f886-4c9c-8a1a-408a4d569261;BUKEA-HH;Behörde für Umwelt, Klima, Energie und Agrarwirtschaft Hamburg
124e26d7-f886-4c9c-8a1a-408a4d569261;HLNUG;Hessisches Landesamt für Naturschutz, Umwelt und Geologie
124e26d7-f886-4c9c-8a1a-408a4d569261;LUNG-MV;Landesamt für Umwelt, Naturschutz und Geologie Mecklenburg-Vorpommern
124e26d7-f886-4c9c-8a1a-408a4d569261;NLWKN;Niedersächsischer Landesbetrieb für Wasserwirtschaft, Küsten- und Naturschutz
124e26d7-f886-4c9c-8a1a-408a4d569261;LANUV-NRW;Landesamt für Natur, Umwelt und Verbraucherschutz Nordrhein-Westfalen
124e26d7-f886-4c9c-8a1a-408a4d569261;LfU-RLP;Landesamt für Umwelt Rheinland-Pfalz
124e26d7-f886-4c9c-8a1a-408a4d569261;LUA-SL;Landesamt für Umwelt- und Arbeitsschutz des Saarlandes
124e26d7-f886-4c9c-8a1a-408a4d569261;LfULG;Sächsisches Landesamt für Umwelt, Landwirtschaft und Geologie 
124e26d7-f886-4c9c-8a1a-408a4d569261;LAU-ST;Landesamt für Umweltschutz Sachsen-Anhalt
124e26d7-f886-4c9c-8a1a-408a4d569261;LLUR-SH;Landesamt für Landwirtschaft, Umwelt und ländliche Räume Schleswig-Holstein
124e26d7-f886-4c9c-8a1a-408a4d569261;TLUBN;Thüringer Landesamt für Umwelt, Bergbau und Naturschutz
865dd6f2-7664-4cc4-b239-d9fc97273848;LUBW;Landesanstalt für Umwelt Baden-Württemberg
865dd6f2-7664-4cc4-b239-d9fc97273848;LfU-BY;Bayerisches Landesamt für Umwelt
865dd6f2-7664-4cc4-b239-d9fc97273848;SenUMVK;Senatsverwaltung für Mobilität, Verkehr, Klimaschutz und Umwelt
865dd6f2-7664-4cc4-b239-d9fc97273848;LfU-BB;Landesamt für Umwelt Brandenburg
865dd6f2-7664-4cc4-b239-d9fc97273848;UBB;Umweltbetrieb Bremen
865dd6f2-7664-4cc4-b239-d9fc97273848;BUKEA-HH;Behörde für Umwelt, Klima, Energie und Agrarwirtschaft Hamburg
865dd6f2-7664-4cc4-b239-d9fc97273848;HLNUG;Hessisches Landesamt für Naturschutz, Umwelt und Geologie
865dd6f2-7664-4cc4-b239-d9fc97273848;LUNG-MV;Landesamt für Umwelt, Naturschutz und Geologie Mecklenburg-Vorpommern
865dd6f2-7664-4cc4-b239-d9fc97273848;NLWKN;Niedersächsischer Landesbetrieb für Wasserwirtschaft, Küsten- und Naturschutz
865dd6f2-7664-4cc4-b239-d9fc97273848;LANUV-NRW;Landesamt für Natur, Umwelt und Verbraucherschutz Nordrhein-Westfalen
865dd6f2-7664-4cc4-b239-d9fc97273848;LfU-RLP;Landesamt für Umwelt Rheinland-Pfalz
865dd6f2-7664-4cc4-b239-d9fc97273848;LUA-SL;Landesamt für Umwelt- und Arbeitsschutz des Saarlandes
865dd6f2-7664-4cc4-b239-d9fc97273848;LfULG;Sächsisches Landesamt für Umwelt, Landwirtschaft und Geologie 
865dd6f2-7664-4cc4-b239-d9fc97273848;LAU-ST;Landesamt für Umweltschutz Sachsen-Anhalt
865dd6f2-7664-4cc4-b239-d9fc97273848;LLUR-SH;Landesamt für Landwirtschaft, Umwelt und ländliche Räume Schleswig-Holstein
865dd6f2-7664-4cc4-b239-d9fc97273848;TLUBN;Thüringer Landesamt für Umwelt, Bergbau und Naturschutz
a91adacf-d8b0-4370-be89-f86047be31cb;LUBW;Landesanstalt für Umwelt Baden-Württemberg
a91adacf-d8b0-4370-be89-f86047be31cb;LfU-BY;Bayerisches Landesamt für Umwelt
a91adacf-d8b0-4370-be89-f86047be31cb;SenUMVK;Senatsverwaltung für Mobilität, Verkehr, Klimaschutz und Umwelt
a91adacf-d8b0-4370-be89-f86047be31cb;LfU-BB;Landesamt für Umwelt Brandenburg
a91adacf-d8b0-4370-be89-f86047be31cb;UBB;Umweltbetrieb Bremen
a91adacf-d8b0-4370-be89-f86047be31cb;BUKEA-HH;Behörde für Umwelt, Klima, Energie und Agrarwirtschaft Hamburg
a91adacf-d8b0-4370-be89-f86047be31cb;HLNUG;Hessisches Landesamt für Naturschutz, Umwelt und Geologie
a91adacf-d8b0-4370-be89-f86047be31cb;LUNG-MV;Landesamt für Umwelt, Naturschutz und Geologie Mecklenburg-Vorpommern
a91adacf-d8b0-4370-be89-f86047be31cb;NLWKN;Niedersächsischer Landesbetrieb für Wasserwirtschaft, Küsten- und Naturschutz
a91adacf-d8b0-4370-be89-f86047be31cb;LANUV-NRW;Landesamt für Natur, Umwelt und Verbraucherschutz Nordrhein-Westfalen
a91adacf-d8b0-4370-be89-f86047be31cb;LfU-RLP;Landesamt für Umwelt Rheinland-Pfalz
a91adacf-d8b0-4370-be89-f86047be31cb;LUA-SL;Landesamt für Umwelt- und Arbeitsschutz des Saarlandes
a91adacf-d8b0-4370-be89-f86047be31cb;LfULG;Sächsisches Landesamt für Umwelt, Landwirtschaft und Geologie 
a91adacf-d8b0-4370-be89-f86047be31cb;LAU-ST;Landesamt für Umweltschutz Sachsen-Anhalt
a91adacf-d8b0-4370-be89-f86047be31cb;LLUR-SH;Landesamt für Landwirtschaft, Umwelt und ländliche Räume Schleswig-Holstein
a91adacf-d8b0-4370-be89-f86047be31cb;TLUBN;Thüringer Landesamt für Umwelt, Bergbau und Naturschutz
b6859ef7-5053-41fd-8dae-0405ab2b133f;LUBW;Landesanstalt für Umwelt Baden-Württemberg
b6859ef7-5053-41fd-8dae-0405ab2b133f;LfU-BY;Bayerisches Landesamt für Umwelt
b6859ef7-5053-41fd-8dae-0405ab2b133f;SenUMVK;Senatsverwaltung für Mobilität, Verkehr, Klimaschutz und Umwelt
b6859ef7-5053-41fd-8dae-0405ab2b133f;LfU-BB;Landesamt für Umwelt Brandenburg
b6859ef7-5053-41fd-8dae-0405ab2b133f;UBB;Umweltbetrieb Bremen
b6859ef7-5053-41fd-8dae-0405ab2b133f;BUKEA-HH;Behörde für Umwelt, Klima, Energie und Agrarwirtschaft Hamburg
b6859ef7-5053-41fd-8dae-0405ab2b133f;HLNUG;Hessisches Landesamt für Naturschutz, Umwelt und Geologie
b6859ef7-5053-41fd-8dae-0405ab2b133f;LUNG-MV;Landesamt für Umwelt, Naturschutz und Geologie Mecklenburg-Vorpommern
b6859ef7-5053-41fd-8dae-0405ab2b133f;NLWKN;Niedersächsischer Landesbetrieb für Wasserwirtschaft, Küsten- und Naturschutz
b6859ef7-5053-41fd-8dae-0405ab2b133f;LANUV-NRW;Landesamt für Natur, Umwelt und Verbraucherschutz Nordrhein-Westfalen
b6859ef7-5053-41fd-8dae-0405ab2b133f;LfU-RLP;Landesamt für Umwelt Rheinland-Pfalz
b6859ef7-5053-41fd-8dae-0405ab2b133f;LUA-SL;Landesamt für Umwelt- und Arbeitsschutz des Saarlandes
b6859ef7-5053-41fd-8dae-0405ab2b133f;LfULG;Sächsisches Landesamt für Umwelt, Landwirtschaft und Geologie 
b6859ef7-5053-41fd-8dae-0405ab2b133f;LAU-ST;Landesamt für Umweltschutz Sachsen-Anhalt
b6859ef7-5053-41fd-8dae-0405ab2b133f;LLUR-SH;Landesamt für Landwirtschaft, Umwelt und ländliche Räume Schleswig-Holstein
b6859ef7-5053-41fd-8dae-0405ab2b133f;TLUBN;Thüringer Landesamt für Umwelt, Bergbau und Naturschutz
bfc06d29-5412-46f8-aa84-77a53d5c3679;LUBW;Landesanstalt für Umwelt Baden-Württemberg
bfc06d29-5412-46f8-aa84-77a53d5c3679;LfU-BY;Bayerisches Landesamt für Umwelt
bfc06d29-5412-46f8-aa84-77a53d5c3679;SenUMVK;Senatsverwaltung für Mobilität, Verkehr, Klimaschutz und Umwelt
bfc06d29-5412-46f8-aa84-77a53d5c3679;LfU-BB;Landesamt für Umwelt Brandenburg
bfc06d29-5412-46f8-aa84-77a53d5c3679;UBB;Umweltbetrieb Bremen
bfc06d29-5412-46f8-aa84-77a53d5c3679;BUKEA-HH;Behörde für Umwelt, Klima, Energie und Agrarwirtschaft Hamburg
bfc06d29-5412-46f8-aa84-77a53d5c3679;HLNUG;Hessisches Landesamt für Naturschutz, Umwelt und Geologie
bfc06d29-5412-46f8-aa84-77a53d5c3679;LUNG-MV;Landesamt für Umwelt, Naturschutz und Geologie Mecklenburg-Vorpommern
bfc06d29-5412-46f8-aa84-77a53d5c3679;NLWKN;Niedersächsischer Landesbetrieb für Wasserwirtschaft, Küsten- und Naturschutz
bfc06d29-5412-46f8-aa84-77a53d5c3679;LANUV-NRW;Landesamt für Natur, Umwelt und Verbraucherschutz Nordrhein-Westfalen
bfc06d29-5412-46f8-aa84-77a53d5c3679;LfU-RLP;Landesamt für Umwelt Rheinland-Pfalz
bfc06d29-5412-46f8-aa84-77a53d5c3679;LUA-SL;Landesamt für Umwelt- und Arbeitsschutz des Saarlandes
bfc06d29-5412-46f8-aa84-77a53d5c3679;LfULG;Sächsisches Landesamt für Umwelt, Landwirtschaft und Geologie 
bfc06d29-5412-46f8-aa84-77a53d5c3679;LAU-ST;Landesamt für Umweltschutz Sachsen-Anhalt
bfc06d29-5412-46f8-aa84-77a53d5c3679;LLUR-SH;Landesamt für Landwirtschaft, Umwelt und ländliche Räume Schleswig-Holstein
bfc06d29-5412-46f8-aa84-77a53d5c3679;TLUBN;Thüringer Landesamt für Umwelt, Bergbau und Naturschutz
f316ae21-b5e2-4c95-b94a-ff68f8894a6b;LUBW;Landesanstalt für Umwelt Baden-Württemberg
f316ae21-b5e2-4c95-b94a-ff68f8894a6b;LfU-BY;Bayerisches Landesamt für Umwelt
f316ae21-b5e2-4c95-b94a-ff68f8894a6b;SenUMVK;Senatsverwaltung für Mobilität, Verkehr, Klimaschutz und Umwelt
f316ae21-b5e2-4c95-b94a-ff68f8894a6b;LfU-BB;Landesamt für Umwelt Brandenburg
f316ae21-b5e2-4c95-b94a-ff68f8894a6b;UBB;Umweltbetrieb Bremen
f316ae21-b5e2-4c95-b94a-ff68f8894a6b;BUKEA-HH;Behörde für Umwelt, Klima, Energie und Agrarwirtschaft Hamburg
f316ae21-b5e2-4c95-b94a-ff68f8894a6b;HLNUG;Hessisches Landesamt für Naturschutz, Umwelt und Geologie
f316ae21-b5e2-4c95-b94a-ff68f8894a6b;LUNG-MV;Landesamt für Umwelt, Naturschutz und Geologie Mecklenburg-Vorpommern
f316ae21-b5e2-4c95-b94a-ff68f8894a6b;NLWKN;Niedersächsischer Landesbetrieb für Wasserwirtschaft, Küsten- und Naturschutz
f316ae21-b5e2-4c95-b94a-ff68f8894a6b;LANUV-NRW;Landesamt für Natur, Umwelt und Verbraucherschutz Nordrhein-Westfalen
f316ae21-b5e2-4c95-b94a-ff68f8894a6b;LfU-RLP;Landesamt für Umwelt Rheinland-Pfalz
f316ae21-b5e2-4c95-b94a-ff68f8894a6b;LUA-SL;Landesamt für Umwelt- und Arbeitsschutz des Saarlandes
f316ae21-b5e2-4c95-b94a-ff68f8894a6b;LfULG;Sächsisches Landesamt für Umwelt, Landwirtschaft und Geologie 
f316ae21-b5e2-4c95-b94a-ff68f8894a6b;LAU-ST;Landesamt für Umweltschutz Sachsen-Anhalt
f316ae21-b5e2-4c95-b94a-ff68f8894a6b;LLUR-SH;Landesamt für Landwirtschaft, Umwelt und ländliche Räume Schleswig-Holstein
f316ae21-b5e2-4c95-b94a-ff68f8894a6b;TLUBN;Thüringer Landesamt für Umwelt, Bergbau und Naturschutz
f9c20a73-79bb-455a-a469-087cebaa869b;LUBW;Landesanstalt für Umwelt Baden-Württemberg
f9c20a73-79bb-455a-a469-087cebaa869b;LfU-BY;Bayerisches Landesamt für Umwelt
f9c20a73-79bb-455a-a469-087cebaa869b;SenUMVK;Senatsverwaltung für Mobilität, Verkehr, Klimaschutz und Umwelt
f9c20a73-79bb-455a-a469-087cebaa869b;LfU-BB;Landesamt für Umwelt Brandenburg
f9c20a73-79bb-455a-a469-087cebaa869b;UBB;Umweltbetrieb Bremen
f9c20a73-79bb-455a-a469-087cebaa869b;BUKEA-HH;Behörde für Umwelt, Klima, Energie und Agrarwirtschaft Hamburg
f9c20a73-79bb-455a-a469-087cebaa869b;HLNUG;Hessisches Landesamt für Naturschutz, Umwelt und Geologie
f9c20a73-79bb-455a-a469-087cebaa869b;LUNG-MV;Landesamt für Umwelt, Naturschutz und Geologie Mecklenburg-Vorpommern
f9c20a73-79bb-455a-a469-087cebaa869b;NLWKN;Niedersächsischer Landesbetrieb für Wasserwirtschaft, Küsten- und Naturschutz
f9c20a73-79bb-455a-a469-087cebaa869b;LANUV-NRW;Landesamt für Natur, Umwelt und Verbraucherschutz Nordrhein-Westfalen
f9c20a73-79bb-455a-a469-087cebaa869b;LfU-RLP;Landesamt für Umwelt Rheinland-Pfalz
f9c20a73-79bb-455a-a469-087cebaa869b;LUA-SL;Landesamt für Umwelt- und Arbeitsschutz des Saarlandes
f9c20a73-79bb-455a-a469-087cebaa869b;LfULG;Sächsisches Landesamt für Umwelt, Landwirtschaft und Geologie 
f9c20a73-79bb-455a-a469-087cebaa869b;LAU-ST;Landesamt für Umweltschutz Sachsen-Anhalt
f9c20a73-79bb-455a-a469-087cebaa869b;LLUR-SH;Landesamt für Landwirtschaft, Umwelt und ländliche Räume Schleswig-Holstein
f9c20a73-79bb-455a-a469-087cebaa869b;TLUBN;Thüringer Landesamt für Umwelt, Bergbau und Naturschutz
2fdd1212-14a7-4305-ba25-007454adfe0e;NPV-SW;Nationalparkverwaltung Schwarzwald
2fdd1212-14a7-4305-ba25-007454adfe0e;NPV-BW;Nationalparkverwaltung Bayerischer Wald
2fdd1212-14a7-4305-ba25-007454adfe0e;NPV-BG;Nationalparkverwaltung Berchtesgaden
2fdd1212-14a7-4305-ba25-007454adfe0e;NPV-Müggel;Nationalparkverwaltung Müggelberge
2fdd1212-14a7-4305-ba25-007454adfe0e;NPV-UntereOder;Nationalparkverwaltung Unteres Odertal
2fdd1212-14a7-4305-ba25-007454adfe0e;NPV-Müritz;Nationalparkverwaltung Müritz
2fdd1212-14a7-4305-ba25-007454adfe0e;NPWM;Nationalparkverwaltung Niedersächsisches Wattenmeer
2fdd1212-14a7-4305-ba25-007454adfe0e;NPV-Eifel;Nationalparkverwaltung Eifel
2fdd1212-14a7-4305-ba25-007454adfe0e;NPV-Hunsrück;Nationalparkverwaltung Hunsrück-Hochwald
2fdd1212-14a7-4305-ba25-007454adfe0e;NPV-SaarHunsrück;Nationalparkverwaltung Saar-Hunsrück
2fdd1212-14a7-4305-ba25-007454adfe0e;NPV-Sachsen;Nationalparkverwaltung Sächsische Schweiz
2fdd1212-14a7-4305-ba25-007454adfe0e;NPV-Harz;Nationalparkverwaltung Harz
2fdd1212-14a7-4305-ba25-007454adfe0e;NPV-SH;Nationalparkverwaltung Schleswig-Holstein
2fdd1212-14a7-4305-ba25-007454adfe0e;NPV-Hainich;Nationalparkverwaltung Hainich
980c02df-52a6-470d-8c3d-3062fa536220;NPV-SW;Nationalparkverwaltung Schwarzwald
980c02df-52a6-470d-8c3d-3062fa536220;NPV-BW;Nationalparkverwaltung Bayerischer Wald
980c02df-52a6-470d-8c3d-3062fa536220;NPV-BG;Nationalparkverwaltung Berchtesgaden
980c02df-52a6-470d-8c3d-3062fa536220;NPV-Müggel;Nationalparkverwaltung Müggelberge
980c02df-52a6-470d-8c3d-3062fa536220;NPV-UntereOder;Nationalparkverwaltung Unteres Odertal
980c02df-52a6-470d-8c3d-3062fa536220;NPV-Müritz;Nationalparkverwaltung Müritz
980c02df-52a6-470d-8c3d-3062fa536220;NPWM;Nationalparkverwaltung Niedersächsisches Wattenmeer
980c02df-52a6-470d-8c3d-3062fa536220;NPV-Eifel;Nationalparkverwaltung Eifel
980c02df-52a6-470d-8c3d-3062fa536220;NPV-Hunsrück;Nationalparkverwaltung Hunsrück-Hochwald
980c02df-52a6-470d-8c3d-3062fa536220;NPV-SaarHunsrück;Nationalparkverwaltung Saar-Hunsrück
980c02df-52a6-470d-8c3d-3062fa536220;NPV-Sachsen;Nationalparkverwaltung Sächsische Schweiz
980c02df-52a6-470d-8c3d-3062fa536220;NPV-Harz;Nationalparkverwaltung Harz
980c02df-52a6-470d-8c3d-3062fa536220;NPV-SH;Nationalparkverwaltung Schleswig-Holstein
980c02df-52a6-470d-8c3d-3062fa536220;NPV-Hainich;Nationalparkverwaltung Hainich
c067fcf5-35c7-41e8-9b0c-89c7ee5ebc79;NPV-SW;Nationalparkverwaltung Schwarzwald
c067fcf5-35c7-41e8-9b0c-89c7ee5ebc79;NPV-BW;Nationalparkverwaltung Bayerischer Wald
c067fcf5-35c7-41e8-9b0c-89c7ee5ebc79;NPV-BG;Nationalparkverwaltung Berchtesgaden
c067fcf5-35c7-41e8-9b0c-89c7ee5ebc79;NPV-Müggel;Nationalparkverwaltung Müggelberge
c067fcf5-35c7-41e8-9b0c-89c7ee5ebc79;NPV-UntereOder;Nationalparkverwaltung Unteres Odertal
c067fcf5-35c7-41e8-9b0c-89c7ee5ebc79;NPV-Müritz;Nationalparkverwaltung Müritz
c067fcf5-35c7-41e8-9b0c-89c7ee5ebc79;NPWM;Nationalparkverwaltung Niedersächsisches Wattenmeer
c067fcf5-35c7-41e8-9b0c-89c7ee5ebc79;NPV-Eifel;Nationalparkverwaltung Eifel
c067fcf5-35c7-41e8-9b0c-89c7ee5ebc79;NPV-Hunsrück;Nationalparkverwaltung Hunsrück-Hochwald
c067fcf5-35c7-41e8-9b0c-89c7ee5ebc79;NPV-SaarHunsrück;Nationalparkverwaltung Saar-Hunsrück
c067fcf5-35c7-41e8-9b0c-89c7ee5ebc79;NPV-Sachsen;Nationalparkverwaltung Sächsische Schweiz
c067fcf5-35c7-41e8-9b0c-89c7ee5ebc79;NPV-Harz;Nationalparkverwaltung Harz
c067fcf5-35c7-41e8-9b0c-89c7ee5ebc79;NPV-SH;Nationalparkverwaltung Schleswig-Holstein
c067fcf5-35c7-41e8-9b0c-89c7ee5ebc79;NPV-Hainich;Nationalparkverwaltung Hainich
d5090bca-c42e-440d-b4a6-8adf0e04fa2e;NPV-SW;Nationalparkverwaltung Schwarzwald
d5090bca-c42e-440d-b4a6-8adf0e04fa2e;NPV-BW;Nationalparkverwaltung Bayerischer Wald
d5090bca-c42e-440d-b4a6-8adf0e04fa2e;NPV-BG;Nationalparkverwaltung Berchtesgaden
d5090bca-c42e-440d-b4a6-8adf0e04fa2e;NPV-Müggel;Nationalparkverwaltung Müggelberge
d5090bca-c42e-440d-b4a6-8adf0e04fa2e;NPV-UntereOder;Nationalparkverwaltung Unteres Odertal
d5090bca-c42e-440d-b4a6-8adf0e04fa2e;NPV-Müritz;Nationalparkverwaltung Müritz
d5090bca-c42e-440d-b4a6-8adf0e04fa2e;NPWM;Nationalparkverwaltung Niedersächsisches Wattenmeer
d5090bca-c42e-440d-b4a6-8adf0e04fa2e;NPV-Eifel;Nationalparkverwaltung Eifel
d5090bca-c42e-440d-b4a6-8adf0e04fa2e;NPV-Hunsrück;Nationalparkverwaltung Hunsrück-Hochwald
d5090bca-c42e-440d-b4a6-8adf0e04fa2e;NPV-SaarHunsrück;Nationalparkverwaltung Saar-Hunsrück
d5090bca-c42e-440d-b4a6-8adf0e04fa2e;NPV-Sachsen;Nationalparkverwaltung Sächsische Schweiz
d5090bca-c42e-440d-b4a6-8adf0e04fa2e;NPV-Harz;Nationalparkverwaltung Harz
d5090bca-c42e-440d-b4a6-8adf0e04fa2e;NPV-SH;Nationalparkverwaltung Schleswig-Holstein
d5090bca-c42e-440d-b4a6-8adf0e04fa2e;NPV-Hainich;Nationalparkverwaltung Hainich
e8e142af-a1a3-4250-9316-34d130ec8f84;NPV-SW;Nationalparkverwaltung Schwarzwald
e8e142af-a1a3-4250-9316-34d130ec8f84;NPV-BW;Nationalparkverwaltung Bayerischer Wald
e8e142af-a1a3-4250-9316-34d130ec8f84;NPV-BG;Nationalparkverwaltung Berchtesgaden
e8e142af-a1a3-4250-9316-34d130ec8f84;NPV-Müggel;Nationalparkverwaltung Müggelberge
e8e142af-a1a3-4250-9316-34d130ec8f84;NPV-UntereOder;Nationalparkverwaltung Unteres Odertal
e8e142af-a1a3-4250-9316-34d130ec8f84;NPV-Müritz;Nationalparkverwaltung Müritz
e8e142af-a1a3-4250-9316-34d130ec8f84;NPWM;Nationalparkverwaltung Niedersächsisches Wattenmeer
e8e142af-a1a3-4250-9316-34d130ec8f84;NPV-Eifel;Nationalparkverwaltung Eifel
e8e142af-a1a3-4250-9316-34d130ec8f84;NPV-Hunsrück;Nationalparkverwaltung Hunsrück-Hochwald
e8e142af-a1a3-4250-9316-34d130ec8f84;NPV-SaarHunsrück;Nationalparkverwaltung Saar-Hunsrück
e8e142af-a1a3-4250-9316-34d130ec8f84;NPV-Sachsen;Nationalparkverwaltung Sächsische Schweiz
e8e142af-a1a3-4250-9316-34d130ec8f84;NPV-Harz;Nationalparkverwaltung Harz
e8e142af-a1a3-4250-9316-34d130ec8f84;NPV-SH;Nationalparkverwaltung Schleswig-Holstein
e8e142af-a1a3-4250-9316-34d130ec8f84;NPV-Hainich;Nationalparkverwaltung Hainich
f8509f6a-a28c-4657-947e-874ac2aa9c13;NPV-SW;Nationalparkverwaltung Schwarzwald
f8509f6a-a28c-4657-947e-874ac2aa9c13;NPV-BW;Nationalparkverwaltung Bayerischer Wald
f8509f6a-a28c-4657-947e-874ac2aa9c13;NPV-BG;Nationalparkverwaltung Berchtesgaden
f8509f6a-a28c-4657-947e-874ac2aa9c13;NPV-Müggel;Nationalparkverwaltung Müggelberge
f8509f6a-a28c-4657-947e-874ac2aa9c13;NPV-UntereOder;Nationalparkverwaltung Unteres Odertal
f8509f6a-a28c-4657-947e-874ac2aa9c13;NPV-Müritz;Nationalparkverwaltung Müritz
f8509f6a-a28c-4657-947e-874ac2aa9c13;NPWM;Nationalparkverwaltung Niedersächsisches Wattenmeer
f8509f6a-a28c-4657-947e-874ac2aa9c13;NPV-Eifel;Nationalparkverwaltung Eifel
f8509f6a-a28c-4657-947e-874ac2aa9c13;NPV-Hunsrück;Nationalparkverwaltung Hunsrück-Hochwald
f8509f6a-a28c-4657-947e-874ac2aa9c13;NPV-SaarHunsrück;Nationalparkverwaltung Saar-Hunsrück
f8509f6a-a28c-4657-947e-874ac2aa9c13;NPV-Sachsen;Nationalparkverwaltung Sächsische Schweiz
f8509f6a-a28c-4657-947e-874ac2aa9c13;NPV-Harz;Nationalparkverwaltung Harz
f8509f6a-a28c-4657-947e-874ac2aa9c13;NPV-SH;Nationalparkverwaltung Schleswig-Holstein
f8509f6a-a28c-4657-947e-874ac2aa9c13;NPV-Hainich;Nationalparkverwaltung Hainich
d6d866e5-97a0-457d-af79-062376994a71;ForstBW;Forst Baden-Württemberg
d6d866e5-97a0-457d-af79-062376994a71;BaySF;Bayerische Staatsforsten
d6d866e5-97a0-457d-af79-062376994a71;SenUMVK;Senatsverwaltung für Mobilität, Verkehr, Klimaschutz und Umwelt
d6d866e5-97a0-457d-af79-062376994a71;LFB-BB;Landesbetrieb Forst Brandenburg
d6d866e5-97a0-457d-af79-062376994a71;SKUMS-HB;Senatorin für Klimaschutz, Umwelt, Mobilität, Stadtentwicklung und Wohnungsbau Bremen
d6d866e5-97a0-457d-af79-062376994a71;BUKEA-HH;Behörde für Umwelt, Klima, Energie und Agrarwirtschaft Hamburg
d6d866e5-97a0-457d-af79-062376994a71;HessenForst;HessenForst
d6d866e5-97a0-457d-af79-062376994a71;LFOA-MV;Landesforst Mecklenburg-Vorpommern
d6d866e5-97a0-457d-af79-062376994a71;NLF;Niedersächsische Landesforsten
d6d866e5-97a0-457d-af79-062376994a71;WLH-NRW;Landesbetrieb Wald und Holz NRW
d6d866e5-97a0-457d-af79-062376994a71;Forst-RLP;Landesforsten Rheinland-Pfalz
d6d866e5-97a0-457d-af79-062376994a71;SaarForst;SaarForst
d6d866e5-97a0-457d-af79-062376994a71;Sachsenforst;Staatsbetrieb Sachsenforst
d6d866e5-97a0-457d-af79-062376994a71;LFB-ST;Landesforstbetrieb Sachsen-Anhalt
d6d866e5-97a0-457d-af79-062376994a71;ForstSH;Landesforsten Schleswig-Holstein
d6d866e5-97a0-457d-af79-062376994a71;ThüringenForst;ThüringenForst
d6d866e5-97a0-457d-af79-062376994a71;BundesForst;Bundesforstverwaltung
a7986c63-7312-400c-b53e-4853bb0aae03;ForstBW;Forst Baden-Württemberg
a7986c63-7312-400c-b53e-4853bb0aae03;BaySF;Bayerische Staatsforsten
a7986c63-7312-400c-b53e-4853bb0aae03;SenUMVK;Senatsverwaltung für Mobilität, Verkehr, Klimaschutz und Umwelt
a7986c63-7312-400c-b53e-4853bb0aae03;LFB-BB;Landesbetrieb Forst Brandenburg
a7986c63-7312-400c-b53e-4853bb0aae03;SKUMS-HB;Senatorin für Klimaschutz, Umwelt, Mobilität, Stadtentwicklung und Wohnungsbau Bremen
a7986c63-7312-400c-b53e-4853bb0aae03;BUKEA-HH;Behörde für Umwelt, Klima, Energie und Agrarwirtschaft Hamburg
a7986c63-7312-400c-b53e-4853bb0aae03;HessenForst;HessenForst
a7986c63-7312-400c-b53e-4853bb0aae03;LFOA-MV;Landesforst Mecklenburg-Vorpommern
a7986c63-7312-400c-b53e-4853bb0aae03;NLF;Niedersächsische Landesforsten
a7986c63-7312-400c-b53e-4853bb0aae03;WLH-NRW;Landesbetrieb Wald und Holz NRW
a7986c63-7312-400c-b53e-4853bb0aae03;Forst-RLP;Landesforsten Rheinland-Pfalz
a7986c63-7312-400c-b53e-4853bb0aae03;SaarForst;SaarForst
a7986c63-7312-400c-b53e-4853bb0aae03;Sachsenforst;Staatsbetrieb Sachsenforst
a7986c63-7312-400c-b53e-4853bb0aae03;LFB-ST;Landesforstbetrieb Sachsen-Anhalt
a7986c63-7312-400c-b53e-4853bb0aae03;ForstSH;Landesforsten Schleswig-Holstein
a7986c63-7312-400c-b53e-4853bb0aae03;ThüringenForst;ThüringenForst
a7986c63-7312-400c-b53e-4853bb0aae03;BundesForst;Bundesforstverwaltung
a95adc45-9209-46b6-ac2a-e3c0d21bbb55;ForstBW;Forst Baden-Württemberg
a95adc45-9209-46b6-ac2a-e3c0d21bbb55;BaySF;Bayerische Staatsforsten
a95adc45-9209-46b6-ac2a-e3c0d21bbb55;SenUMVK;Senatsverwaltung für Mobilität, Verkehr, Klimaschutz und Umwelt
a95adc45-9209-46b6-ac2a-e3c0d21bbb55;LFB-BB;Landesbetrieb Forst Brandenburg
a95adc45-9209-46b6-ac2a-e3c0d21bbb55;SKUMS-HB;Senatorin für Klimaschutz, Umwelt, Mobilität, Stadtentwicklung und Wohnungsbau Bremen
a95adc45-9209-46b6-ac2a-e3c0d21bbb55;BUKEA-HH;Behörde für Umwelt, Klima, Energie und Agrarwirtschaft Hamburg
a95adc45-9209-46b6-ac2a-e3c0d21bbb55;HessenForst;HessenForst
a95adc45-9209-46b6-ac2a-e3c0d21bbb55;LFOA-MV;Landesforst Mecklenburg-Vorpommern
a95adc45-9209-46b6-ac2a-e3c0d21bbb55;NLF;Niedersächsische Landesforsten
a95adc45-9209-46b6-ac2a-e3c0d21bbb55;WLH-NRW;Landesbetrieb Wald und Holz NRW
a95adc45-9209-46b6-ac2a-e3c0d21bbb55;Forst-RLP;Landesforsten Rheinland-Pfalz
a95adc45-9209-46b6-ac2a-e3c0d21bbb55;SaarForst;SaarForst
a95adc45-9209-46b6-ac2a-e3c0d21bbb55;Sachsenforst;Staatsbetrieb Sachsenforst
a95adc45-9209-46b6-ac2a-e3c0d21bbb55;LFB-ST;Landesforstbetrieb Sachsen-Anhalt
a95adc45-9209-46b6-ac2a-e3c0d21bbb55;ForstSH;Landesforsten Schleswig-Holstein
a95adc45-9209-46b6-ac2a-e3c0d21bbb55;ThüringenForst;ThüringenForst
a95adc45-9209-46b6-ac2a-e3c0d21bbb55;BundesForst;Bundesforstverwaltung
3961e096-4002-4340-86f6-8175adf3abf8;ForstBW;Forst Baden-Württemberg
3961e096-4002-4340-86f6-8175adf3abf8;BaySF;Bayerische Staatsforsten
3961e096-4002-4340-86f6-8175adf3abf8;SenUMVK;Senatsverwaltung für Mobilität, Verkehr, Klimaschutz und Umwelt
3961e096-4002-4340-86f6-8175adf3abf8;LFB-BB;Landesbetrieb Forst Brandenburg
3961e096-4002-4340-86f6-8175adf3abf8;SKUMS-HB;Senatorin für Klimaschutz, Umwelt, Mobilität, Stadtentwicklung und Wohnungsbau Bremen
3961e096-4002-4340-86f6-8175adf3abf8;BUKEA-HH;Behörde für Umwelt, Klima, Energie und Agrarwirtschaft Hamburg
3961e096-4002-4340-86f6-8175adf3abf8;HessenForst;HessenForst
3961e096-4002-4340-86f6-8175adf3abf8;LFOA-MV;Landesforst Mecklenburg-Vorpommern
3961e096-4002-4340-86f6-8175adf3abf8;NLF;Niedersächsische Landesforsten
3961e096-4002-4340-86f6-8175adf3abf8;WLH-NRW;Landesbetrieb Wald und Holz NRW
3961e096-4002-4340-86f6-8175adf3abf8;Forst-RLP;Landesforsten Rheinland-Pfalz
3961e096-4002-4340-86f6-8175adf3abf8;SaarForst;SaarForst
3961e096-4002-4340-86f6-8175adf3abf8;Sachsenforst;Staatsbetrieb Sachsenforst
3961e096-4002-4340-86f6-8175adf3abf8;LFB-ST;Landesforstbetrieb Sachsen-Anhalt
3961e096-4002-4340-86f6-8175adf3abf8;ForstSH;Landesforsten Schleswig-Holstein
3961e096-4002-4340-86f6-8175adf3abf8;ThüringenForst;ThüringenForst
3961e096-4002-4340-86f6-8175adf3abf8;BundesForst;Bundesforstverwaltung
74175851-cff6-433d-ae3a-29193e853a4e;ForstBW;Forst Baden-Württemberg
74175851-cff6-433d-ae3a-29193e853a4e;BaySF;Bayerische Staatsforsten
74175851-cff6-433d-ae3a-29193e853a4e;SenUMVK;Senatsverwaltung für Mobilität, Verkehr, Klimaschutz und Umwelt
74175851-cff6-433d-ae3a-29193e853a4e;LFB-BB;Landesbetrieb Forst Brandenburg
74175851-cff6-433d-ae3a-29193e853a4e;SKUMS-HB;Senatorin für Klimaschutz, Umwelt, Mobilität, Stadtentwicklung und Wohnungsbau Bremen
74175851-cff6-433d-ae3a-29193e853a4e;BUKEA-HH;Behörde für Umwelt, Klima, Energie und Agrarwirtschaft Hamburg
74175851-cff6-433d-ae3a-29193e853a4e;HessenForst;HessenForst
74175851-cff6-433d-ae3a-29193e853a4e;LFOA-MV;Landesforst Mecklenburg-Vorpommern
74175851-cff6-433d-ae3a-29193e853a4e;NLF;Niedersächsische Landesforsten
74175851-cff6-433d-ae3a-29193e853a4e;WLH-NRW;Landesbetrieb Wald und Holz NRW
74175851-cff6-433d-ae3a-29193e853a4e;Forst-RLP;Landesforsten Rheinland-Pfalz
74175851-cff6-433d-ae3a-29193e853a4e;SaarForst;SaarForst
74175851-cff6-433d-ae3a-29193e853a4e;Sachsenforst;Staatsbetrieb Sachsenforst
74175851-cff6-433d-ae3a-29193e853a4e;LFB-ST;Landesforstbetrieb Sachsen-Anhalt
74175851-cff6-433d-ae3a-29193e853a4e;ForstSH;Landesforsten Schleswig-Holstein
74175851-cff6-433d-ae3a-29193e853a4e;ThüringenForst;ThüringenForst
74175851-cff6-433d-ae3a-29193e853a4e;BundesForst;Bundesforstverwaltung
963dd99b-ccaa-40e3-bd0b-e2f2ac9cb0c6;ForstBW;Forst Baden-Württemberg
963dd99b-ccaa-40e3-bd0b-e2f2ac9cb0c6;BaySF;Bayerische Staatsforsten
963dd99b-ccaa-40e3-bd0b-e2f2ac9cb0c6;SenUMVK;Senatsverwaltung für Mobilität, Verkehr, Klimaschutz und Umwelt
963dd99b-ccaa-40e3-bd0b-e2f2ac9cb0c6;LFB-BB;Landesbetrieb Forst Brandenburg
963dd99b-ccaa-40e3-bd0b-e2f2ac9cb0c6;SKUMS-HB;Senatorin für Klimaschutz, Umwelt, Mobilität, Stadtentwicklung und Wohnungsbau Bremen
963dd99b-ccaa-40e3-bd0b-e2f2ac9cb0c6;BUKEA-HH;Behörde für Umwelt, Klima, Energie und Agrarwirtschaft Hamburg
963dd99b-ccaa-40e3-bd0b-e2f2ac9cb0c6;HessenForst;HessenForst
963dd99b-ccaa-40e3-bd0b-e2f2ac9cb0c6;LFOA-MV;Landesforst Mecklenburg-Vorpommern
963dd99b-ccaa-40e3-bd0b-e2f2ac9cb0c6;NLF;Niedersächsische Landesforsten
963dd99b-ccaa-40e3-bd0b-e2f2ac9cb0c6;WLH-NRW;Landesbetrieb Wald und Holz NRW
963dd99b-ccaa-40e3-bd0b-e2f2ac9cb0c6;Forst-RLP;Landesforsten Rheinland-Pfalz
963dd99b-ccaa-40e3-bd0b-e2f2ac9cb0c6;SaarForst;SaarForst
963dd99b-ccaa-40e3-bd0b-e2f2ac9cb0c6;Sachsenforst;Staatsbetrieb Sachsenforst
963dd99b-ccaa-40e3-bd0b-e2f2ac9cb0c6;LFB-ST;Landesforstbetrieb Sachsen-Anhalt
963dd99b-ccaa-40e3-bd0b-e2f2ac9cb0c6;ForstSH;Landesforsten Schleswig-Holstein
963dd99b-ccaa-40e3-bd0b-e2f2ac9cb0c6;ThüringenForst;ThüringenForst
963dd99b-ccaa-40e3-bd0b-e2f2ac9cb0c6;BundesForst;Bundesforstverwaltung
