fk_modul_id;habitat;BV_habitat
00139181-5fe0-4fd2-9a62-40d9228a90cf;Regelmäßig oder in jüngster Zeit bewirtschaftete landwirtschaftliche, gärtnerische und häusliche Lebensräume;Ökosystem-Vorkommen
00a31df4-6d27-4e33-bee4-c0ec62738b50;Marine habitate;Anteil der lebenden Bedeckung
00a31df4-6d27-4e33-bee4-c0ec62738b50;Marine habitate;Ökosystem-Störungen
00a31df4-6d27-4e33-bee4-c0ec62738b50;Marine habitate;Ökosystem-Vorkommen
00c1f9bd-4733-4e89-8496-416fff0dec7e;Grasland und von Kräutern, Moosen oder Flechten dominierte Flächen;Ökosystem-Vorkommen
00c1f9bd-4733-4e89-8496-416fff0dec7e;Wälder, Forste und andere bewaldete Flächen;Ökosystem-Vorkommen
00c1f9bd-4733-4e89-8496-416fff0dec7e;Heideland, Gebüsch und Tundra;Ökosystem-Vorkommen
00c1f9bd-4733-4e89-8496-416fff0dec7e;Oberflächengewässer im Binnenland;Ökosystem-Vorkommen
00c1f9bd-4733-4e89-8496-416fff0dec7e;Bebaute, industrielle und andere künstliche Lebensräume;Ökosystem-Vorkommen
00c1f9bd-4733-4e89-8496-416fff0dec7e;Regelmäßig oder in jüngster Zeit bewirtschaftete landwirtschaftliche, gärtnerische und häusliche Lebensräume;Ökosystem-Vorkommen
00c1f9bd-4733-4e89-8496-416fff0dec7e;Marine habitate;Ökosystem-Vorkommen
00c1f9bd-4733-4e89-8496-416fff0dec7e;Küstenhabitate;Ökosystem-Vorkommen
00c1f9bd-4733-4e89-8496-416fff0dec7e;Moore, Sümpfe und Flachmoore;Ökosystem-Vorkommen
00c1f9bd-4733-4e89-8496-416fff0dec7e;Unbegrünte oder spärlich bewachsene Lebensräume im Binnenland;Ökosystem-Vorkommen
0180e8fb-7d5d-427b-93d9-11f465ff04fb;Marine habitate;Ökosystem-Vorkommen
0180e8fb-7d5d-427b-93d9-11f465ff04fb;Marine habitate;Anteil der lebenden Bedeckung
01adbe57-cab2-4276-818c-b3aced73e62e;Marine habitate;Ökosystem-Vorkommen
01adbe57-cab2-4276-818c-b3aced73e62e;Küstenhabitate;Ökosystem-Vorkommen
01adbe57-cab2-4276-818c-b3aced73e62e;Marine habitate;Ökosystem-Störungen
01adbe57-cab2-4276-818c-b3aced73e62e;Küstenhabitate;Ökosystem-Störungen
06b7796b-d1b6-4b93-bbc9-cd445d21540e;Regelmäßig oder in jüngster Zeit bewirtschaftete landwirtschaftliche, gärtnerische und häusliche Lebensräume;Ökosystem vertikales Profil
06bd8887-f60e-438c-896c-309a32a29618;Marine habitate;Anteil der lebenden Bedeckung
06bd8887-f60e-438c-896c-309a32a29618;Marine habitate;Ökosystem-Vorkommen
06bd8887-f60e-438c-896c-309a32a29618;Marine habitate;Primärproduktivität
06bd8887-f60e-438c-896c-309a32a29618;Marine habitate;Ökosystem-Störungen
0772a71d-6b13-4a0d-a6ef-513140d5ecc4;Wälder, Forste und andere bewaldete Flächen;Ökosystem-Vorkommen
0a01f707-6222-4a14-a799-6d40ceabd8f9;Marine habitate;Ökosystem-Störungen
0a01f707-6222-4a14-a799-6d40ceabd8f9;Marine habitate;Ökosystem-Vorkommen
0a01f707-6222-4a14-a799-6d40ceabd8f9;Marine habitate;Anteil der lebenden Bedeckung
0af2666e-a634-427b-914a-9699332d31d4;Regelmäßig oder in jüngster Zeit bewirtschaftete landwirtschaftliche, gärtnerische und häusliche Lebensräume;Ökosystem-Vorkommen
0c0a610c-f9d6-4cd9-8b2a-06b387cb9598;Marine habitate;Primärproduktivität
0c0a610c-f9d6-4cd9-8b2a-06b387cb9598;Marine habitate;Ökosystem-Phänologie
0c0a610c-f9d6-4cd9-8b2a-06b387cb9598;Marine habitate;Ökosystem-Störungen
0c0a610c-f9d6-4cd9-8b2a-06b387cb9598;Marine habitate;Ökosystem-Vorkommen
0c0a610c-f9d6-4cd9-8b2a-06b387cb9598;Marine habitate;Ökosystem vertikales Profil
0c47055a-777e-419f-b50e-706efa095046;Regelmäßig oder in jüngster Zeit bewirtschaftete landwirtschaftliche, gärtnerische und häusliche Lebensräume;Ökosystem-Vorkommen
0c47055a-777e-419f-b50e-706efa095046;Heideland, Gebüsch und Tundra;Ökosystem-Vorkommen
0c47055a-777e-419f-b50e-706efa095046;Grasland und von Kräutern, Moosen oder Flechten dominierte Flächen;Ökosystem-Vorkommen
0c47055a-777e-419f-b50e-706efa095046;Unbegrünte oder spärlich bewachsene Lebensräume im Binnenland;Ökosystem-Vorkommen
0cf3cb32-9468-4a9a-bb22-347a90d854c0;Marine habitate;Ökosystem-Vorkommen
0cf3cb32-9468-4a9a-bb22-347a90d854c0;Küstenhabitate;Ökosystem-Vorkommen
0cf3cb32-9468-4a9a-bb22-347a90d854c0;Marine habitate;Ökosystem-Störungen
0cf3cb32-9468-4a9a-bb22-347a90d854c0;Küstenhabitate;Ökosystem-Störungen
0d7bbfdd-767e-48f8-94f8-e47a9784c67b;Oberflächengewässer im Binnenland;Ökosystem-Vorkommen
0d7bbfdd-767e-48f8-94f8-e47a9784c67b;Oberflächengewässer im Binnenland;Ökosystem-Störungen
0d7bbfdd-767e-48f8-94f8-e47a9784c67b;Oberflächengewässer im Binnenland;Anteil der lebenden Bedeckung
0d7bbfdd-767e-48f8-94f8-e47a9784c67b;Bebaute, industrielle und andere künstliche Lebensräume;Ökosystem-Vorkommen
0d7bbfdd-767e-48f8-94f8-e47a9784c67b;Bebaute, industrielle und andere künstliche Lebensräume;Ökosystem-Störungen
0d7bbfdd-767e-48f8-94f8-e47a9784c67b;Regelmäßig oder in jüngster Zeit bewirtschaftete landwirtschaftliche, gärtnerische und häusliche Lebensräume;Ökosystem-Vorkommen
0d7bbfdd-767e-48f8-94f8-e47a9784c67b;Regelmäßig oder in jüngster Zeit bewirtschaftete landwirtschaftliche, gärtnerische und häusliche Lebensräume;Ökosystem-Störungen
0d7bbfdd-767e-48f8-94f8-e47a9784c67b;Wälder, Forste und andere bewaldete Flächen;Ökosystem-Vorkommen
0d7bbfdd-767e-48f8-94f8-e47a9784c67b;Wälder, Forste und andere bewaldete Flächen;Ökosystem-Störungen
0d7bbfdd-767e-48f8-94f8-e47a9784c67b;Grasland und von Kräutern, Moosen oder Flechten dominierte Flächen;Ökosystem-Vorkommen
0d7bbfdd-767e-48f8-94f8-e47a9784c67b;Grasland und von Kräutern, Moosen oder Flechten dominierte Flächen;Ökosystem-Störungen
0d7bbfdd-767e-48f8-94f8-e47a9784c67b;Heideland, Gebüsch und Tundra;Ökosystem-Vorkommen
0d7bbfdd-767e-48f8-94f8-e47a9784c67b;Heideland, Gebüsch und Tundra;Ökosystem-Störungen
0d7bbfdd-767e-48f8-94f8-e47a9784c67b;Unbegrünte oder spärlich bewachsene Lebensräume im Binnenland;Ökosystem-Vorkommen
0d7bbfdd-767e-48f8-94f8-e47a9784c67b;Unbegrünte oder spärlich bewachsene Lebensräume im Binnenland;Ökosystem-Störungen
0d7bbfdd-767e-48f8-94f8-e47a9784c67b;Andere;Ökosystem-Vorkommen
0d7bbfdd-767e-48f8-94f8-e47a9784c67b;Andere;Ökosystem-Störungen
0d7bbfdd-767e-48f8-94f8-e47a9784c67b;Moore, Sümpfe und Flachmoore;Ökosystem-Vorkommen
0d7bbfdd-767e-48f8-94f8-e47a9784c67b;Moore, Sümpfe und Flachmoore;Ökosystem-Störungen
0dc6234b-eadb-4250-9c18-344e16f3f6a9;Marine habitate;Ökosystem-Vorkommen
0dc6234b-eadb-4250-9c18-344e16f3f6a9;Küstenhabitate;Ökosystem-Vorkommen
0dc6234b-eadb-4250-9c18-344e16f3f6a9;Oberflächengewässer im Binnenland;Ökosystem-Vorkommen
0dc6234b-eadb-4250-9c18-344e16f3f6a9;Moore, Sümpfe und Flachmoore;Ökosystem-Vorkommen
0dc6234b-eadb-4250-9c18-344e16f3f6a9;Grasland und von Kräutern, Moosen oder Flechten dominierte Flächen;Ökosystem-Vorkommen
0dc6234b-eadb-4250-9c18-344e16f3f6a9;Unbegrünte oder spärlich bewachsene Lebensräume im Binnenland;Ökosystem-Vorkommen
0dc6234b-eadb-4250-9c18-344e16f3f6a9;Regelmäßig oder in jüngster Zeit bewirtschaftete landwirtschaftliche, gärtnerische und häusliche Lebensräume;Ökosystem-Vorkommen
0dc6234b-eadb-4250-9c18-344e16f3f6a9;Bebaute, industrielle und andere künstliche Lebensräume;Ökosystem-Vorkommen
0f7b47af-0f88-4d95-94d9-606503ed44ac;Wälder, Forste und andere bewaldete Flächen;Ökosystem-Störungen
0f7b47af-0f88-4d95-94d9-606503ed44ac;Wälder, Forste und andere bewaldete Flächen;Ökosystem-Vorkommen
11fdf7df-b27c-499c-98bc-862cfae44470;Wälder, Forste und andere bewaldete Flächen;Anteil der lebenden Bedeckung
11fdf7df-b27c-499c-98bc-862cfae44470;Regelmäßig oder in jüngster Zeit bewirtschaftete landwirtschaftliche, gärtnerische und häusliche Lebensräume;Anteil der lebenden Bedeckung
12215906-fda8-4b25-853f-fff60cc6d878;Marine habitate;Ökosystem-Vorkommen
12215906-fda8-4b25-853f-fff60cc6d878;Küstenhabitate;Ökosystem-Vorkommen
12215906-fda8-4b25-853f-fff60cc6d878;Bebaute, industrielle und andere künstliche Lebensräume;Ökosystem-Vorkommen
12215906-fda8-4b25-853f-fff60cc6d878;Marine habitate;Ökosystem-Störungen
12215906-fda8-4b25-853f-fff60cc6d878;Küstenhabitate;Ökosystem-Störungen
12215906-fda8-4b25-853f-fff60cc6d878;Bebaute, industrielle und andere künstliche Lebensräume;Ökosystem-Störungen
12215906-fda8-4b25-853f-fff60cc6d878;Marine habitate;Ökosystem vertikales Profil
12215906-fda8-4b25-853f-fff60cc6d878;Küstenhabitate;Ökosystem vertikales Profil
12215906-fda8-4b25-853f-fff60cc6d878;Bebaute, industrielle und andere künstliche Lebensräume;Ökosystem vertikales Profil
124e26d7-f886-4c9c-8a1a-408a4d569261;Moore, Sümpfe und Flachmoore;Ökosystem-Vorkommen
124e26d7-f886-4c9c-8a1a-408a4d569261;Grasland und von Kräutern, Moosen oder Flechten dominierte Flächen;Ökosystem-Vorkommen
124e26d7-f886-4c9c-8a1a-408a4d569261;Heideland, Gebüsch und Tundra;Ökosystem-Vorkommen
124e26d7-f886-4c9c-8a1a-408a4d569261;Wälder, Forste und andere bewaldete Flächen;Ökosystem-Vorkommen
124e26d7-f886-4c9c-8a1a-408a4d569261;Regelmäßig oder in jüngster Zeit bewirtschaftete landwirtschaftliche, gärtnerische und häusliche Lebensräume;Ökosystem-Vorkommen
124e26d7-f886-4c9c-8a1a-408a4d569261;Bebaute, industrielle und andere künstliche Lebensräume;Ökosystem-Vorkommen
1351f751-fa94-4440-90f7-25194efa10c1;Wälder, Forste und andere bewaldete Flächen;Ökosystem-Vorkommen
1351f751-fa94-4440-90f7-25194efa10c1;Wälder, Forste und andere bewaldete Flächen;Ökosystem-Störungen
1351f751-fa94-4440-90f7-25194efa10c1;Wälder, Forste und andere bewaldete Flächen;Anteil der lebenden Bedeckung
13e462ea-29cf-4dd8-baee-0460dcdaa67e;Wälder, Forste und andere bewaldete Flächen;Ökosystem vertikales Profil
1420faa7-08b1-4feb-bdaf-89fde578fa70;Wälder, Forste und andere bewaldete Flächen;Ökosystem-Vorkommen
147b7a43-0297-4406-a09a-a01141a1b8f2;Wälder, Forste und andere bewaldete Flächen;Ökosystem-Vorkommen
147b7a43-0297-4406-a09a-a01141a1b8f2;Oberflächengewässer im Binnenland;Ökosystem-Vorkommen
147b7a43-0297-4406-a09a-a01141a1b8f2;Bebaute, industrielle und andere künstliche Lebensräume;Ökosystem-Vorkommen
147b7a43-0297-4406-a09a-a01141a1b8f2;Regelmäßig oder in jüngster Zeit bewirtschaftete landwirtschaftliche, gärtnerische und häusliche Lebensräume;Ökosystem-Vorkommen
147b7a43-0297-4406-a09a-a01141a1b8f2;Grasland und von Kräutern, Moosen oder Flechten dominierte Flächen;Ökosystem-Vorkommen
147b7a43-0297-4406-a09a-a01141a1b8f2;Unbegrünte oder spärlich bewachsene Lebensräume im Binnenland;Ökosystem-Vorkommen
169243ef-aa9a-4767-900e-4981f4b39f36;Marine habitate;Ökosystem-Vorkommen
169243ef-aa9a-4767-900e-4981f4b39f36;Küstenhabitate;Ökosystem-Vorkommen
169243ef-aa9a-4767-900e-4981f4b39f36;Oberflächengewässer im Binnenland;Ökosystem-Vorkommen
169243ef-aa9a-4767-900e-4981f4b39f36;Moore, Sümpfe und Flachmoore;Ökosystem-Vorkommen
169243ef-aa9a-4767-900e-4981f4b39f36;Bebaute, industrielle und andere künstliche Lebensräume;Ökosystem-Vorkommen
17ca3bfb-89f8-4b6d-84b5-d5a0807b4ba4;Oberflächengewässer im Binnenland;Ökosystem-Störungen
17ca3bfb-89f8-4b6d-84b5-d5a0807b4ba4;Oberflächengewässer im Binnenland;Ökosystem-Vorkommen
17ca3bfb-89f8-4b6d-84b5-d5a0807b4ba4;Oberflächengewässer im Binnenland;Primärproduktivität
17ca3bfb-89f8-4b6d-84b5-d5a0807b4ba4;Oberflächengewässer im Binnenland;Ökosystem-Phänologie
17ca3bfb-89f8-4b6d-84b5-d5a0807b4ba4;Oberflächengewässer im Binnenland;Anteil der lebenden Bedeckung
18587ae6-c6e6-4129-8b9c-152d0e13e6d7;Oberflächengewässer im Binnenland;Ökosystem-Vorkommen
18587ae6-c6e6-4129-8b9c-152d0e13e6d7;Oberflächengewässer im Binnenland;Ökosystem-Störungen
18587ae6-c6e6-4129-8b9c-152d0e13e6d7;Oberflächengewässer im Binnenland;Ökosystem vertikales Profil
18587ae6-c6e6-4129-8b9c-152d0e13e6d7;Marine habitate;Ökosystem-Vorkommen
18587ae6-c6e6-4129-8b9c-152d0e13e6d7;Marine habitate;Ökosystem-Störungen
18587ae6-c6e6-4129-8b9c-152d0e13e6d7;Marine habitate;Ökosystem vertikales Profil
19e44e1b-a3f9-413a-9538-312df8acf93b;Regelmäßig oder in jüngster Zeit bewirtschaftete landwirtschaftliche, gärtnerische und häusliche Lebensräume;Ökosystem-Vorkommen
1c993682-4f15-4f98-b5fb-a3b448abba2a;Regelmäßig oder in jüngster Zeit bewirtschaftete landwirtschaftliche, gärtnerische und häusliche Lebensräume;Ökosystem-Vorkommen
1dfb381d-a5ca-4a3c-a938-76640a29ce04;Grasland und von Kräutern, Moosen oder Flechten dominierte Flächen;Ökosystem-Vorkommen
1dfb381d-a5ca-4a3c-a938-76640a29ce04;Wälder, Forste und andere bewaldete Flächen;Ökosystem-Vorkommen
1dfb381d-a5ca-4a3c-a938-76640a29ce04;Unbegrünte oder spärlich bewachsene Lebensräume im Binnenland;Ökosystem-Vorkommen
1dfb381d-a5ca-4a3c-a938-76640a29ce04;Regelmäßig oder in jüngster Zeit bewirtschaftete landwirtschaftliche, gärtnerische und häusliche Lebensräume;Ökosystem-Vorkommen
1dfb381d-a5ca-4a3c-a938-76640a29ce04;Bebaute, industrielle und andere künstliche Lebensräume;Ökosystem-Vorkommen
1dfb381d-a5ca-4a3c-a938-76640a29ce04;Andere;Ökosystem-Vorkommen
1e00a09a-d82f-429c-91e3-7c223d837fcc;Küstenhabitate;Anteil der lebenden Bedeckung
1e00a09a-d82f-429c-91e3-7c223d837fcc;Küstenhabitate;Ökosystem-Vorkommen
1e00a09a-d82f-429c-91e3-7c223d837fcc;Küstenhabitate;Ökosystem-Störungen
1f901170-a2d3-4a78-9bfd-b667c731b916;Moore, Sümpfe und Flachmoore;Ökosystem vertikales Profil
1f901170-a2d3-4a78-9bfd-b667c731b916;Moore, Sümpfe und Flachmoore;Anteil der lebenden Bedeckung
1f901170-a2d3-4a78-9bfd-b667c731b916;Unbegrünte oder spärlich bewachsene Lebensräume im Binnenland;Ökosystem-Vorkommen
1f901170-a2d3-4a78-9bfd-b667c731b916;Unbegrünte oder spärlich bewachsene Lebensräume im Binnenland;Ökosystem-Störungen
1f901170-a2d3-4a78-9bfd-b667c731b916;Unbegrünte oder spärlich bewachsene Lebensräume im Binnenland;Anteil der lebenden Bedeckung
1f901170-a2d3-4a78-9bfd-b667c731b916;Regelmäßig oder in jüngster Zeit bewirtschaftete landwirtschaftliche, gärtnerische und häusliche Lebensräume;Ökosystem-Vorkommen
1f901170-a2d3-4a78-9bfd-b667c731b916;Regelmäßig oder in jüngster Zeit bewirtschaftete landwirtschaftliche, gärtnerische und häusliche Lebensräume;Ökosystem-Störungen
1f901170-a2d3-4a78-9bfd-b667c731b916;Regelmäßig oder in jüngster Zeit bewirtschaftete landwirtschaftliche, gärtnerische und häusliche Lebensräume;Anteil der lebenden Bedeckung
1f901170-a2d3-4a78-9bfd-b667c731b916;Wälder, Forste und andere bewaldete Flächen;Ökosystem-Vorkommen
1f901170-a2d3-4a78-9bfd-b667c731b916;Wälder, Forste und andere bewaldete Flächen;Ökosystem-Störungen
1f901170-a2d3-4a78-9bfd-b667c731b916;Wälder, Forste und andere bewaldete Flächen;Anteil der lebenden Bedeckung
1f901170-a2d3-4a78-9bfd-b667c731b916;Moore, Sümpfe und Flachmoore;Ökosystem-Vorkommen
1f901170-a2d3-4a78-9bfd-b667c731b916;Moore, Sümpfe und Flachmoore;Ökosystem-Störungen
21510249-a22a-4a5e-a8dd-e58602533e24;Marine habitate;Ökosystem-Vorkommen
21510249-a22a-4a5e-a8dd-e58602533e24;Küstenhabitate;Ökosystem-Vorkommen
21510249-a22a-4a5e-a8dd-e58602533e24;Marine habitate;Ökosystem-Störungen
21510249-a22a-4a5e-a8dd-e58602533e24;Küstenhabitate;Ökosystem-Störungen
226a7203-ca30-4c86-bd7b-2ef2ec27ed7d;Oberflächengewässer im Binnenland;Ökosystem-Störungen
226a7203-ca30-4c86-bd7b-2ef2ec27ed7d;Grasland und von Kräutern, Moosen oder Flechten dominierte Flächen;Ökosystem-Störungen
226a7203-ca30-4c86-bd7b-2ef2ec27ed7d;Unbegrünte oder spärlich bewachsene Lebensräume im Binnenland;Ökosystem-Störungen
226a7203-ca30-4c86-bd7b-2ef2ec27ed7d;Regelmäßig oder in jüngster Zeit bewirtschaftete landwirtschaftliche, gärtnerische und häusliche Lebensräume;Ökosystem-Störungen
226a7203-ca30-4c86-bd7b-2ef2ec27ed7d;Wälder, Forste und andere bewaldete Flächen;Ökosystem-Störungen
226a7203-ca30-4c86-bd7b-2ef2ec27ed7d;Oberflächengewässer im Binnenland;Anteil der lebenden Bedeckung
226a7203-ca30-4c86-bd7b-2ef2ec27ed7d;Grasland und von Kräutern, Moosen oder Flechten dominierte Flächen;Anteil der lebenden Bedeckung
226a7203-ca30-4c86-bd7b-2ef2ec27ed7d;Unbegrünte oder spärlich bewachsene Lebensräume im Binnenland;Anteil der lebenden Bedeckung
226a7203-ca30-4c86-bd7b-2ef2ec27ed7d;Regelmäßig oder in jüngster Zeit bewirtschaftete landwirtschaftliche, gärtnerische und häusliche Lebensräume;Anteil der lebenden Bedeckung
226a7203-ca30-4c86-bd7b-2ef2ec27ed7d;Wälder, Forste und andere bewaldete Flächen;Anteil der lebenden Bedeckung
226a7203-ca30-4c86-bd7b-2ef2ec27ed7d;Wälder, Forste und andere bewaldete Flächen;Andere
280f0b3e-77d3-4a82-8c71-8ae542c8663b;Wälder, Forste und andere bewaldete Flächen;Ökosystem-Vorkommen
29d29563-9ccb-4e99-aede-b73ff98b5e02;Oberflächengewässer im Binnenland;Ökosystem-Vorkommen
29d29563-9ccb-4e99-aede-b73ff98b5e02;Moore, Sümpfe und Flachmoore;Ökosystem-Vorkommen
29d29563-9ccb-4e99-aede-b73ff98b5e02;Grasland und von Kräutern, Moosen oder Flechten dominierte Flächen;Ökosystem-Vorkommen
29d29563-9ccb-4e99-aede-b73ff98b5e02;Heideland, Gebüsch und Tundra;Ökosystem-Vorkommen
29d29563-9ccb-4e99-aede-b73ff98b5e02;Wälder, Forste und andere bewaldete Flächen;Ökosystem-Vorkommen
29d29563-9ccb-4e99-aede-b73ff98b5e02;Unbegrünte oder spärlich bewachsene Lebensräume im Binnenland;Ökosystem-Vorkommen
29d29563-9ccb-4e99-aede-b73ff98b5e02;Regelmäßig oder in jüngster Zeit bewirtschaftete landwirtschaftliche, gärtnerische und häusliche Lebensräume;Ökosystem-Vorkommen
29d29563-9ccb-4e99-aede-b73ff98b5e02;Bebaute, industrielle und andere künstliche Lebensräume;Ökosystem-Vorkommen
29d29563-9ccb-4e99-aede-b73ff98b5e02;Andere;Ökosystem-Vorkommen
2a6b7681-2a97-42b3-b394-43e94b1eb4d5;Oberflächengewässer im Binnenland;Ökosystem-Vorkommen
2a6b7681-2a97-42b3-b394-43e94b1eb4d5;Oberflächengewässer im Binnenland;Ökosystem-Störungen
2a6b7681-2a97-42b3-b394-43e94b1eb4d5;Oberflächengewässer im Binnenland;Ökosystem vertikales Profil
2a6b7681-2a97-42b3-b394-43e94b1eb4d5;Oberflächengewässer im Binnenland;Anteil der lebenden Bedeckung
2bce6b46-fc40-4725-b050-14b9b58932c3;Marine habitate;Ökosystem-Vorkommen
2bce6b46-fc40-4725-b050-14b9b58932c3;Küstenhabitate;Ökosystem-Vorkommen
2bce6b46-fc40-4725-b050-14b9b58932c3;Oberflächengewässer im Binnenland;Ökosystem-Vorkommen
2bce6b46-fc40-4725-b050-14b9b58932c3;Moore, Sümpfe und Flachmoore;Ökosystem-Vorkommen
2bce6b46-fc40-4725-b050-14b9b58932c3;Bebaute, industrielle und andere künstliche Lebensräume;Ökosystem-Vorkommen
2bce6b46-fc40-4725-b050-14b9b58932c3;Wälder, Forste und andere bewaldete Flächen;Ökosystem-Vorkommen
2bce6b46-fc40-4725-b050-14b9b58932c3;Grasland und von Kräutern, Moosen oder Flechten dominierte Flächen;Ökosystem-Vorkommen
2bce6b46-fc40-4725-b050-14b9b58932c3;Unbegrünte oder spärlich bewachsene Lebensräume im Binnenland;Ökosystem-Vorkommen
2bce6b46-fc40-4725-b050-14b9b58932c3;Regelmäßig oder in jüngster Zeit bewirtschaftete landwirtschaftliche, gärtnerische und häusliche Lebensräume;Ökosystem-Vorkommen
2fdd1212-14a7-4305-ba25-007454adfe0e;Wälder, Forste und andere bewaldete Flächen;Ökosystem-Vorkommen
2fdd1212-14a7-4305-ba25-007454adfe0e;Wälder, Forste und andere bewaldete Flächen;Ökosystem-Störungen
2fdd1212-14a7-4305-ba25-007454adfe0e;Küstenhabitate;Ökosystem-Vorkommen
2fdd1212-14a7-4305-ba25-007454adfe0e;Küstenhabitate;Ökosystem-Störungen
2fdd1212-14a7-4305-ba25-007454adfe0e;Oberflächengewässer im Binnenland;Ökosystem-Vorkommen
2fdd1212-14a7-4305-ba25-007454adfe0e;Oberflächengewässer im Binnenland;Ökosystem-Störungen
2fdd1212-14a7-4305-ba25-007454adfe0e;Oberflächengewässer im Binnenland;Andere
2fdd1212-14a7-4305-ba25-007454adfe0e;Grasland und von Kräutern, Moosen oder Flechten dominierte Flächen;Ökosystem-Vorkommen
2fdd1212-14a7-4305-ba25-007454adfe0e;Grasland und von Kräutern, Moosen oder Flechten dominierte Flächen;Ökosystem-Störungen
2fdd1212-14a7-4305-ba25-007454adfe0e;Heideland, Gebüsch und Tundra;Ökosystem-Vorkommen
2fdd1212-14a7-4305-ba25-007454adfe0e;Heideland, Gebüsch und Tundra;Ökosystem-Störungen
2fdd1212-14a7-4305-ba25-007454adfe0e;Wälder, Forste und andere bewaldete Flächen;Andere
301c22b7-5e70-4364-bc02-0cdf64eba8d5;Küstenhabitate;Ökosystem-Störungen
301c22b7-5e70-4364-bc02-0cdf64eba8d5;Küstenhabitate;Ökosystem-Vorkommen
3099130b-85c5-4903-ac49-a346adccbb2e;Wälder, Forste und andere bewaldete Flächen;Ökosystem-Vorkommen
3099130b-85c5-4903-ac49-a346adccbb2e;Bebaute, industrielle und andere künstliche Lebensräume;Ökosystem-Vorkommen
3099130b-85c5-4903-ac49-a346adccbb2e;Regelmäßig oder in jüngster Zeit bewirtschaftete landwirtschaftliche, gärtnerische und häusliche Lebensräume;Ökosystem-Vorkommen
30cfdaf7-337f-4ed4-a76b-95356d7ba3ec;Regelmäßig oder in jüngster Zeit bewirtschaftete landwirtschaftliche, gärtnerische und häusliche Lebensräume;Ökosystem-Vorkommen
31b4a1bc-e744-4b1d-b237-8f7000dd7b29;Regelmäßig oder in jüngster Zeit bewirtschaftete landwirtschaftliche, gärtnerische und häusliche Lebensräume;Ökosystem-Vorkommen
31b4a1bc-e744-4b1d-b237-8f7000dd7b29;Heideland, Gebüsch und Tundra;Ökosystem-Vorkommen
328f5d50-54f5-4c43-bbd3-ad521e2ebeac;Grasland und von Kräutern, Moosen oder Flechten dominierte Flächen;Ökosystem-Vorkommen
328f5d50-54f5-4c43-bbd3-ad521e2ebeac;Wälder, Forste und andere bewaldete Flächen;Ökosystem-Vorkommen
328f5d50-54f5-4c43-bbd3-ad521e2ebeac;Heideland, Gebüsch und Tundra;Ökosystem-Vorkommen
328f5d50-54f5-4c43-bbd3-ad521e2ebeac;Oberflächengewässer im Binnenland;Ökosystem-Vorkommen
328f5d50-54f5-4c43-bbd3-ad521e2ebeac;Bebaute, industrielle und andere künstliche Lebensräume;Ökosystem-Vorkommen
328f5d50-54f5-4c43-bbd3-ad521e2ebeac;Regelmäßig oder in jüngster Zeit bewirtschaftete landwirtschaftliche, gärtnerische und häusliche Lebensräume;Ökosystem-Vorkommen
328f5d50-54f5-4c43-bbd3-ad521e2ebeac;Küstenhabitate;Ökosystem-Vorkommen
34515994-48c6-4d01-a3e7-995ce486c212;Marine habitate;Ökosystem-Störungen
34515994-48c6-4d01-a3e7-995ce486c212;Marine habitate;Ökosystem-Vorkommen
36864a43-6bb7-4dbe-8557-c63385634859;Küstenhabitate;Ökosystem-Vorkommen
36864a43-6bb7-4dbe-8557-c63385634859;Oberflächengewässer im Binnenland;Ökosystem-Vorkommen
36864a43-6bb7-4dbe-8557-c63385634859;Moore, Sümpfe und Flachmoore;Ökosystem-Vorkommen
36864a43-6bb7-4dbe-8557-c63385634859;Grasland und von Kräutern, Moosen oder Flechten dominierte Flächen;Ökosystem-Vorkommen
36864a43-6bb7-4dbe-8557-c63385634859;Wälder, Forste und andere bewaldete Flächen;Ökosystem-Vorkommen
36864a43-6bb7-4dbe-8557-c63385634859;Unbegrünte oder spärlich bewachsene Lebensräume im Binnenland;Ökosystem-Vorkommen
36864a43-6bb7-4dbe-8557-c63385634859;Regelmäßig oder in jüngster Zeit bewirtschaftete landwirtschaftliche, gärtnerische und häusliche Lebensräume;Ökosystem-Vorkommen
36864a43-6bb7-4dbe-8557-c63385634859;Küstenhabitate;Ökosystem-Störungen
36864a43-6bb7-4dbe-8557-c63385634859;Oberflächengewässer im Binnenland;Ökosystem-Störungen
36864a43-6bb7-4dbe-8557-c63385634859;Moore, Sümpfe und Flachmoore;Ökosystem-Störungen
36864a43-6bb7-4dbe-8557-c63385634859;Grasland und von Kräutern, Moosen oder Flechten dominierte Flächen;Ökosystem-Störungen
36864a43-6bb7-4dbe-8557-c63385634859;Wälder, Forste und andere bewaldete Flächen;Ökosystem-Störungen
36864a43-6bb7-4dbe-8557-c63385634859;Unbegrünte oder spärlich bewachsene Lebensräume im Binnenland;Ökosystem-Störungen
36864a43-6bb7-4dbe-8557-c63385634859;Regelmäßig oder in jüngster Zeit bewirtschaftete landwirtschaftliche, gärtnerische und häusliche Lebensräume;Ökosystem-Störungen
36864a43-6bb7-4dbe-8557-c63385634859;Oberflächengewässer im Binnenland;Anteil der lebenden Bedeckung
36864a43-6bb7-4dbe-8557-c63385634859;Moore, Sümpfe und Flachmoore;Anteil der lebenden Bedeckung
36864a43-6bb7-4dbe-8557-c63385634859;Grasland und von Kräutern, Moosen oder Flechten dominierte Flächen;Anteil der lebenden Bedeckung
36864a43-6bb7-4dbe-8557-c63385634859;Wälder, Forste und andere bewaldete Flächen;Anteil der lebenden Bedeckung
36864a43-6bb7-4dbe-8557-c63385634859;Unbegrünte oder spärlich bewachsene Lebensräume im Binnenland;Anteil der lebenden Bedeckung
36864a43-6bb7-4dbe-8557-c63385634859;Regelmäßig oder in jüngster Zeit bewirtschaftete landwirtschaftliche, gärtnerische und häusliche Lebensräume;Anteil der lebenden Bedeckung
36864a43-6bb7-4dbe-8557-c63385634859;Küstenhabitate;Anteil der lebenden Bedeckung
36864a43-6bb7-4dbe-8557-c63385634859;Oberflächengewässer im Binnenland;Ökosystem-Phänologie
36864a43-6bb7-4dbe-8557-c63385634859;Moore, Sümpfe und Flachmoore;Ökosystem-Phänologie
36864a43-6bb7-4dbe-8557-c63385634859;Grasland und von Kräutern, Moosen oder Flechten dominierte Flächen;Ökosystem-Phänologie
36864a43-6bb7-4dbe-8557-c63385634859;Wälder, Forste und andere bewaldete Flächen;Ökosystem-Phänologie
36864a43-6bb7-4dbe-8557-c63385634859;Unbegrünte oder spärlich bewachsene Lebensräume im Binnenland;Ökosystem-Phänologie
36864a43-6bb7-4dbe-8557-c63385634859;Regelmäßig oder in jüngster Zeit bewirtschaftete landwirtschaftliche, gärtnerische und häusliche Lebensräume;Ökosystem-Phänologie
36864a43-6bb7-4dbe-8557-c63385634859;Küstenhabitate;Ökosystem-Phänologie
36864a43-6bb7-4dbe-8557-c63385634859;Heideland, Gebüsch und Tundra;Ökosystem-Phänologie
36864a43-6bb7-4dbe-8557-c63385634859;Heideland, Gebüsch und Tundra;Ökosystem-Störungen
36864a43-6bb7-4dbe-8557-c63385634859;Heideland, Gebüsch und Tundra;Ökosystem-Vorkommen
36864a43-6bb7-4dbe-8557-c63385634859;Heideland, Gebüsch und Tundra;Anteil der lebenden Bedeckung
3961e096-4002-4340-86f6-8175adf3abf8;Wälder, Forste und andere bewaldete Flächen;Ökosystem-Vorkommen
3961e096-4002-4340-86f6-8175adf3abf8;Wälder, Forste und andere bewaldete Flächen;Ökosystem-Störungen
3961e096-4002-4340-86f6-8175adf3abf8;Wälder, Forste und andere bewaldete Flächen;Ökosystem-Phänologie
40b7979c-7f41-4017-a85f-5e2ab2472a10;Küstenhabitate;Ökosystem-Vorkommen
40b7979c-7f41-4017-a85f-5e2ab2472a10;Oberflächengewässer im Binnenland;Ökosystem-Vorkommen
40b7979c-7f41-4017-a85f-5e2ab2472a10;Grasland und von Kräutern, Moosen oder Flechten dominierte Flächen;Ökosystem-Vorkommen
40b7979c-7f41-4017-a85f-5e2ab2472a10;Moore, Sümpfe und Flachmoore;Ökosystem-Vorkommen
40b7979c-7f41-4017-a85f-5e2ab2472a10;Heideland, Gebüsch und Tundra;Ökosystem-Vorkommen
40b7979c-7f41-4017-a85f-5e2ab2472a10;Wälder, Forste und andere bewaldete Flächen;Ökosystem-Vorkommen
40b7979c-7f41-4017-a85f-5e2ab2472a10;Unbegrünte oder spärlich bewachsene Lebensräume im Binnenland;Ökosystem-Vorkommen
40b7979c-7f41-4017-a85f-5e2ab2472a10;Regelmäßig oder in jüngster Zeit bewirtschaftete landwirtschaftliche, gärtnerische und häusliche Lebensräume;Ökosystem-Vorkommen
40b7979c-7f41-4017-a85f-5e2ab2472a10;Bebaute, industrielle und andere künstliche Lebensräume;Ökosystem-Vorkommen
49b471ba-aafd-42c9-8b61-b992b449b3fb;Wälder, Forste und andere bewaldete Flächen;Ökosystem-Vorkommen
49b471ba-aafd-42c9-8b61-b992b449b3fb;Oberflächengewässer im Binnenland;Ökosystem-Vorkommen
49b471ba-aafd-42c9-8b61-b992b449b3fb;Bebaute, industrielle und andere künstliche Lebensräume;Ökosystem-Vorkommen
49b471ba-aafd-42c9-8b61-b992b449b3fb;Regelmäßig oder in jüngster Zeit bewirtschaftete landwirtschaftliche, gärtnerische und häusliche Lebensräume;Ökosystem-Vorkommen
49b471ba-aafd-42c9-8b61-b992b449b3fb;Andere;Ökosystem-Vorkommen
4a989cb5-ca6e-46d4-881f-7310816c0768;Küstenhabitate;Ökosystem-Störungen
4a989cb5-ca6e-46d4-881f-7310816c0768;Küstenhabitate;Ökosystem-Vorkommen
4b5e0f25-aaaa-4994-b4bb-4ab4e008ce68;Marine habitate;Ökosystem-Vorkommen
4b5e0f25-aaaa-4994-b4bb-4ab4e008ce68;Küstenhabitate;Ökosystem-Vorkommen
4c209ab4-fd6d-4f19-9182-6ac3925facef;Regelmäßig oder in jüngster Zeit bewirtschaftete landwirtschaftliche, gärtnerische und häusliche Lebensräume;Ökosystem-Vorkommen
4d04f5cb-c107-44bf-97fe-d202dfac153f;Wälder, Forste und andere bewaldete Flächen;Anteil der lebenden Bedeckung
4d04f5cb-c107-44bf-97fe-d202dfac153f;Wälder, Forste und andere bewaldete Flächen;Ökosystem-Vorkommen
4d04f5cb-c107-44bf-97fe-d202dfac153f;Wälder, Forste und andere bewaldete Flächen;Ökosystem vertikales Profil
4d04f5cb-c107-44bf-97fe-d202dfac153f;Wälder, Forste und andere bewaldete Flächen;Andere
4d04f5cb-c107-44bf-97fe-d202dfac153f;Wälder, Forste und andere bewaldete Flächen;Primärproduktivität
4e287832-22dd-4bcd-b3a1-879b5cda46b5;Bebaute, industrielle und andere künstliche Lebensräume;Ökosystem-Vorkommen
4e287832-22dd-4bcd-b3a1-879b5cda46b5;Küstenhabitate;Ökosystem-Vorkommen
4e287832-22dd-4bcd-b3a1-879b5cda46b5;Oberflächengewässer im Binnenland;Ökosystem-Vorkommen
4e287832-22dd-4bcd-b3a1-879b5cda46b5;Grasland und von Kräutern, Moosen oder Flechten dominierte Flächen;Ökosystem-Vorkommen
4e287832-22dd-4bcd-b3a1-879b5cda46b5;Moore, Sümpfe und Flachmoore;Ökosystem-Vorkommen
4e287832-22dd-4bcd-b3a1-879b5cda46b5;Heideland, Gebüsch und Tundra;Ökosystem-Vorkommen
4e287832-22dd-4bcd-b3a1-879b5cda46b5;Wälder, Forste und andere bewaldete Flächen;Ökosystem-Vorkommen
4e287832-22dd-4bcd-b3a1-879b5cda46b5;Unbegrünte oder spärlich bewachsene Lebensräume im Binnenland;Ökosystem-Vorkommen
4e287832-22dd-4bcd-b3a1-879b5cda46b5;Regelmäßig oder in jüngster Zeit bewirtschaftete landwirtschaftliche, gärtnerische und häusliche Lebensräume;Ökosystem-Vorkommen
4f5565da-ef23-40ea-9eb2-1e11c07c5360;Küstenhabitate;Ökosystem-Störungen
4f5565da-ef23-40ea-9eb2-1e11c07c5360;Küstenhabitate;Ökosystem-Vorkommen
4f7fc33f-be63-44d8-b900-fcae0a35b0de;Moore, Sümpfe und Flachmoore;Ökosystem-Vorkommen
4f7fc33f-be63-44d8-b900-fcae0a35b0de;Wälder, Forste und andere bewaldete Flächen;Ökosystem-Vorkommen
4f7fc33f-be63-44d8-b900-fcae0a35b0de;Unbegrünte oder spärlich bewachsene Lebensräume im Binnenland;Ökosystem-Vorkommen
4f7fc33f-be63-44d8-b900-fcae0a35b0de;Regelmäßig oder in jüngster Zeit bewirtschaftete landwirtschaftliche, gärtnerische und häusliche Lebensräume;Ökosystem-Vorkommen
4f7fc33f-be63-44d8-b900-fcae0a35b0de;Grasland und von Kräutern, Moosen oder Flechten dominierte Flächen;Ökosystem-Vorkommen
4f7fc33f-be63-44d8-b900-fcae0a35b0de;Oberflächengewässer im Binnenland;Ökosystem-Vorkommen
4f7fc33f-be63-44d8-b900-fcae0a35b0de;Küstenhabitate;Ökosystem-Vorkommen
4f7fc33f-be63-44d8-b900-fcae0a35b0de;Heideland, Gebüsch und Tundra;Ökosystem-Vorkommen
50051435-69cf-4b98-a8dd-f9053b0098fd;Wälder, Forste und andere bewaldete Flächen;Ökosystem-Störungen
50051435-69cf-4b98-a8dd-f9053b0098fd;Wälder, Forste und andere bewaldete Flächen;Ökosystem-Vorkommen
50051435-69cf-4b98-a8dd-f9053b0098fd;Wälder, Forste und andere bewaldete Flächen;Ökosystem vertikales Profil
50051435-69cf-4b98-a8dd-f9053b0098fd;Wälder, Forste und andere bewaldete Flächen;Anteil der lebenden Bedeckung
50051435-69cf-4b98-a8dd-f9053b0098fd;Bebaute, industrielle und andere künstliche Lebensräume;Ökosystem-Vorkommen
50051435-69cf-4b98-a8dd-f9053b0098fd;Regelmäßig oder in jüngster Zeit bewirtschaftete landwirtschaftliche, gärtnerische und häusliche Lebensräume;Ökosystem-Vorkommen
50051435-69cf-4b98-a8dd-f9053b0098fd;Grasland und von Kräutern, Moosen oder Flechten dominierte Flächen;Ökosystem-Vorkommen
50051435-69cf-4b98-a8dd-f9053b0098fd;Heideland, Gebüsch und Tundra;Ökosystem-Vorkommen
512c4f28-01a6-4c8e-aedd-d47a0e611437;Regelmäßig oder in jüngster Zeit bewirtschaftete landwirtschaftliche, gärtnerische und häusliche Lebensräume;Ökosystem-Vorkommen
512c4f28-01a6-4c8e-aedd-d47a0e611437;Heideland, Gebüsch und Tundra;Ökosystem-Vorkommen
512c4f28-01a6-4c8e-aedd-d47a0e611437;Grasland und von Kräutern, Moosen oder Flechten dominierte Flächen;Ökosystem-Vorkommen
512c4f28-01a6-4c8e-aedd-d47a0e611437;Unbegrünte oder spärlich bewachsene Lebensräume im Binnenland;Ökosystem-Vorkommen
5256fb1f-6ee2-4db3-a3f6-a6363fc763f6;Grasland und von Kräutern, Moosen oder Flechten dominierte Flächen;Ökosystem-Vorkommen
5256fb1f-6ee2-4db3-a3f6-a6363fc763f6;Grasland und von Kräutern, Moosen oder Flechten dominierte Flächen;Ökosystem-Störungen
5256fb1f-6ee2-4db3-a3f6-a6363fc763f6;Moore, Sümpfe und Flachmoore;Ökosystem-Vorkommen
5256fb1f-6ee2-4db3-a3f6-a6363fc763f6;Moore, Sümpfe und Flachmoore;Ökosystem-Störungen
5256fb1f-6ee2-4db3-a3f6-a6363fc763f6;Moore, Sümpfe und Flachmoore;Anteil der lebenden Bedeckung
5256fb1f-6ee2-4db3-a3f6-a6363fc763f6;Moore, Sümpfe und Flachmoore;Ökosystem vertikales Profil
5256fb1f-6ee2-4db3-a3f6-a6363fc763f6;Wälder, Forste und andere bewaldete Flächen;Ökosystem-Vorkommen
5256fb1f-6ee2-4db3-a3f6-a6363fc763f6;Wälder, Forste und andere bewaldete Flächen;Ökosystem-Störungen
5256fb1f-6ee2-4db3-a3f6-a6363fc763f6;Wälder, Forste und andere bewaldete Flächen;Ökosystem-Phänologie
5256fb1f-6ee2-4db3-a3f6-a6363fc763f6;Wälder, Forste und andere bewaldete Flächen;Ökosystem vertikales Profil
5256fb1f-6ee2-4db3-a3f6-a6363fc763f6;Regelmäßig oder in jüngster Zeit bewirtschaftete landwirtschaftliche, gärtnerische und häusliche Lebensräume;Ökosystem-Störungen
5256fb1f-6ee2-4db3-a3f6-a6363fc763f6;Regelmäßig oder in jüngster Zeit bewirtschaftete landwirtschaftliche, gärtnerische und häusliche Lebensräume;Anteil der lebenden Bedeckung
5256fb1f-6ee2-4db3-a3f6-a6363fc763f6;Regelmäßig oder in jüngster Zeit bewirtschaftete landwirtschaftliche, gärtnerische und häusliche Lebensräume;Ökosystem-Vorkommen
5256fb1f-6ee2-4db3-a3f6-a6363fc763f6;Regelmäßig oder in jüngster Zeit bewirtschaftete landwirtschaftliche, gärtnerische und häusliche Lebensräume;Ökosystem vertikales Profil
526ad6e7-6759-4805-ac49-be55987bcba0;Regelmäßig oder in jüngster Zeit bewirtschaftete landwirtschaftliche, gärtnerische und häusliche Lebensräume;Ökosystem-Vorkommen
526ad6e7-6759-4805-ac49-be55987bcba0;Regelmäßig oder in jüngster Zeit bewirtschaftete landwirtschaftliche, gärtnerische und häusliche Lebensräume;Ökosystem-Störungen
5467b5c3-bd86-4f3b-93cc-825d4710a6f4;Regelmäßig oder in jüngster Zeit bewirtschaftete landwirtschaftliche, gärtnerische und häusliche Lebensräume;Ökosystem-Vorkommen
54fee634-96f5-43b0-8732-551f0a74dc28;Wälder, Forste und andere bewaldete Flächen;Ökosystem-Vorkommen
56af0256-1848-45f0-a912-6a5dafd1d007;Marine habitate;Ökosystem-Vorkommen
56af0256-1848-45f0-a912-6a5dafd1d007;Marine habitate;Ökosystem-Störungen
574cf672-1dd4-4075-97d5-2c8023ce9916;Marine habitate;Ökosystem-Störungen
57953187-dc29-46f0-9ef7-2631a4b4b61c;Bebaute, industrielle und andere künstliche Lebensräume;Ökosystem-Vorkommen
57953187-dc29-46f0-9ef7-2631a4b4b61c;Bebaute, industrielle und andere künstliche Lebensräume;Ökosystem-Störungen
57953187-dc29-46f0-9ef7-2631a4b4b61c;Regelmäßig oder in jüngster Zeit bewirtschaftete landwirtschaftliche, gärtnerische und häusliche Lebensräume;Ökosystem-Vorkommen
57953187-dc29-46f0-9ef7-2631a4b4b61c;Regelmäßig oder in jüngster Zeit bewirtschaftete landwirtschaftliche, gärtnerische und häusliche Lebensräume;Ökosystem-Störungen
57953187-dc29-46f0-9ef7-2631a4b4b61c;Wälder, Forste und andere bewaldete Flächen;Ökosystem-Vorkommen
57953187-dc29-46f0-9ef7-2631a4b4b61c;Wälder, Forste und andere bewaldete Flächen;Ökosystem-Störungen
57953187-dc29-46f0-9ef7-2631a4b4b61c;Grasland und von Kräutern, Moosen oder Flechten dominierte Flächen;Ökosystem-Vorkommen
57953187-dc29-46f0-9ef7-2631a4b4b61c;Grasland und von Kräutern, Moosen oder Flechten dominierte Flächen;Ökosystem-Störungen
57953187-dc29-46f0-9ef7-2631a4b4b61c;Heideland, Gebüsch und Tundra;Ökosystem-Vorkommen
57953187-dc29-46f0-9ef7-2631a4b4b61c;Heideland, Gebüsch und Tundra;Ökosystem-Störungen
57953187-dc29-46f0-9ef7-2631a4b4b61c;Unbegrünte oder spärlich bewachsene Lebensräume im Binnenland;Ökosystem-Vorkommen
57953187-dc29-46f0-9ef7-2631a4b4b61c;Unbegrünte oder spärlich bewachsene Lebensräume im Binnenland;Ökosystem-Störungen
57953187-dc29-46f0-9ef7-2631a4b4b61c;Moore, Sümpfe und Flachmoore;Ökosystem-Vorkommen
57953187-dc29-46f0-9ef7-2631a4b4b61c;Moore, Sümpfe und Flachmoore;Ökosystem-Störungen
57953187-dc29-46f0-9ef7-2631a4b4b61c;Oberflächengewässer im Binnenland;Ökosystem-Vorkommen
57953187-dc29-46f0-9ef7-2631a4b4b61c;Oberflächengewässer im Binnenland;Ökosystem-Störungen
57968b60-457d-45b7-a053-fde119e8f2db;Oberflächengewässer im Binnenland;Ökosystem-Vorkommen
57968b60-457d-45b7-a053-fde119e8f2db;Oberflächengewässer im Binnenland;Ökosystem-Störungen
57968b60-457d-45b7-a053-fde119e8f2db;Oberflächengewässer im Binnenland;Ökosystem vertikales Profil
57968b60-457d-45b7-a053-fde119e8f2db;Oberflächengewässer im Binnenland;Anteil der lebenden Bedeckung
57968b60-457d-45b7-a053-fde119e8f2db;Marine habitate;Ökosystem-Vorkommen
57968b60-457d-45b7-a053-fde119e8f2db;Marine habitate;Ökosystem-Störungen
57968b60-457d-45b7-a053-fde119e8f2db;Marine habitate;Ökosystem vertikales Profil
57968b60-457d-45b7-a053-fde119e8f2db;Küstenhabitate;Ökosystem-Vorkommen
57968b60-457d-45b7-a053-fde119e8f2db;Küstenhabitate;Ökosystem-Störungen
57968b60-457d-45b7-a053-fde119e8f2db;Küstenhabitate;Ökosystem vertikales Profil
583972eb-725c-4805-a301-50dbffe2dacd;Oberflächengewässer im Binnenland;Ökosystem-Störungen
583972eb-725c-4805-a301-50dbffe2dacd;Oberflächengewässer im Binnenland;Ökosystem-Vorkommen
583972eb-725c-4805-a301-50dbffe2dacd;Oberflächengewässer im Binnenland;Primärproduktivität
583972eb-725c-4805-a301-50dbffe2dacd;Oberflächengewässer im Binnenland;Ökosystem-Phänologie
583972eb-725c-4805-a301-50dbffe2dacd;Oberflächengewässer im Binnenland;Anteil der lebenden Bedeckung
5870b3ba-3007-4a6f-961a-cd018fe16010;Oberflächengewässer im Binnenland;Ökosystem-Vorkommen
5870b3ba-3007-4a6f-961a-cd018fe16010;Oberflächengewässer im Binnenland;Ökosystem-Störungen
59e4bf5d-7d12-42de-9326-78d08c24ebc3;Marine habitate;Ökosystem-Vorkommen
59e4bf5d-7d12-42de-9326-78d08c24ebc3;Küstenhabitate;Ökosystem-Vorkommen
59e4bf5d-7d12-42de-9326-78d08c24ebc3;Oberflächengewässer im Binnenland;Ökosystem-Vorkommen
59e4bf5d-7d12-42de-9326-78d08c24ebc3;Moore, Sümpfe und Flachmoore;Ökosystem-Vorkommen
59e4bf5d-7d12-42de-9326-78d08c24ebc3;Regelmäßig oder in jüngster Zeit bewirtschaftete landwirtschaftliche, gärtnerische und häusliche Lebensräume;Ökosystem-Vorkommen
59e4bf5d-7d12-42de-9326-78d08c24ebc3;Bebaute, industrielle und andere künstliche Lebensräume;Ökosystem-Vorkommen
59e4bf5d-7d12-42de-9326-78d08c24ebc3;Grasland und von Kräutern, Moosen oder Flechten dominierte Flächen;Ökosystem-Vorkommen
59e4bf5d-7d12-42de-9326-78d08c24ebc3;Unbegrünte oder spärlich bewachsene Lebensräume im Binnenland;Ökosystem-Vorkommen
5b5938c5-2e24-4318-98f1-5708e8d99304;Wälder, Forste und andere bewaldete Flächen;Anteil der lebenden Bedeckung
5c0c6e8f-9aef-4f14-ad00-812de5fdf2de;Küstenhabitate;Ökosystem-Vorkommen
5c0c6e8f-9aef-4f14-ad00-812de5fdf2de;Marine habitate;Ökosystem-Vorkommen
5ca85905-6c23-4852-88e2-45e81a7306fb;Andere;Ökosystem-Vorkommen
5ca85905-6c23-4852-88e2-45e81a7306fb;Moore, Sümpfe und Flachmoore;Ökosystem-Störungen
5ca85905-6c23-4852-88e2-45e81a7306fb;Andere;Ökosystem-Störungen
5ca85905-6c23-4852-88e2-45e81a7306fb;Oberflächengewässer im Binnenland;Ökosystem-Vorkommen
5ca85905-6c23-4852-88e2-45e81a7306fb;Oberflächengewässer im Binnenland;Ökosystem-Störungen
5ca85905-6c23-4852-88e2-45e81a7306fb;Regelmäßig oder in jüngster Zeit bewirtschaftete landwirtschaftliche, gärtnerische und häusliche Lebensräume;Ökosystem-Vorkommen
5ca85905-6c23-4852-88e2-45e81a7306fb;Regelmäßig oder in jüngster Zeit bewirtschaftete landwirtschaftliche, gärtnerische und häusliche Lebensräume;Ökosystem-Störungen
5ca85905-6c23-4852-88e2-45e81a7306fb;Wälder, Forste und andere bewaldete Flächen;Ökosystem-Vorkommen
5ca85905-6c23-4852-88e2-45e81a7306fb;Wälder, Forste und andere bewaldete Flächen;Ökosystem-Störungen
5ca85905-6c23-4852-88e2-45e81a7306fb;Wälder, Forste und andere bewaldete Flächen;Anteil der lebenden Bedeckung
5ca85905-6c23-4852-88e2-45e81a7306fb;Wälder, Forste und andere bewaldete Flächen;Ökosystem-Phänologie
5ca85905-6c23-4852-88e2-45e81a7306fb;Bebaute, industrielle und andere künstliche Lebensräume;Ökosystem-Vorkommen
5ca85905-6c23-4852-88e2-45e81a7306fb;Bebaute, industrielle und andere künstliche Lebensräume;Ökosystem-Störungen
5ca85905-6c23-4852-88e2-45e81a7306fb;Unbegrünte oder spärlich bewachsene Lebensräume im Binnenland;Ökosystem-Vorkommen
5ca85905-6c23-4852-88e2-45e81a7306fb;Unbegrünte oder spärlich bewachsene Lebensräume im Binnenland;Ökosystem-Störungen
5ca85905-6c23-4852-88e2-45e81a7306fb;Grasland und von Kräutern, Moosen oder Flechten dominierte Flächen;Ökosystem-Vorkommen
5ca85905-6c23-4852-88e2-45e81a7306fb;Grasland und von Kräutern, Moosen oder Flechten dominierte Flächen;Ökosystem-Störungen
5ca85905-6c23-4852-88e2-45e81a7306fb;Heideland, Gebüsch und Tundra;Ökosystem-Vorkommen
5ca85905-6c23-4852-88e2-45e81a7306fb;Heideland, Gebüsch und Tundra;Ökosystem-Störungen
5ca85905-6c23-4852-88e2-45e81a7306fb;Moore, Sümpfe und Flachmoore;Ökosystem-Vorkommen
5d8da353-9653-4485-a977-d02a19e08f94;Wälder, Forste und andere bewaldete Flächen;Ökosystem-Vorkommen
5d8da353-9653-4485-a977-d02a19e08f94;Küstenhabitate;Ökosystem-Vorkommen
5d8da353-9653-4485-a977-d02a19e08f94;Oberflächengewässer im Binnenland;Ökosystem-Vorkommen
5d8da353-9653-4485-a977-d02a19e08f94;Grasland und von Kräutern, Moosen oder Flechten dominierte Flächen;Ökosystem-Vorkommen
5d8da353-9653-4485-a977-d02a19e08f94;Heideland, Gebüsch und Tundra;Ökosystem-Vorkommen
61b44d58-bdee-41a1-b9bd-88f5c78b2e7c;Küstenhabitate;Ökosystem-Störungen
61b44d58-bdee-41a1-b9bd-88f5c78b2e7c;Küstenhabitate;Ökosystem-Vorkommen
620b1688-fa7f-446e-97ed-8c41754d7514;Regelmäßig oder in jüngster Zeit bewirtschaftete landwirtschaftliche, gärtnerische und häusliche Lebensräume;Ökosystem-Vorkommen
620b1688-fa7f-446e-97ed-8c41754d7514;Regelmäßig oder in jüngster Zeit bewirtschaftete landwirtschaftliche, gärtnerische und häusliche Lebensräume;Ökosystem-Störungen
620b1688-fa7f-446e-97ed-8c41754d7514;Regelmäßig oder in jüngster Zeit bewirtschaftete landwirtschaftliche, gärtnerische und häusliche Lebensräume;Ökosystem-Phänologie
66b836fc-9d48-4975-9d04-cda25afeba7b;Moore, Sümpfe und Flachmoore;Ökosystem-Vorkommen
66b836fc-9d48-4975-9d04-cda25afeba7b;Moore, Sümpfe und Flachmoore;Ökosystem-Störungen
66b836fc-9d48-4975-9d04-cda25afeba7b;Moore, Sümpfe und Flachmoore;Anteil der lebenden Bedeckung
66b836fc-9d48-4975-9d04-cda25afeba7b;Moore, Sümpfe und Flachmoore;Ökosystem vertikales Profil
66b836fc-9d48-4975-9d04-cda25afeba7b;Wälder, Forste und andere bewaldete Flächen;Ökosystem-Vorkommen
66b836fc-9d48-4975-9d04-cda25afeba7b;Wälder, Forste und andere bewaldete Flächen;Ökosystem-Störungen
66b836fc-9d48-4975-9d04-cda25afeba7b;Wälder, Forste und andere bewaldete Flächen;Anteil der lebenden Bedeckung
66b836fc-9d48-4975-9d04-cda25afeba7b;Wälder, Forste und andere bewaldete Flächen;Ökosystem vertikales Profil
66b836fc-9d48-4975-9d04-cda25afeba7b;Wälder, Forste und andere bewaldete Flächen;Ökosystem-Phänologie
66b836fc-9d48-4975-9d04-cda25afeba7b;Oberflächengewässer im Binnenland;Ökosystem-Vorkommen
66b836fc-9d48-4975-9d04-cda25afeba7b;Oberflächengewässer im Binnenland;Ökosystem vertikales Profil
66b836fc-9d48-4975-9d04-cda25afeba7b;Oberflächengewässer im Binnenland;Anteil der lebenden Bedeckung
67bb320b-6467-45f3-b972-cf2ab18a3c51;Marine habitate;Ökosystem-Störungen
68fe9017-1736-4952-b9b0-e42aca057784;Küstenhabitate;Ökosystem-Störungen
68fe9017-1736-4952-b9b0-e42aca057784;Küstenhabitate;Ökosystem-Vorkommen
69a501a9-4382-47e0-bb0a-e7ad92c22ae7;Marine habitate;Ökosystem-Vorkommen
69a501a9-4382-47e0-bb0a-e7ad92c22ae7;Küstenhabitate;Ökosystem-Vorkommen
69a501a9-4382-47e0-bb0a-e7ad92c22ae7;Oberflächengewässer im Binnenland;Ökosystem-Vorkommen
69a501a9-4382-47e0-bb0a-e7ad92c22ae7;Moore, Sümpfe und Flachmoore;Ökosystem-Vorkommen
69a501a9-4382-47e0-bb0a-e7ad92c22ae7;Grasland und von Kräutern, Moosen oder Flechten dominierte Flächen;Ökosystem-Vorkommen
69a501a9-4382-47e0-bb0a-e7ad92c22ae7;Unbegrünte oder spärlich bewachsene Lebensräume im Binnenland;Ökosystem-Vorkommen
69a501a9-4382-47e0-bb0a-e7ad92c22ae7;Bebaute, industrielle und andere künstliche Lebensräume;Ökosystem-Vorkommen
69a501a9-4382-47e0-bb0a-e7ad92c22ae7;Regelmäßig oder in jüngster Zeit bewirtschaftete landwirtschaftliche, gärtnerische und häusliche Lebensräume;Ökosystem-Vorkommen
69a501a9-4382-47e0-bb0a-e7ad92c22ae7;Wälder, Forste und andere bewaldete Flächen;Ökosystem-Vorkommen
69f43db5-a3c2-4157-9ee7-6ba381dae91c;Marine habitate;Ökosystem-Vorkommen
69f43db5-a3c2-4157-9ee7-6ba381dae91c;Küstenhabitate;Ökosystem-Vorkommen
6abc4bc5-eaaf-40d3-ac69-0e5cf24fd57c;Küstenhabitate;Ökosystem-Vorkommen
6abc4bc5-eaaf-40d3-ac69-0e5cf24fd57c;Marine habitate;Ökosystem-Vorkommen
6abc4bc5-eaaf-40d3-ac69-0e5cf24fd57c;Oberflächengewässer im Binnenland;Ökosystem-Vorkommen
6abc4bc5-eaaf-40d3-ac69-0e5cf24fd57c;Moore, Sümpfe und Flachmoore;Ökosystem-Vorkommen
6abc4bc5-eaaf-40d3-ac69-0e5cf24fd57c;Wälder, Forste und andere bewaldete Flächen;Ökosystem-Vorkommen
6abc4bc5-eaaf-40d3-ac69-0e5cf24fd57c;Unbegrünte oder spärlich bewachsene Lebensräume im Binnenland;Ökosystem-Vorkommen
6abc4bc5-eaaf-40d3-ac69-0e5cf24fd57c;Regelmäßig oder in jüngster Zeit bewirtschaftete landwirtschaftliche, gärtnerische und häusliche Lebensräume;Ökosystem-Vorkommen
6abc4bc5-eaaf-40d3-ac69-0e5cf24fd57c;Bebaute, industrielle und andere künstliche Lebensräume;Ökosystem-Vorkommen
6b2a36ac-94ad-4e2d-a0b0-538b1ed5db7c;Marine habitate;Ökosystem-Phänologie
6b2a36ac-94ad-4e2d-a0b0-538b1ed5db7c;Marine habitate;Ökosystem-Störungen
6b2a36ac-94ad-4e2d-a0b0-538b1ed5db7c;Marine habitate;Ökosystem-Vorkommen
6b9a3dde-6085-4dd5-bcf4-37a13dba392a;Wälder, Forste und andere bewaldete Flächen;Ökosystem-Störungen
6b9a3dde-6085-4dd5-bcf4-37a13dba392a;Wälder, Forste und andere bewaldete Flächen;Andere
6b9a3dde-6085-4dd5-bcf4-37a13dba392a;Wälder, Forste und andere bewaldete Flächen;Ökosystem vertikales Profil
6b9a3dde-6085-4dd5-bcf4-37a13dba392a;Wälder, Forste und andere bewaldete Flächen;Anteil der lebenden Bedeckung
6bb2d678-85a4-4860-a4cc-7b0989e30d56;Marine habitate;Ökosystem-Störungen
6bb2d678-85a4-4860-a4cc-7b0989e30d56;Marine habitate;Ökosystem-Vorkommen
6ddb0809-9e9a-4613-85f6-3ef26da41128;Moore, Sümpfe und Flachmoore;Ökosystem-Vorkommen
6ddb0809-9e9a-4613-85f6-3ef26da41128;Grasland und von Kräutern, Moosen oder Flechten dominierte Flächen;Ökosystem-Vorkommen
6ddb0809-9e9a-4613-85f6-3ef26da41128;Heideland, Gebüsch und Tundra;Ökosystem-Vorkommen
6ddb0809-9e9a-4613-85f6-3ef26da41128;Wälder, Forste und andere bewaldete Flächen;Ökosystem-Vorkommen
6ddb0809-9e9a-4613-85f6-3ef26da41128;Unbegrünte oder spärlich bewachsene Lebensräume im Binnenland;Ökosystem-Vorkommen
6ddb0809-9e9a-4613-85f6-3ef26da41128;Regelmäßig oder in jüngster Zeit bewirtschaftete landwirtschaftliche, gärtnerische und häusliche Lebensräume;Ökosystem-Vorkommen
6ddb0809-9e9a-4613-85f6-3ef26da41128;Oberflächengewässer im Binnenland;Ökosystem-Vorkommen
6ddb0809-9e9a-4613-85f6-3ef26da41128;Bebaute, industrielle und andere künstliche Lebensräume;Ökosystem vertikales Profil
6ddb0809-9e9a-4613-85f6-3ef26da41128;Heideland, Gebüsch und Tundra;Anteil der lebenden Bedeckung
6ddb0809-9e9a-4613-85f6-3ef26da41128;Grasland und von Kräutern, Moosen oder Flechten dominierte Flächen;Anteil der lebenden Bedeckung
6ddb0809-9e9a-4613-85f6-3ef26da41128;Grasland und von Kräutern, Moosen oder Flechten dominierte Flächen;Ökosystem vertikales Profil
6ddb0809-9e9a-4613-85f6-3ef26da41128;Moore, Sümpfe und Flachmoore;Ökosystem-Störungen
6ddb0809-9e9a-4613-85f6-3ef26da41128;Grasland und von Kräutern, Moosen oder Flechten dominierte Flächen;Ökosystem-Störungen
6ddb0809-9e9a-4613-85f6-3ef26da41128;Heideland, Gebüsch und Tundra;Ökosystem-Störungen
6ddb0809-9e9a-4613-85f6-3ef26da41128;Wälder, Forste und andere bewaldete Flächen;Ökosystem-Störungen
6ddb0809-9e9a-4613-85f6-3ef26da41128;Unbegrünte oder spärlich bewachsene Lebensräume im Binnenland;Ökosystem-Störungen
6ddb0809-9e9a-4613-85f6-3ef26da41128;Regelmäßig oder in jüngster Zeit bewirtschaftete landwirtschaftliche, gärtnerische und häusliche Lebensräume;Ökosystem-Störungen
6ddb0809-9e9a-4613-85f6-3ef26da41128;Oberflächengewässer im Binnenland;Ökosystem-Störungen
6ddb0809-9e9a-4613-85f6-3ef26da41128;Bebaute, industrielle und andere künstliche Lebensräume;Ökosystem-Störungen
6ddb0809-9e9a-4613-85f6-3ef26da41128;Bebaute, industrielle und andere künstliche Lebensräume;Ökosystem-Vorkommen
6ddb0809-9e9a-4613-85f6-3ef26da41128;Regelmäßig oder in jüngster Zeit bewirtschaftete landwirtschaftliche, gärtnerische und häusliche Lebensräume;Ökosystem vertikales Profil
6ddb0809-9e9a-4613-85f6-3ef26da41128;Moore, Sümpfe und Flachmoore;Ökosystem vertikales Profil
6ddb0809-9e9a-4613-85f6-3ef26da41128;Wälder, Forste und andere bewaldete Flächen;Ökosystem vertikales Profil
6ddb0809-9e9a-4613-85f6-3ef26da41128;Wälder, Forste und andere bewaldete Flächen;Anteil der lebenden Bedeckung
6ddb0809-9e9a-4613-85f6-3ef26da41128;Marine habitate;Ökosystem-Störungen
6ddb0809-9e9a-4613-85f6-3ef26da41128;Marine habitate;Ökosystem-Vorkommen
6ddb0809-9e9a-4613-85f6-3ef26da41128;Marine habitate;Ökosystem vertikales Profil
6ddb0809-9e9a-4613-85f6-3ef26da41128;Marine habitate;Anteil der lebenden Bedeckung
6ddb0809-9e9a-4613-85f6-3ef26da41128;Küstenhabitate;Ökosystem-Störungen
6ddb0809-9e9a-4613-85f6-3ef26da41128;Küstenhabitate;Ökosystem-Vorkommen
6ddb0809-9e9a-4613-85f6-3ef26da41128;Küstenhabitate;Ökosystem vertikales Profil
6ddb0809-9e9a-4613-85f6-3ef26da41128;Küstenhabitate;Anteil der lebenden Bedeckung
6ddb0809-9e9a-4613-85f6-3ef26da41128;Unbegrünte oder spärlich bewachsene Lebensräume im Binnenland;Anteil der lebenden Bedeckung
70b34181-7572-4049-a9ad-16c2381850c0;Regelmäßig oder in jüngster Zeit bewirtschaftete landwirtschaftliche, gärtnerische und häusliche Lebensräume;Ökosystem-Vorkommen
70b34181-7572-4049-a9ad-16c2381850c0;Heideland, Gebüsch und Tundra;Ökosystem-Vorkommen
7134343f-00a7-4c8e-9847-69aed6754a37;Marine habitate;Ökosystem-Störungen
7134343f-00a7-4c8e-9847-69aed6754a37;Marine habitate;Ökosystem-Vorkommen
7134343f-00a7-4c8e-9847-69aed6754a37;Marine habitate;Primärproduktivität
7134343f-00a7-4c8e-9847-69aed6754a37;Marine habitate;Ökosystem-Phänologie
7134343f-00a7-4c8e-9847-69aed6754a37;Marine habitate;Anteil der lebenden Bedeckung
7134343f-00a7-4c8e-9847-69aed6754a37;Marine habitate;Ökosystem vertikales Profil
71b77839-e8b0-4f5b-a0fb-73a5d18fcc4b;Marine habitate;Ökosystem-Vorkommen
71b77839-e8b0-4f5b-a0fb-73a5d18fcc4b;Küstenhabitate;Ökosystem-Vorkommen
71b77839-e8b0-4f5b-a0fb-73a5d18fcc4b;Oberflächengewässer im Binnenland;Ökosystem-Vorkommen
71b77839-e8b0-4f5b-a0fb-73a5d18fcc4b;Moore, Sümpfe und Flachmoore;Ökosystem-Vorkommen
71b77839-e8b0-4f5b-a0fb-73a5d18fcc4b;Grasland und von Kräutern, Moosen oder Flechten dominierte Flächen;Ökosystem-Vorkommen
71b77839-e8b0-4f5b-a0fb-73a5d18fcc4b;Regelmäßig oder in jüngster Zeit bewirtschaftete landwirtschaftliche, gärtnerische und häusliche Lebensräume;Ökosystem-Vorkommen
71b77839-e8b0-4f5b-a0fb-73a5d18fcc4b;Unbegrünte oder spärlich bewachsene Lebensräume im Binnenland;Ökosystem-Vorkommen
71b77839-e8b0-4f5b-a0fb-73a5d18fcc4b;Bebaute, industrielle und andere künstliche Lebensräume;Ökosystem-Vorkommen
71c7d23d-495e-40c6-8e59-daede63f4476;Küstenhabitate;Ökosystem-Störungen
71c7d23d-495e-40c6-8e59-daede63f4476;Küstenhabitate;Ökosystem-Vorkommen
71d6622d-ca1a-4856-be02-71d8b9ee6168;Wälder, Forste und andere bewaldete Flächen;Ökosystem-Vorkommen
74175851-cff6-433d-ae3a-29193e853a4e;Wälder, Forste und andere bewaldete Flächen;Ökosystem-Vorkommen
74175851-cff6-433d-ae3a-29193e853a4e;Wälder, Forste und andere bewaldete Flächen;Ökosystem-Störungen
74175851-cff6-433d-ae3a-29193e853a4e;Wälder, Forste und andere bewaldete Flächen;Primärproduktivität
74d5ca9d-bc79-4c10-9788-dc7323999f41;Marine habitate;Ökosystem-Vorkommen
74d5ca9d-bc79-4c10-9788-dc7323999f41;Marine habitate;Ökosystem-Störungen
77c32581-cd66-40d1-9c53-e46db66441d4;Grasland und von Kräutern, Moosen oder Flechten dominierte Flächen;Ökosystem-Vorkommen
77c32581-cd66-40d1-9c53-e46db66441d4;Wälder, Forste und andere bewaldete Flächen;Ökosystem-Vorkommen
7852aeaf-3996-497b-a2db-ac185d941b44;Wälder, Forste und andere bewaldete Flächen;Anteil der lebenden Bedeckung
7852aeaf-3996-497b-a2db-ac185d941b44;Wälder, Forste und andere bewaldete Flächen;Ökosystem-Vorkommen
7852aeaf-3996-497b-a2db-ac185d941b44;Regelmäßig oder in jüngster Zeit bewirtschaftete landwirtschaftliche, gärtnerische und häusliche Lebensräume;Anteil der lebenden Bedeckung
79ec11c2-ee6e-4910-abb8-4d83c128381e;Regelmäßig oder in jüngster Zeit bewirtschaftete landwirtschaftliche, gärtnerische und häusliche Lebensräume;Ökosystem-Vorkommen
7b155d93-6522-43b3-93f3-2f6ec883155b;Marine habitate;Ökosystem-Störungen
7b155d93-6522-43b3-93f3-2f6ec883155b;Marine habitate;Ökosystem-Vorkommen
7b155d93-6522-43b3-93f3-2f6ec883155b;Marine habitate;Anteil der lebenden Bedeckung
7b7af96a-f65a-49b6-920b-815208d9b49e;Regelmäßig oder in jüngster Zeit bewirtschaftete landwirtschaftliche, gärtnerische und häusliche Lebensräume;Ökosystem-Vorkommen
7de11d6b-8b89-4647-a842-d567e0144336;Küstenhabitate;Ökosystem-Störungen
7de11d6b-8b89-4647-a842-d567e0144336;Küstenhabitate;Ökosystem-Vorkommen
81af308b-a8be-433d-83f5-a5663b6ac789;Wälder, Forste und andere bewaldete Flächen;Ökosystem-Störungen
81af308b-a8be-433d-83f5-a5663b6ac789;Wälder, Forste und andere bewaldete Flächen;Ökosystem-Vorkommen
81af308b-a8be-433d-83f5-a5663b6ac789;Wälder, Forste und andere bewaldete Flächen;Ökosystem vertikales Profil
81af308b-a8be-433d-83f5-a5663b6ac789;Wälder, Forste und andere bewaldete Flächen;Anteil der lebenden Bedeckung
81af308b-a8be-433d-83f5-a5663b6ac789;Bebaute, industrielle und andere künstliche Lebensräume;Ökosystem-Vorkommen
81af308b-a8be-433d-83f5-a5663b6ac789;Regelmäßig oder in jüngster Zeit bewirtschaftete landwirtschaftliche, gärtnerische und häusliche Lebensräume;Ökosystem-Vorkommen
81af308b-a8be-433d-83f5-a5663b6ac789;Grasland und von Kräutern, Moosen oder Flechten dominierte Flächen;Ökosystem-Vorkommen
81af308b-a8be-433d-83f5-a5663b6ac789;Heideland, Gebüsch und Tundra;Ökosystem-Vorkommen
850aa3ba-da7a-4a2d-860a-9d0dc183e906;Marine habitate;Ökosystem-Störungen
850aa3ba-da7a-4a2d-860a-9d0dc183e906;Küstenhabitate;Ökosystem-Störungen
850aa3ba-da7a-4a2d-860a-9d0dc183e906;Oberflächengewässer im Binnenland;Ökosystem-Störungen
850aa3ba-da7a-4a2d-860a-9d0dc183e906;Moore, Sümpfe und Flachmoore;Ökosystem-Störungen
850aa3ba-da7a-4a2d-860a-9d0dc183e906;Grasland und von Kräutern, Moosen oder Flechten dominierte Flächen;Ökosystem-Störungen
850aa3ba-da7a-4a2d-860a-9d0dc183e906;Wälder, Forste und andere bewaldete Flächen;Ökosystem-Störungen
850aa3ba-da7a-4a2d-860a-9d0dc183e906;Unbegrünte oder spärlich bewachsene Lebensräume im Binnenland;Ökosystem-Störungen
850aa3ba-da7a-4a2d-860a-9d0dc183e906;Regelmäßig oder in jüngster Zeit bewirtschaftete landwirtschaftliche, gärtnerische und häusliche Lebensräume;Ökosystem-Störungen
850aa3ba-da7a-4a2d-860a-9d0dc183e906;Bebaute, industrielle und andere künstliche Lebensräume;Ökosystem-Störungen
850aa3ba-da7a-4a2d-860a-9d0dc183e906;Marine habitate;Andere
850aa3ba-da7a-4a2d-860a-9d0dc183e906;Küstenhabitate;Andere
850aa3ba-da7a-4a2d-860a-9d0dc183e906;Oberflächengewässer im Binnenland;Andere
850aa3ba-da7a-4a2d-860a-9d0dc183e906;Moore, Sümpfe und Flachmoore;Andere
850aa3ba-da7a-4a2d-860a-9d0dc183e906;Grasland und von Kräutern, Moosen oder Flechten dominierte Flächen;Andere
850aa3ba-da7a-4a2d-860a-9d0dc183e906;Wälder, Forste und andere bewaldete Flächen;Andere
850aa3ba-da7a-4a2d-860a-9d0dc183e906;Unbegrünte oder spärlich bewachsene Lebensräume im Binnenland;Andere
850aa3ba-da7a-4a2d-860a-9d0dc183e906;Regelmäßig oder in jüngster Zeit bewirtschaftete landwirtschaftliche, gärtnerische und häusliche Lebensräume;Andere
850aa3ba-da7a-4a2d-860a-9d0dc183e906;Bebaute, industrielle und andere künstliche Lebensräume;Andere
865dd6f2-7664-4cc4-b239-d9fc97273848;Moore, Sümpfe und Flachmoore;Ökosystem-Vorkommen
865dd6f2-7664-4cc4-b239-d9fc97273848;Grasland und von Kräutern, Moosen oder Flechten dominierte Flächen;Ökosystem-Vorkommen
865dd6f2-7664-4cc4-b239-d9fc97273848;Heideland, Gebüsch und Tundra;Ökosystem-Vorkommen
865dd6f2-7664-4cc4-b239-d9fc97273848;Wälder, Forste und andere bewaldete Flächen;Ökosystem-Vorkommen
865dd6f2-7664-4cc4-b239-d9fc97273848;Regelmäßig oder in jüngster Zeit bewirtschaftete landwirtschaftliche, gärtnerische und häusliche Lebensräume;Ökosystem-Vorkommen
865dd6f2-7664-4cc4-b239-d9fc97273848;Bebaute, industrielle und andere künstliche Lebensräume;Ökosystem-Vorkommen
88d290a1-7466-4e93-84bb-8de057cde221;Regelmäßig oder in jüngster Zeit bewirtschaftete landwirtschaftliche, gärtnerische und häusliche Lebensräume;Anteil der lebenden Bedeckung
89493266-16b5-41b2-b2db-8a730e315c54;Marine habitate;Ökosystem-Vorkommen
899eaa3a-b8ba-47de-bbd4-0a154b53a88d;Marine habitate;Ökosystem-Vorkommen
899eaa3a-b8ba-47de-bbd4-0a154b53a88d;Marine habitate;Ökosystem-Störungen
8b0c08ef-c5a1-4e34-a04e-576942562a44;Wälder, Forste und andere bewaldete Flächen;Ökosystem-Vorkommen
8b0c08ef-c5a1-4e34-a04e-576942562a44;Regelmäßig oder in jüngster Zeit bewirtschaftete landwirtschaftliche, gärtnerische und häusliche Lebensräume;Ökosystem-Vorkommen
8e1cfb5a-06a8-453c-a839-e3b97fb6ddd6;Wälder, Forste und andere bewaldete Flächen;Ökosystem-Vorkommen
8e1cfb5a-06a8-453c-a839-e3b97fb6ddd6;Regelmäßig oder in jüngster Zeit bewirtschaftete landwirtschaftliche, gärtnerische und häusliche Lebensräume;Ökosystem-Vorkommen
8f6bf7e1-a0ec-4529-9432-65cb2128d6d1;Küstenhabitate;Ökosystem-Störungen
8f6bf7e1-a0ec-4529-9432-65cb2128d6d1;Küstenhabitate;Ökosystem-Vorkommen
90caef7e-320d-404f-82ff-2bd19ac830c6;Marine habitate;Ökosystem-Vorkommen
90caef7e-320d-404f-82ff-2bd19ac830c6;Küstenhabitate;Ökosystem-Vorkommen
90caef7e-320d-404f-82ff-2bd19ac830c6;Oberflächengewässer im Binnenland;Ökosystem-Vorkommen
90caef7e-320d-404f-82ff-2bd19ac830c6;Moore, Sümpfe und Flachmoore;Ökosystem-Vorkommen
90caef7e-320d-404f-82ff-2bd19ac830c6;Bebaute, industrielle und andere künstliche Lebensräume;Ökosystem-Vorkommen
90caef7e-320d-404f-82ff-2bd19ac830c6;Wälder, Forste und andere bewaldete Flächen;Ökosystem-Vorkommen
90caef7e-320d-404f-82ff-2bd19ac830c6;Grasland und von Kräutern, Moosen oder Flechten dominierte Flächen;Ökosystem-Vorkommen
90caef7e-320d-404f-82ff-2bd19ac830c6;Unbegrünte oder spärlich bewachsene Lebensräume im Binnenland;Ökosystem-Vorkommen
90caef7e-320d-404f-82ff-2bd19ac830c6;Regelmäßig oder in jüngster Zeit bewirtschaftete landwirtschaftliche, gärtnerische und häusliche Lebensräume;Ökosystem-Vorkommen
9129cc95-d4e8-4c59-80d3-8ae80b0d29f4;Wälder, Forste und andere bewaldete Flächen;Ökosystem-Vorkommen
9129cc95-d4e8-4c59-80d3-8ae80b0d29f4;Wälder, Forste und andere bewaldete Flächen;Ökosystem-Störungen
9129cc95-d4e8-4c59-80d3-8ae80b0d29f4;Wälder, Forste und andere bewaldete Flächen;Ökosystem vertikales Profil
9129cc95-d4e8-4c59-80d3-8ae80b0d29f4;Wälder, Forste und andere bewaldete Flächen;Anteil der lebenden Bedeckung
9129cc95-d4e8-4c59-80d3-8ae80b0d29f4;Moore, Sümpfe und Flachmoore;Ökosystem-Vorkommen
9129cc95-d4e8-4c59-80d3-8ae80b0d29f4;Moore, Sümpfe und Flachmoore;Ökosystem-Störungen
9129cc95-d4e8-4c59-80d3-8ae80b0d29f4;Moore, Sümpfe und Flachmoore;Ökosystem vertikales Profil
9129cc95-d4e8-4c59-80d3-8ae80b0d29f4;Heideland, Gebüsch und Tundra;Ökosystem-Vorkommen
9129cc95-d4e8-4c59-80d3-8ae80b0d29f4;Heideland, Gebüsch und Tundra;Ökosystem-Störungen
9129cc95-d4e8-4c59-80d3-8ae80b0d29f4;Heideland, Gebüsch und Tundra;Ökosystem vertikales Profil
9129cc95-d4e8-4c59-80d3-8ae80b0d29f4;Grasland und von Kräutern, Moosen oder Flechten dominierte Flächen;Ökosystem-Vorkommen
9129cc95-d4e8-4c59-80d3-8ae80b0d29f4;Grasland und von Kräutern, Moosen oder Flechten dominierte Flächen;Ökosystem-Störungen
9129cc95-d4e8-4c59-80d3-8ae80b0d29f4;Grasland und von Kräutern, Moosen oder Flechten dominierte Flächen;Ökosystem vertikales Profil
9129cc95-d4e8-4c59-80d3-8ae80b0d29f4;Grasland und von Kräutern, Moosen oder Flechten dominierte Flächen;Anteil der lebenden Bedeckung
9129cc95-d4e8-4c59-80d3-8ae80b0d29f4;Regelmäßig oder in jüngster Zeit bewirtschaftete landwirtschaftliche, gärtnerische und häusliche Lebensräume;Ökosystem-Vorkommen
9129cc95-d4e8-4c59-80d3-8ae80b0d29f4;Regelmäßig oder in jüngster Zeit bewirtschaftete landwirtschaftliche, gärtnerische und häusliche Lebensräume;Ökosystem-Störungen
9129cc95-d4e8-4c59-80d3-8ae80b0d29f4;Regelmäßig oder in jüngster Zeit bewirtschaftete landwirtschaftliche, gärtnerische und häusliche Lebensräume;Ökosystem vertikales Profil
9129cc95-d4e8-4c59-80d3-8ae80b0d29f4;Regelmäßig oder in jüngster Zeit bewirtschaftete landwirtschaftliche, gärtnerische und häusliche Lebensräume;Anteil der lebenden Bedeckung
9129cc95-d4e8-4c59-80d3-8ae80b0d29f4;Oberflächengewässer im Binnenland;Ökosystem-Vorkommen
9129cc95-d4e8-4c59-80d3-8ae80b0d29f4;Oberflächengewässer im Binnenland;Ökosystem-Störungen
9129cc95-d4e8-4c59-80d3-8ae80b0d29f4;Oberflächengewässer im Binnenland;Ökosystem vertikales Profil
9129cc95-d4e8-4c59-80d3-8ae80b0d29f4;Oberflächengewässer im Binnenland;Anteil der lebenden Bedeckung
91def742-703b-4964-80c7-6b029e386351;Andere;Ökosystem-Störungen
95f2087f-5e8b-4ae6-b8b0-063a7170ec41;Regelmäßig oder in jüngster Zeit bewirtschaftete landwirtschaftliche, gärtnerische und häusliche Lebensräume;Ökosystem-Vorkommen
963dd99b-ccaa-40e3-bd0b-e2f2ac9cb0c6;Wälder, Forste und andere bewaldete Flächen;Ökosystem-Vorkommen
963dd99b-ccaa-40e3-bd0b-e2f2ac9cb0c6;Wälder, Forste und andere bewaldete Flächen;Ökosystem vertikales Profil
963dd99b-ccaa-40e3-bd0b-e2f2ac9cb0c6;Wälder, Forste und andere bewaldete Flächen;Ökosystem-Störungen
9752b5ae-ad60-47d8-88ec-24abfea03436;Marine habitate;Ökosystem-Störungen
9752b5ae-ad60-47d8-88ec-24abfea03436;Marine habitate;Ökosystem-Vorkommen
9752b5ae-ad60-47d8-88ec-24abfea03436;Marine habitate;Anteil der lebenden Bedeckung
980c02df-52a6-470d-8c3d-3062fa536220;Oberflächengewässer im Binnenland;Andere
9892e92b-96d0-4593-b566-c8ca7b30f197;Oberflächengewässer im Binnenland;Ökosystem-Vorkommen
9892e92b-96d0-4593-b566-c8ca7b30f197;Oberflächengewässer im Binnenland;Ökosystem-Störungen
9892e92b-96d0-4593-b566-c8ca7b30f197;Oberflächengewässer im Binnenland;Anteil der lebenden Bedeckung
9892e92b-96d0-4593-b566-c8ca7b30f197;Oberflächengewässer im Binnenland;Ökosystem vertikales Profil
9892e92b-96d0-4593-b566-c8ca7b30f197;Moore, Sümpfe und Flachmoore;Ökosystem-Vorkommen
9892e92b-96d0-4593-b566-c8ca7b30f197;Moore, Sümpfe und Flachmoore;Ökosystem-Störungen
9892e92b-96d0-4593-b566-c8ca7b30f197;Wälder, Forste und andere bewaldete Flächen;Ökosystem-Vorkommen
9892e92b-96d0-4593-b566-c8ca7b30f197;Grasland und von Kräutern, Moosen oder Flechten dominierte Flächen;Ökosystem-Vorkommen
9892e92b-96d0-4593-b566-c8ca7b30f197;Unbegrünte oder spärlich bewachsene Lebensräume im Binnenland;Ökosystem-Vorkommen
9892e92b-96d0-4593-b566-c8ca7b30f197;Regelmäßig oder in jüngster Zeit bewirtschaftete landwirtschaftliche, gärtnerische und häusliche Lebensräume;Ökosystem-Vorkommen
9892e92b-96d0-4593-b566-c8ca7b30f197;Heideland, Gebüsch und Tundra;Ökosystem-Vorkommen
99d611ee-4ec1-46d4-bb4e-a840f861fbe8;Marine habitate;Ökosystem-Störungen
99d611ee-4ec1-46d4-bb4e-a840f861fbe8;Marine habitate;Ökosystem-Vorkommen
99d611ee-4ec1-46d4-bb4e-a840f861fbe8;Marine habitate;Primärproduktivität
99d611ee-4ec1-46d4-bb4e-a840f861fbe8;Marine habitate;Ökosystem-Phänologie
99d611ee-4ec1-46d4-bb4e-a840f861fbe8;Marine habitate;Anteil der lebenden Bedeckung
99d611ee-4ec1-46d4-bb4e-a840f861fbe8;Marine habitate;Ökosystem vertikales Profil
9a09b6d5-a408-44b1-872e-2430b3c70f2a;Grasland und von Kräutern, Moosen oder Flechten dominierte Flächen;Ökosystem-Vorkommen
9a09b6d5-a408-44b1-872e-2430b3c70f2a;Wälder, Forste und andere bewaldete Flächen;Ökosystem-Vorkommen
9a09b6d5-a408-44b1-872e-2430b3c70f2a;Unbegrünte oder spärlich bewachsene Lebensräume im Binnenland;Ökosystem-Vorkommen
9a09b6d5-a408-44b1-872e-2430b3c70f2a;Regelmäßig oder in jüngster Zeit bewirtschaftete landwirtschaftliche, gärtnerische und häusliche Lebensräume;Ökosystem-Vorkommen
9a09b6d5-a408-44b1-872e-2430b3c70f2a;Bebaute, industrielle und andere künstliche Lebensräume;Ökosystem-Vorkommen
9a09b6d5-a408-44b1-872e-2430b3c70f2a;Andere;Ökosystem-Vorkommen
9a1551d5-9b01-4466-8c9e-b3bb0155ece3;Moore, Sümpfe und Flachmoore;Ökosystem vertikales Profil
9a1551d5-9b01-4466-8c9e-b3bb0155ece3;Heideland, Gebüsch und Tundra;Ökosystem vertikales Profil
9a1551d5-9b01-4466-8c9e-b3bb0155ece3;Grasland und von Kräutern, Moosen oder Flechten dominierte Flächen;Ökosystem vertikales Profil
9a1551d5-9b01-4466-8c9e-b3bb0155ece3;Wälder, Forste und andere bewaldete Flächen;Ökosystem vertikales Profil
9a1551d5-9b01-4466-8c9e-b3bb0155ece3;Unbegrünte oder spärlich bewachsene Lebensräume im Binnenland;Ökosystem vertikales Profil
9a1551d5-9b01-4466-8c9e-b3bb0155ece3;Regelmäßig oder in jüngster Zeit bewirtschaftete landwirtschaftliche, gärtnerische und häusliche Lebensräume;Ökosystem vertikales Profil
9a1551d5-9b01-4466-8c9e-b3bb0155ece3;Andere;Ökosystem vertikales Profil
9a3362d3-115d-46d4-8489-a5874acdcd1e;Marine habitate;Ökosystem-Vorkommen
9a3362d3-115d-46d4-8489-a5874acdcd1e;Küstenhabitate;Ökosystem-Vorkommen
9c3f9cbe-4350-480b-95cd-e2eb16e0df7c;Regelmäßig oder in jüngster Zeit bewirtschaftete landwirtschaftliche, gärtnerische und häusliche Lebensräume;Ökosystem-Störungen
9c3f9cbe-4350-480b-95cd-e2eb16e0df7c;Regelmäßig oder in jüngster Zeit bewirtschaftete landwirtschaftliche, gärtnerische und häusliche Lebensräume;Ökosystem-Vorkommen
9c3f9cbe-4350-480b-95cd-e2eb16e0df7c;Unbegrünte oder spärlich bewachsene Lebensräume im Binnenland;Ökosystem-Störungen
9c3f9cbe-4350-480b-95cd-e2eb16e0df7c;Unbegrünte oder spärlich bewachsene Lebensräume im Binnenland;Ökosystem-Vorkommen
9c3f9cbe-4350-480b-95cd-e2eb16e0df7c;Küstenhabitate;Ökosystem-Störungen
9c3f9cbe-4350-480b-95cd-e2eb16e0df7c;Küstenhabitate;Ökosystem-Vorkommen
9c3f9cbe-4350-480b-95cd-e2eb16e0df7c;Moore, Sümpfe und Flachmoore;Ökosystem-Vorkommen
9c3f9cbe-4350-480b-95cd-e2eb16e0df7c;Moore, Sümpfe und Flachmoore;Ökosystem-Störungen
9c3f9cbe-4350-480b-95cd-e2eb16e0df7c;Grasland und von Kräutern, Moosen oder Flechten dominierte Flächen;Ökosystem-Störungen
9c3f9cbe-4350-480b-95cd-e2eb16e0df7c;Grasland und von Kräutern, Moosen oder Flechten dominierte Flächen;Ökosystem-Vorkommen
9c3f9cbe-4350-480b-95cd-e2eb16e0df7c;Heideland, Gebüsch und Tundra;Ökosystem-Störungen
9c3f9cbe-4350-480b-95cd-e2eb16e0df7c;Heideland, Gebüsch und Tundra;Ökosystem-Vorkommen
9c3f9cbe-4350-480b-95cd-e2eb16e0df7c;Wälder, Forste und andere bewaldete Flächen;Ökosystem-Störungen
9c3f9cbe-4350-480b-95cd-e2eb16e0df7c;Wälder, Forste und andere bewaldete Flächen;Ökosystem-Vorkommen
9c846459-b069-44b7-b719-359770f26590;Marine habitate;Anteil der lebenden Bedeckung
9c846459-b069-44b7-b719-359770f26590;Marine habitate;Ökosystem-Vorkommen
9c846459-b069-44b7-b719-359770f26590;Marine habitate;Ökosystem-Störungen
9d208923-1ab9-4f61-a857-4624e7ed9eab;Wälder, Forste und andere bewaldete Flächen;Ökosystem-Vorkommen
9d208923-1ab9-4f61-a857-4624e7ed9eab;Andere;Ökosystem-Vorkommen
9d920114-a2aa-4088-ac32-2cd005aaab58;Grasland und von Kräutern, Moosen oder Flechten dominierte Flächen;Ökosystem-Vorkommen
9d920114-a2aa-4088-ac32-2cd005aaab58;Heideland, Gebüsch und Tundra;Ökosystem-Vorkommen
9d920114-a2aa-4088-ac32-2cd005aaab58;Wälder, Forste und andere bewaldete Flächen;Ökosystem-Vorkommen
9d920114-a2aa-4088-ac32-2cd005aaab58;Regelmäßig oder in jüngster Zeit bewirtschaftete landwirtschaftliche, gärtnerische und häusliche Lebensräume;Ökosystem-Vorkommen
9d920114-a2aa-4088-ac32-2cd005aaab58;Unbegrünte oder spärlich bewachsene Lebensräume im Binnenland;Ökosystem-Vorkommen
9d920114-a2aa-4088-ac32-2cd005aaab58;Bebaute, industrielle und andere künstliche Lebensräume;Ökosystem-Vorkommen
9f7d5766-1db1-46ab-be0d-074919e71f71;Marine habitate;Ökosystem-Vorkommen
9f7d5766-1db1-46ab-be0d-074919e71f71;Marine habitate;Ökosystem vertikales Profil
9f7d5766-1db1-46ab-be0d-074919e71f71;Marine habitate;Anteil der lebenden Bedeckung
a0353c62-874d-4479-a0f6-4b9f28ba9197;Marine habitate;Ökosystem-Vorkommen
a0353c62-874d-4479-a0f6-4b9f28ba9197;Küstenhabitate;Ökosystem-Vorkommen
a0353c62-874d-4479-a0f6-4b9f28ba9197;Oberflächengewässer im Binnenland;Ökosystem-Vorkommen
a0353c62-874d-4479-a0f6-4b9f28ba9197;Moore, Sümpfe und Flachmoore;Ökosystem-Vorkommen
a0353c62-874d-4479-a0f6-4b9f28ba9197;Grasland und von Kräutern, Moosen oder Flechten dominierte Flächen;Ökosystem-Vorkommen
a0353c62-874d-4479-a0f6-4b9f28ba9197;Unbegrünte oder spärlich bewachsene Lebensräume im Binnenland;Ökosystem-Vorkommen
a0353c62-874d-4479-a0f6-4b9f28ba9197;Regelmäßig oder in jüngster Zeit bewirtschaftete landwirtschaftliche, gärtnerische und häusliche Lebensräume;Ökosystem-Vorkommen
a0353c62-874d-4479-a0f6-4b9f28ba9197;Bebaute, industrielle und andere künstliche Lebensräume;Ökosystem-Vorkommen
a1da458d-ea7d-415d-bc90-6976c72c6252;Regelmäßig oder in jüngster Zeit bewirtschaftete landwirtschaftliche, gärtnerische und häusliche Lebensräume;Ökosystem-Störungen
a1da458d-ea7d-415d-bc90-6976c72c6252;Bebaute, industrielle und andere künstliche Lebensräume;Ökosystem-Störungen
a1da458d-ea7d-415d-bc90-6976c72c6252;Oberflächengewässer im Binnenland;Ökosystem-Störungen
a1da458d-ea7d-415d-bc90-6976c72c6252;Unbegrünte oder spärlich bewachsene Lebensräume im Binnenland;Ökosystem-Störungen
a1da458d-ea7d-415d-bc90-6976c72c6252;Regelmäßig oder in jüngster Zeit bewirtschaftete landwirtschaftliche, gärtnerische und häusliche Lebensräume;Ökosystem-Vorkommen
a1da458d-ea7d-415d-bc90-6976c72c6252;Bebaute, industrielle und andere künstliche Lebensräume;Ökosystem-Vorkommen
a1da458d-ea7d-415d-bc90-6976c72c6252;Oberflächengewässer im Binnenland;Ökosystem-Vorkommen
a1da458d-ea7d-415d-bc90-6976c72c6252;Unbegrünte oder spärlich bewachsene Lebensräume im Binnenland;Ökosystem-Vorkommen
a1da458d-ea7d-415d-bc90-6976c72c6252;Grasland und von Kräutern, Moosen oder Flechten dominierte Flächen;Ökosystem-Vorkommen
a1da458d-ea7d-415d-bc90-6976c72c6252;Regelmäßig oder in jüngster Zeit bewirtschaftete landwirtschaftliche, gärtnerische und häusliche Lebensräume;Anteil der lebenden Bedeckung
a1da458d-ea7d-415d-bc90-6976c72c6252;Bebaute, industrielle und andere künstliche Lebensräume;Anteil der lebenden Bedeckung
a1da458d-ea7d-415d-bc90-6976c72c6252;Oberflächengewässer im Binnenland;Anteil der lebenden Bedeckung
a1da458d-ea7d-415d-bc90-6976c72c6252;Unbegrünte oder spärlich bewachsene Lebensräume im Binnenland;Anteil der lebenden Bedeckung
a1da458d-ea7d-415d-bc90-6976c72c6252;Regelmäßig oder in jüngster Zeit bewirtschaftete landwirtschaftliche, gärtnerische und häusliche Lebensräume;Andere
a1da458d-ea7d-415d-bc90-6976c72c6252;Grasland und von Kräutern, Moosen oder Flechten dominierte Flächen;Anteil der lebenden Bedeckung
a4ee685f-b75d-47c7-a087-4ca6e603a8fd;Wälder, Forste und andere bewaldete Flächen;Anteil der lebenden Bedeckung
a4ee685f-b75d-47c7-a087-4ca6e603a8fd;Bebaute, industrielle und andere künstliche Lebensräume;Anteil der lebenden Bedeckung
a4ee685f-b75d-47c7-a087-4ca6e603a8fd;Regelmäßig oder in jüngster Zeit bewirtschaftete landwirtschaftliche, gärtnerische und häusliche Lebensräume;Anteil der lebenden Bedeckung
a4ee685f-b75d-47c7-a087-4ca6e603a8fd;Wälder, Forste und andere bewaldete Flächen;Ökosystem-Störungen
a4ee685f-b75d-47c7-a087-4ca6e603a8fd;Bebaute, industrielle und andere künstliche Lebensräume;Ökosystem-Störungen
a4ee685f-b75d-47c7-a087-4ca6e603a8fd;Regelmäßig oder in jüngster Zeit bewirtschaftete landwirtschaftliche, gärtnerische und häusliche Lebensräume;Ökosystem-Störungen
a7986c63-7312-400c-b53e-4853bb0aae03;Wälder, Forste und andere bewaldete Flächen;Ökosystem vertikales Profil
a7986c63-7312-400c-b53e-4853bb0aae03;Wälder, Forste und andere bewaldete Flächen;Ökosystem-Störungen
a7986c63-7312-400c-b53e-4853bb0aae03;Wälder, Forste und andere bewaldete Flächen;Ökosystem-Vorkommen
a7986c63-7312-400c-b53e-4853bb0aae03;Wälder, Forste und andere bewaldete Flächen;Primärproduktivität
a7986c63-7312-400c-b53e-4853bb0aae03;Wälder, Forste und andere bewaldete Flächen;Anteil der lebenden Bedeckung
a7ba2e3c-ca2f-4bf0-9132-9df0b723b83b;Andere;Ökosystem-Störungen
a864b182-4295-4c1b-9fb8-afd0ededd8d9;Moore, Sümpfe und Flachmoore;Ökosystem-Vorkommen
a864b182-4295-4c1b-9fb8-afd0ededd8d9;Heideland, Gebüsch und Tundra;Ökosystem-Vorkommen
a864b182-4295-4c1b-9fb8-afd0ededd8d9;Grasland und von Kräutern, Moosen oder Flechten dominierte Flächen;Ökosystem-Vorkommen
a864b182-4295-4c1b-9fb8-afd0ededd8d9;Wälder, Forste und andere bewaldete Flächen;Ökosystem-Vorkommen
a864b182-4295-4c1b-9fb8-afd0ededd8d9;Unbegrünte oder spärlich bewachsene Lebensräume im Binnenland;Ökosystem-Vorkommen
a864b182-4295-4c1b-9fb8-afd0ededd8d9;Regelmäßig oder in jüngster Zeit bewirtschaftete landwirtschaftliche, gärtnerische und häusliche Lebensräume;Ökosystem-Vorkommen
a864b182-4295-4c1b-9fb8-afd0ededd8d9;Andere;Ökosystem-Vorkommen
a893e564-0b5f-429c-a112-d0fbae26f292;Küstenhabitate;Ökosystem-Vorkommen
a893e564-0b5f-429c-a112-d0fbae26f292;Marine habitate;Ökosystem-Vorkommen
a893e564-0b5f-429c-a112-d0fbae26f292;Unbegrünte oder spärlich bewachsene Lebensräume im Binnenland;Ökosystem-Vorkommen
a91adacf-d8b0-4370-be89-f86047be31cb;Moore, Sümpfe und Flachmoore;Ökosystem-Vorkommen
a91adacf-d8b0-4370-be89-f86047be31cb;Grasland und von Kräutern, Moosen oder Flechten dominierte Flächen;Ökosystem-Vorkommen
a91adacf-d8b0-4370-be89-f86047be31cb;Heideland, Gebüsch und Tundra;Ökosystem-Vorkommen
a91adacf-d8b0-4370-be89-f86047be31cb;Wälder, Forste und andere bewaldete Flächen;Ökosystem-Vorkommen
a91adacf-d8b0-4370-be89-f86047be31cb;Regelmäßig oder in jüngster Zeit bewirtschaftete landwirtschaftliche, gärtnerische und häusliche Lebensräume;Ökosystem-Vorkommen
a91adacf-d8b0-4370-be89-f86047be31cb;Bebaute, industrielle und andere künstliche Lebensräume;Ökosystem-Vorkommen
a95adc45-9209-46b6-ac2a-e3c0d21bbb55;Wälder, Forste und andere bewaldete Flächen;Ökosystem-Vorkommen
a95adc45-9209-46b6-ac2a-e3c0d21bbb55;Wälder, Forste und andere bewaldete Flächen;Ökosystem-Störungen
a95adc45-9209-46b6-ac2a-e3c0d21bbb55;Wälder, Forste und andere bewaldete Flächen;Ökosystem vertikales Profil
a9bd5fa7-ca71-43f1-83fb-ed6e9545f35a;Regelmäßig oder in jüngster Zeit bewirtschaftete landwirtschaftliche, gärtnerische und häusliche Lebensräume;Ökosystem-Vorkommen
a9bd5fa7-ca71-43f1-83fb-ed6e9545f35a;Wälder, Forste und andere bewaldete Flächen;Ökosystem-Vorkommen
a9bd5fa7-ca71-43f1-83fb-ed6e9545f35a;Bebaute, industrielle und andere künstliche Lebensräume;Ökosystem-Vorkommen
a9c9352c-2958-482f-801e-1f985d127691;Regelmäßig oder in jüngster Zeit bewirtschaftete landwirtschaftliche, gärtnerische und häusliche Lebensräume;Ökosystem-Vorkommen
a9c9352c-2958-482f-801e-1f985d127691;Wälder, Forste und andere bewaldete Flächen;Ökosystem-Vorkommen
a9c9352c-2958-482f-801e-1f985d127691;Bebaute, industrielle und andere künstliche Lebensräume;Ökosystem-Vorkommen
a9d17447-8f28-4f60-93aa-38bb2206a286;Grasland und von Kräutern, Moosen oder Flechten dominierte Flächen;Ökosystem-Vorkommen
a9d17447-8f28-4f60-93aa-38bb2206a286;Oberflächengewässer im Binnenland;Ökosystem-Vorkommen
a9d17447-8f28-4f60-93aa-38bb2206a286;Bebaute, industrielle und andere künstliche Lebensräume;Ökosystem-Vorkommen
a9d17447-8f28-4f60-93aa-38bb2206a286;Regelmäßig oder in jüngster Zeit bewirtschaftete landwirtschaftliche, gärtnerische und häusliche Lebensräume;Ökosystem-Vorkommen
a9d17447-8f28-4f60-93aa-38bb2206a286;Küstenhabitate;Ökosystem-Vorkommen
aa24a453-eab6-4e0d-9ef9-6bb78caa09c0;Marine habitate;Ökosystem-Störungen
aa24a453-eab6-4e0d-9ef9-6bb78caa09c0;Marine habitate;Ökosystem-Vorkommen
aa699033-8e24-4f74-82a1-472870fbaa3c;Regelmäßig oder in jüngster Zeit bewirtschaftete landwirtschaftliche, gärtnerische und häusliche Lebensräume;Ökosystem-Vorkommen
aa82115d-1b23-4882-9bfc-e2dca9b12d93;Marine habitate;Ökosystem-Vorkommen
aa82115d-1b23-4882-9bfc-e2dca9b12d93;Küstenhabitate;Ökosystem-Vorkommen
aa82115d-1b23-4882-9bfc-e2dca9b12d93;Oberflächengewässer im Binnenland;Ökosystem-Vorkommen
aa82115d-1b23-4882-9bfc-e2dca9b12d93;Moore, Sümpfe und Flachmoore;Ökosystem-Vorkommen
aa82115d-1b23-4882-9bfc-e2dca9b12d93;Regelmäßig oder in jüngster Zeit bewirtschaftete landwirtschaftliche, gärtnerische und häusliche Lebensräume;Ökosystem-Vorkommen
aa82115d-1b23-4882-9bfc-e2dca9b12d93;Bebaute, industrielle und andere künstliche Lebensräume;Ökosystem-Vorkommen
aa82115d-1b23-4882-9bfc-e2dca9b12d93;Grasland und von Kräutern, Moosen oder Flechten dominierte Flächen;Ökosystem-Vorkommen
aa82115d-1b23-4882-9bfc-e2dca9b12d93;Unbegrünte oder spärlich bewachsene Lebensräume im Binnenland;Ökosystem-Vorkommen
acae6f73-149f-4e13-83fc-8888ffb4eebd;Grasland und von Kräutern, Moosen oder Flechten dominierte Flächen;Ökosystem-Vorkommen
acae6f73-149f-4e13-83fc-8888ffb4eebd;Unbegrünte oder spärlich bewachsene Lebensräume im Binnenland;Ökosystem-Vorkommen
acae6f73-149f-4e13-83fc-8888ffb4eebd;Regelmäßig oder in jüngster Zeit bewirtschaftete landwirtschaftliche, gärtnerische und häusliche Lebensräume;Ökosystem-Vorkommen
acae6f73-149f-4e13-83fc-8888ffb4eebd;Bebaute, industrielle und andere künstliche Lebensräume;Ökosystem-Vorkommen
ad7f7043-7d12-4fd9-b314-65306c86accf;Küstenhabitate;Ökosystem-Vorkommen
ad9b905e-4f96-4991-a878-65b0150effc2;Regelmäßig oder in jüngster Zeit bewirtschaftete landwirtschaftliche, gärtnerische und häusliche Lebensräume;Primärproduktivität
b070fed8-9742-4eb9-85fc-31dd1927229a;Wälder, Forste und andere bewaldete Flächen;Ökosystem vertikales Profil
b070fed8-9742-4eb9-85fc-31dd1927229a;Regelmäßig oder in jüngster Zeit bewirtschaftete landwirtschaftliche, gärtnerische und häusliche Lebensräume;Ökosystem vertikales Profil
b21651cf-e205-4936-8e17-a8ee6ca0745b;Marine habitate;Ökosystem-Vorkommen
b25831f3-286f-4276-9c4e-54cc00a1e30d;Küstenhabitate;Ökosystem-Vorkommen
b25831f3-286f-4276-9c4e-54cc00a1e30d;Küstenhabitate;Ökosystem-Störungen
b3614210-69ff-4d85-b3eb-3283e42a345a;Wälder, Forste und andere bewaldete Flächen;Ökosystem-Vorkommen
b38614d4-bfcf-4c06-9cd8-bcf928ac7c27;Oberflächengewässer im Binnenland;Ökosystem-Störungen
b38614d4-bfcf-4c06-9cd8-bcf928ac7c27;Oberflächengewässer im Binnenland;Ökosystem-Vorkommen
b38614d4-bfcf-4c06-9cd8-bcf928ac7c27;Oberflächengewässer im Binnenland;Primärproduktivität
b38614d4-bfcf-4c06-9cd8-bcf928ac7c27;Oberflächengewässer im Binnenland;Ökosystem-Phänologie
b38614d4-bfcf-4c06-9cd8-bcf928ac7c27;Oberflächengewässer im Binnenland;Anteil der lebenden Bedeckung
b4f4fb0f-bd37-4b71-b6b1-754cc3bafb27;Küstenhabitate;Ökosystem-Störungen
b4f4fb0f-bd37-4b71-b6b1-754cc3bafb27;Küstenhabitate;Ökosystem-Vorkommen
b4f4fb0f-bd37-4b71-b6b1-754cc3bafb27;Moore, Sümpfe und Flachmoore;Ökosystem-Vorkommen
b4f4fb0f-bd37-4b71-b6b1-754cc3bafb27;Moore, Sümpfe und Flachmoore;Ökosystem-Störungen
b4f4fb0f-bd37-4b71-b6b1-754cc3bafb27;Grasland und von Kräutern, Moosen oder Flechten dominierte Flächen;Ökosystem-Störungen
b4f4fb0f-bd37-4b71-b6b1-754cc3bafb27;Grasland und von Kräutern, Moosen oder Flechten dominierte Flächen;Ökosystem-Vorkommen
b4f4fb0f-bd37-4b71-b6b1-754cc3bafb27;Heideland, Gebüsch und Tundra;Ökosystem-Störungen
b4f4fb0f-bd37-4b71-b6b1-754cc3bafb27;Heideland, Gebüsch und Tundra;Ökosystem-Vorkommen
b4f4fb0f-bd37-4b71-b6b1-754cc3bafb27;Wälder, Forste und andere bewaldete Flächen;Ökosystem-Störungen
b4f4fb0f-bd37-4b71-b6b1-754cc3bafb27;Wälder, Forste und andere bewaldete Flächen;Ökosystem-Vorkommen
b4f4fb0f-bd37-4b71-b6b1-754cc3bafb27;Regelmäßig oder in jüngster Zeit bewirtschaftete landwirtschaftliche, gärtnerische und häusliche Lebensräume;Ökosystem-Störungen
b4f4fb0f-bd37-4b71-b6b1-754cc3bafb27;Regelmäßig oder in jüngster Zeit bewirtschaftete landwirtschaftliche, gärtnerische und häusliche Lebensräume;Ökosystem-Vorkommen
b4f4fb0f-bd37-4b71-b6b1-754cc3bafb27;Unbegrünte oder spärlich bewachsene Lebensräume im Binnenland;Ökosystem-Störungen
b4f4fb0f-bd37-4b71-b6b1-754cc3bafb27;Unbegrünte oder spärlich bewachsene Lebensräume im Binnenland;Ökosystem-Vorkommen
b5a52e57-9ee6-4865-ab6a-df2168ccde20;Marine habitate;Ökosystem-Vorkommen
b5a52e57-9ee6-4865-ab6a-df2168ccde20;Küstenhabitate;Ökosystem-Vorkommen
b5a52e57-9ee6-4865-ab6a-df2168ccde20;Oberflächengewässer im Binnenland;Ökosystem-Vorkommen
b5a52e57-9ee6-4865-ab6a-df2168ccde20;Moore, Sümpfe und Flachmoore;Ökosystem-Vorkommen
b5a52e57-9ee6-4865-ab6a-df2168ccde20;Grasland und von Kräutern, Moosen oder Flechten dominierte Flächen;Ökosystem-Vorkommen
b5a52e57-9ee6-4865-ab6a-df2168ccde20;Unbegrünte oder spärlich bewachsene Lebensräume im Binnenland;Ökosystem-Vorkommen
b5a52e57-9ee6-4865-ab6a-df2168ccde20;Regelmäßig oder in jüngster Zeit bewirtschaftete landwirtschaftliche, gärtnerische und häusliche Lebensräume;Ökosystem-Vorkommen
b5a52e57-9ee6-4865-ab6a-df2168ccde20;Bebaute, industrielle und andere künstliche Lebensräume;Ökosystem-Vorkommen
b6859ef7-5053-41fd-8dae-0405ab2b133f;Moore, Sümpfe und Flachmoore;Ökosystem-Vorkommen
b6859ef7-5053-41fd-8dae-0405ab2b133f;Grasland und von Kräutern, Moosen oder Flechten dominierte Flächen;Ökosystem-Vorkommen
b6859ef7-5053-41fd-8dae-0405ab2b133f;Heideland, Gebüsch und Tundra;Ökosystem-Vorkommen
b6859ef7-5053-41fd-8dae-0405ab2b133f;Wälder, Forste und andere bewaldete Flächen;Ökosystem-Vorkommen
b6859ef7-5053-41fd-8dae-0405ab2b133f;Regelmäßig oder in jüngster Zeit bewirtschaftete landwirtschaftliche, gärtnerische und häusliche Lebensräume;Ökosystem-Vorkommen
b6859ef7-5053-41fd-8dae-0405ab2b133f;Bebaute, industrielle und andere künstliche Lebensräume;Ökosystem-Vorkommen
b73ccade-ce2f-4f32-b15c-baf1ec9d5e3a;Wälder, Forste und andere bewaldete Flächen;Ökosystem-Vorkommen
b8a4aa0d-4d7c-4054-b8dd-a43ee23589e4;Oberflächengewässer im Binnenland;Ökosystem-Vorkommen
b8a4aa0d-4d7c-4054-b8dd-a43ee23589e4;Moore, Sümpfe und Flachmoore;Ökosystem-Vorkommen
b8a4aa0d-4d7c-4054-b8dd-a43ee23589e4;Grasland und von Kräutern, Moosen oder Flechten dominierte Flächen;Ökosystem-Vorkommen
b8a4aa0d-4d7c-4054-b8dd-a43ee23589e4;Unbegrünte oder spärlich bewachsene Lebensräume im Binnenland;Ökosystem-Vorkommen
b8a4aa0d-4d7c-4054-b8dd-a43ee23589e4;Regelmäßig oder in jüngster Zeit bewirtschaftete landwirtschaftliche, gärtnerische und häusliche Lebensräume;Ökosystem-Vorkommen
b8a4aa0d-4d7c-4054-b8dd-a43ee23589e4;Bebaute, industrielle und andere künstliche Lebensräume;Ökosystem-Vorkommen
b8a4aa0d-4d7c-4054-b8dd-a43ee23589e4;Heideland, Gebüsch und Tundra;Ökosystem-Vorkommen
b8a4aa0d-4d7c-4054-b8dd-a43ee23589e4;Küstenhabitate;Ökosystem-Vorkommen
bb97d5f9-aec8-44fd-a298-86dcfc544fb0;Regelmäßig oder in jüngster Zeit bewirtschaftete landwirtschaftliche, gärtnerische und häusliche Lebensräume;Ökosystem-Vorkommen
bb97d5f9-aec8-44fd-a298-86dcfc544fb0;Regelmäßig oder in jüngster Zeit bewirtschaftete landwirtschaftliche, gärtnerische und häusliche Lebensräume;Ökosystem-Störungen
bbd20242-a595-403b-8e71-f93eaea81ffe;Oberflächengewässer im Binnenland;Ökosystem-Vorkommen
bbd20242-a595-403b-8e71-f93eaea81ffe;Oberflächengewässer im Binnenland;Ökosystem-Störungen
bbd20242-a595-403b-8e71-f93eaea81ffe;Oberflächengewässer im Binnenland;Anteil der lebenden Bedeckung
bbd20242-a595-403b-8e71-f93eaea81ffe;Regelmäßig oder in jüngster Zeit bewirtschaftete landwirtschaftliche, gärtnerische und häusliche Lebensräume;Ökosystem-Vorkommen
bbd20242-a595-403b-8e71-f93eaea81ffe;Regelmäßig oder in jüngster Zeit bewirtschaftete landwirtschaftliche, gärtnerische und häusliche Lebensräume;Ökosystem-Störungen
bbd20242-a595-403b-8e71-f93eaea81ffe;Regelmäßig oder in jüngster Zeit bewirtschaftete landwirtschaftliche, gärtnerische und häusliche Lebensräume;Anteil der lebenden Bedeckung
bc4c5535-b6dd-4cff-a0c1-d72263cebdbb;Küstenhabitate;Ökosystem-Vorkommen
bc4c5535-b6dd-4cff-a0c1-d72263cebdbb;Marine habitate;Ökosystem-Vorkommen
be2ff42f-2592-4496-9de7-3d9be6ebcc05;Grasland und von Kräutern, Moosen oder Flechten dominierte Flächen;Andere
be2ff42f-2592-4496-9de7-3d9be6ebcc05;Unbegrünte oder spärlich bewachsene Lebensräume im Binnenland;Andere
be2ff42f-2592-4496-9de7-3d9be6ebcc05;Regelmäßig oder in jüngster Zeit bewirtschaftete landwirtschaftliche, gärtnerische und häusliche Lebensräume;Andere
be2ff42f-2592-4496-9de7-3d9be6ebcc05;Moore, Sümpfe und Flachmoore;Ökosystem vertikales Profil
be2ff42f-2592-4496-9de7-3d9be6ebcc05;Oberflächengewässer im Binnenland;Andere
be303895-3ad0-45f1-8fc3-ea660c95e4ee;Wälder, Forste und andere bewaldete Flächen;Ökosystem-Vorkommen
be303895-3ad0-45f1-8fc3-ea660c95e4ee;Wälder, Forste und andere bewaldete Flächen;Ökosystem-Störungen
be303895-3ad0-45f1-8fc3-ea660c95e4ee;Wälder, Forste und andere bewaldete Flächen;Anteil der lebenden Bedeckung
be303895-3ad0-45f1-8fc3-ea660c95e4ee;Wälder, Forste und andere bewaldete Flächen;Ökosystem vertikales Profil
be303895-3ad0-45f1-8fc3-ea660c95e4ee;Regelmäßig oder in jüngster Zeit bewirtschaftete landwirtschaftliche, gärtnerische und häusliche Lebensräume;Ökosystem-Vorkommen
be303895-3ad0-45f1-8fc3-ea660c95e4ee;Regelmäßig oder in jüngster Zeit bewirtschaftete landwirtschaftliche, gärtnerische und häusliche Lebensräume;Ökosystem-Störungen
be303895-3ad0-45f1-8fc3-ea660c95e4ee;Regelmäßig oder in jüngster Zeit bewirtschaftete landwirtschaftliche, gärtnerische und häusliche Lebensräume;Anteil der lebenden Bedeckung
be303895-3ad0-45f1-8fc3-ea660c95e4ee;Oberflächengewässer im Binnenland;Ökosystem-Vorkommen
be303895-3ad0-45f1-8fc3-ea660c95e4ee;Oberflächengewässer im Binnenland;Ökosystem-Störungen
be303895-3ad0-45f1-8fc3-ea660c95e4ee;Oberflächengewässer im Binnenland;Anteil der lebenden Bedeckung
be303895-3ad0-45f1-8fc3-ea660c95e4ee;Moore, Sümpfe und Flachmoore;Ökosystem-Vorkommen
be303895-3ad0-45f1-8fc3-ea660c95e4ee;Moore, Sümpfe und Flachmoore;Ökosystem-Störungen
be303895-3ad0-45f1-8fc3-ea660c95e4ee;Moore, Sümpfe und Flachmoore;Anteil der lebenden Bedeckung
be303895-3ad0-45f1-8fc3-ea660c95e4ee;Heideland, Gebüsch und Tundra;Ökosystem-Vorkommen
be303895-3ad0-45f1-8fc3-ea660c95e4ee;Heideland, Gebüsch und Tundra;Ökosystem-Störungen
be303895-3ad0-45f1-8fc3-ea660c95e4ee;Heideland, Gebüsch und Tundra;Anteil der lebenden Bedeckung
bfc06d29-5412-46f8-aa84-77a53d5c3679;Moore, Sümpfe und Flachmoore;Ökosystem-Vorkommen
bfc06d29-5412-46f8-aa84-77a53d5c3679;Grasland und von Kräutern, Moosen oder Flechten dominierte Flächen;Ökosystem-Vorkommen
bfc06d29-5412-46f8-aa84-77a53d5c3679;Heideland, Gebüsch und Tundra;Ökosystem-Vorkommen
bfc06d29-5412-46f8-aa84-77a53d5c3679;Wälder, Forste und andere bewaldete Flächen;Ökosystem-Vorkommen
bfc06d29-5412-46f8-aa84-77a53d5c3679;Regelmäßig oder in jüngster Zeit bewirtschaftete landwirtschaftliche, gärtnerische und häusliche Lebensräume;Ökosystem-Vorkommen
bfc06d29-5412-46f8-aa84-77a53d5c3679;Bebaute, industrielle und andere künstliche Lebensräume;Ökosystem-Vorkommen
c04d4989-89d7-4abc-9e7c-ba6f79950d48;Moore, Sümpfe und Flachmoore;Ökosystem-Vorkommen
c04d4989-89d7-4abc-9e7c-ba6f79950d48;Grasland und von Kräutern, Moosen oder Flechten dominierte Flächen;Ökosystem-Vorkommen
c04d4989-89d7-4abc-9e7c-ba6f79950d48;Heideland, Gebüsch und Tundra;Ökosystem-Vorkommen
c04d4989-89d7-4abc-9e7c-ba6f79950d48;Wälder, Forste und andere bewaldete Flächen;Ökosystem-Vorkommen
c04d4989-89d7-4abc-9e7c-ba6f79950d48;Regelmäßig oder in jüngster Zeit bewirtschaftete landwirtschaftliche, gärtnerische und häusliche Lebensräume;Ökosystem-Vorkommen
c04d4989-89d7-4abc-9e7c-ba6f79950d48;Bebaute, industrielle und andere künstliche Lebensräume;Ökosystem-Vorkommen
c067fcf5-35c7-41e8-9b0c-89c7ee5ebc79;Wälder, Forste und andere bewaldete Flächen;Ökosystem-Vorkommen
c067fcf5-35c7-41e8-9b0c-89c7ee5ebc79;Küstenhabitate;Ökosystem-Vorkommen
c067fcf5-35c7-41e8-9b0c-89c7ee5ebc79;Oberflächengewässer im Binnenland;Ökosystem-Vorkommen
c067fcf5-35c7-41e8-9b0c-89c7ee5ebc79;Grasland und von Kräutern, Moosen oder Flechten dominierte Flächen;Ökosystem-Vorkommen
c067fcf5-35c7-41e8-9b0c-89c7ee5ebc79;Heideland, Gebüsch und Tundra;Ökosystem-Vorkommen
c067fcf5-35c7-41e8-9b0c-89c7ee5ebc79;Wälder, Forste und andere bewaldete Flächen;Ökosystem-Störungen
c067fcf5-35c7-41e8-9b0c-89c7ee5ebc79;Küstenhabitate;Ökosystem-Störungen
c067fcf5-35c7-41e8-9b0c-89c7ee5ebc79;Oberflächengewässer im Binnenland;Ökosystem-Störungen
c067fcf5-35c7-41e8-9b0c-89c7ee5ebc79;Grasland und von Kräutern, Moosen oder Flechten dominierte Flächen;Ökosystem-Störungen
c067fcf5-35c7-41e8-9b0c-89c7ee5ebc79;Heideland, Gebüsch und Tundra;Ökosystem-Störungen
c0b49072-58ad-470c-907f-397f8cc57ee4;Küstenhabitate;Ökosystem-Störungen
c0b49072-58ad-470c-907f-397f8cc57ee4;Marine habitate;Ökosystem-Störungen
c0e0c56a-a194-4867-b2c8-3857e3e22d6f;Wälder, Forste und andere bewaldete Flächen;Ökosystem vertikales Profil
c0e0c56a-a194-4867-b2c8-3857e3e22d6f;Regelmäßig oder in jüngster Zeit bewirtschaftete landwirtschaftliche, gärtnerische und häusliche Lebensräume;Ökosystem vertikales Profil
c4cbf1ef-f377-456a-a753-1b274da8acef;Wälder, Forste und andere bewaldete Flächen;Ökosystem-Vorkommen
c4cbf1ef-f377-456a-a753-1b274da8acef;Regelmäßig oder in jüngster Zeit bewirtschaftete landwirtschaftliche, gärtnerische und häusliche Lebensräume;Ökosystem-Vorkommen
c658a937-4742-4cb9-8525-960e735f370c;Wälder, Forste und andere bewaldete Flächen;Ökosystem-Vorkommen
c658a937-4742-4cb9-8525-960e735f370c;Grasland und von Kräutern, Moosen oder Flechten dominierte Flächen;Ökosystem-Vorkommen
c658a937-4742-4cb9-8525-960e735f370c;Regelmäßig oder in jüngster Zeit bewirtschaftete landwirtschaftliche, gärtnerische und häusliche Lebensräume;Ökosystem-Vorkommen
c658a937-4742-4cb9-8525-960e735f370c;Wälder, Forste und andere bewaldete Flächen;Ökosystem vertikales Profil
c658a937-4742-4cb9-8525-960e735f370c;Grasland und von Kräutern, Moosen oder Flechten dominierte Flächen;Ökosystem vertikales Profil
c658a937-4742-4cb9-8525-960e735f370c;Regelmäßig oder in jüngster Zeit bewirtschaftete landwirtschaftliche, gärtnerische und häusliche Lebensräume;Ökosystem vertikales Profil
c658a937-4742-4cb9-8525-960e735f370c;Wälder, Forste und andere bewaldete Flächen;Ökosystem-Störungen
c658a937-4742-4cb9-8525-960e735f370c;Grasland und von Kräutern, Moosen oder Flechten dominierte Flächen;Ökosystem-Störungen
c658a937-4742-4cb9-8525-960e735f370c;Regelmäßig oder in jüngster Zeit bewirtschaftete landwirtschaftliche, gärtnerische und häusliche Lebensräume;Ökosystem-Störungen
c88c6b9d-1d62-471f-bdff-387f01c548a9;Oberflächengewässer im Binnenland;Ökosystem-Vorkommen
c88c6b9d-1d62-471f-bdff-387f01c548a9;Oberflächengewässer im Binnenland;Ökosystem-Störungen
c88c6b9d-1d62-471f-bdff-387f01c548a9;Oberflächengewässer im Binnenland;Anteil der lebenden Bedeckung
c88c6b9d-1d62-471f-bdff-387f01c548a9;Moore, Sümpfe und Flachmoore;Ökosystem-Vorkommen
c88c6b9d-1d62-471f-bdff-387f01c548a9;Moore, Sümpfe und Flachmoore;Ökosystem-Störungen
c88c6b9d-1d62-471f-bdff-387f01c548a9;Moore, Sümpfe und Flachmoore;Anteil der lebenden Bedeckung
c88c6b9d-1d62-471f-bdff-387f01c548a9;Wälder, Forste und andere bewaldete Flächen;Ökosystem-Vorkommen
c88c6b9d-1d62-471f-bdff-387f01c548a9;Grasland und von Kräutern, Moosen oder Flechten dominierte Flächen;Ökosystem-Vorkommen
c88c6b9d-1d62-471f-bdff-387f01c548a9;Unbegrünte oder spärlich bewachsene Lebensräume im Binnenland;Ökosystem-Vorkommen
c88c6b9d-1d62-471f-bdff-387f01c548a9;Regelmäßig oder in jüngster Zeit bewirtschaftete landwirtschaftliche, gärtnerische und häusliche Lebensräume;Ökosystem-Vorkommen
c88c6b9d-1d62-471f-bdff-387f01c548a9;Heideland, Gebüsch und Tundra;Ökosystem-Vorkommen
c923b8dd-000e-4726-a8f2-819916c924d1;Grasland und von Kräutern, Moosen oder Flechten dominierte Flächen;Ökosystem-Vorkommen
c923b8dd-000e-4726-a8f2-819916c924d1;Wälder, Forste und andere bewaldete Flächen;Ökosystem-Vorkommen
c923b8dd-000e-4726-a8f2-819916c924d1;Heideland, Gebüsch und Tundra;Ökosystem-Vorkommen
c923b8dd-000e-4726-a8f2-819916c924d1;Bebaute, industrielle und andere künstliche Lebensräume;Ökosystem-Vorkommen
c923b8dd-000e-4726-a8f2-819916c924d1;Regelmäßig oder in jüngster Zeit bewirtschaftete landwirtschaftliche, gärtnerische und häusliche Lebensräume;Ökosystem-Vorkommen
c94f4eca-0bf5-49a9-a661-9a96cdf95983;Grasland und von Kräutern, Moosen oder Flechten dominierte Flächen;Ökosystem-Vorkommen
c94f4eca-0bf5-49a9-a661-9a96cdf95983;Küstenhabitate;Ökosystem-Vorkommen
c94f4eca-0bf5-49a9-a661-9a96cdf95983;Bebaute, industrielle und andere künstliche Lebensräume;Ökosystem-Vorkommen
c94f4eca-0bf5-49a9-a661-9a96cdf95983;Regelmäßig oder in jüngster Zeit bewirtschaftete landwirtschaftliche, gärtnerische und häusliche Lebensräume;Ökosystem-Vorkommen
c94f4eca-0bf5-49a9-a661-9a96cdf95983;Unbegrünte oder spärlich bewachsene Lebensräume im Binnenland;Ökosystem-Vorkommen
c94f4eca-0bf5-49a9-a661-9a96cdf95983;Marine habitate;Ökosystem-Vorkommen
c94f4eca-0bf5-49a9-a661-9a96cdf95983;Oberflächengewässer im Binnenland;Ökosystem-Vorkommen
ca4bbe35-99c4-44d5-a0a7-9031d568a490;Grasland und von Kräutern, Moosen oder Flechten dominierte Flächen;Ökosystem-Vorkommen
ca4bbe35-99c4-44d5-a0a7-9031d568a490;Wälder, Forste und andere bewaldete Flächen;Ökosystem-Vorkommen
ca4bbe35-99c4-44d5-a0a7-9031d568a490;Heideland, Gebüsch und Tundra;Ökosystem-Vorkommen
ca4bbe35-99c4-44d5-a0a7-9031d568a490;Oberflächengewässer im Binnenland;Ökosystem-Vorkommen
ca4bbe35-99c4-44d5-a0a7-9031d568a490;Bebaute, industrielle und andere künstliche Lebensräume;Ökosystem-Vorkommen
ca4bbe35-99c4-44d5-a0a7-9031d568a490;Regelmäßig oder in jüngster Zeit bewirtschaftete landwirtschaftliche, gärtnerische und häusliche Lebensräume;Ökosystem-Vorkommen
ce72f0af-e811-41a6-a9b3-ca0fcb9fb7bd;Oberflächengewässer im Binnenland;Ökosystem-Vorkommen
ce72f0af-e811-41a6-a9b3-ca0fcb9fb7bd;Oberflächengewässer im Binnenland;Ökosystem-Störungen
ce72f0af-e811-41a6-a9b3-ca0fcb9fb7bd;Oberflächengewässer im Binnenland;Anteil der lebenden Bedeckung
ce72f0af-e811-41a6-a9b3-ca0fcb9fb7bd;Oberflächengewässer im Binnenland;Ökosystem vertikales Profil
ce72f0af-e811-41a6-a9b3-ca0fcb9fb7bd;Regelmäßig oder in jüngster Zeit bewirtschaftete landwirtschaftliche, gärtnerische und häusliche Lebensräume;Ökosystem-Vorkommen
ce72f0af-e811-41a6-a9b3-ca0fcb9fb7bd;Regelmäßig oder in jüngster Zeit bewirtschaftete landwirtschaftliche, gärtnerische und häusliche Lebensräume;Ökosystem-Störungen
ce72f0af-e811-41a6-a9b3-ca0fcb9fb7bd;Regelmäßig oder in jüngster Zeit bewirtschaftete landwirtschaftliche, gärtnerische und häusliche Lebensräume;Anteil der lebenden Bedeckung
ce72f0af-e811-41a6-a9b3-ca0fcb9fb7bd;Moore, Sümpfe und Flachmoore;Ökosystem-Vorkommen
ce72f0af-e811-41a6-a9b3-ca0fcb9fb7bd;Moore, Sümpfe und Flachmoore;Ökosystem-Störungen
ce72f0af-e811-41a6-a9b3-ca0fcb9fb7bd;Moore, Sümpfe und Flachmoore;Anteil der lebenden Bedeckung
ce72f0af-e811-41a6-a9b3-ca0fcb9fb7bd;Moore, Sümpfe und Flachmoore;Ökosystem vertikales Profil
ce89d9e6-d3f7-4052-8507-a2d8828eb97f;Regelmäßig oder in jüngster Zeit bewirtschaftete landwirtschaftliche, gärtnerische und häusliche Lebensräume;Ökosystem-Vorkommen
ce89d9e6-d3f7-4052-8507-a2d8828eb97f;Regelmäßig oder in jüngster Zeit bewirtschaftete landwirtschaftliche, gärtnerische und häusliche Lebensräume;Ökosystem-Störungen
ceb417d3-8955-4e7f-b1ab-4cb50e4df006;Marine habitate;Ökosystem-Vorkommen
ceb417d3-8955-4e7f-b1ab-4cb50e4df006;Küstenhabitate;Ökosystem-Vorkommen
ceb417d3-8955-4e7f-b1ab-4cb50e4df006;Marine habitate;Ökosystem-Störungen
ceb417d3-8955-4e7f-b1ab-4cb50e4df006;Küstenhabitate;Ökosystem-Störungen
cfb2cca3-ecc3-4bae-9ae0-ca26444237ec;Küstenhabitate;Ökosystem-Störungen
cfb2cca3-ecc3-4bae-9ae0-ca26444237ec;Küstenhabitate;Ökosystem-Vorkommen
d0be72c8-9d6b-4b1b-86fd-ebaee10a651d;Regelmäßig oder in jüngster Zeit bewirtschaftete landwirtschaftliche, gärtnerische und häusliche Lebensräume;Ökosystem-Vorkommen
d0be72c8-9d6b-4b1b-86fd-ebaee10a651d;Regelmäßig oder in jüngster Zeit bewirtschaftete landwirtschaftliche, gärtnerische und häusliche Lebensräume;Ökosystem-Störungen
d0be72c8-9d6b-4b1b-86fd-ebaee10a651d;Wälder, Forste und andere bewaldete Flächen;Ökosystem-Vorkommen
d0be72c8-9d6b-4b1b-86fd-ebaee10a651d;Wälder, Forste und andere bewaldete Flächen;Ökosystem-Störungen
d0be72c8-9d6b-4b1b-86fd-ebaee10a651d;Bebaute, industrielle und andere künstliche Lebensräume;Ökosystem-Vorkommen
d0be72c8-9d6b-4b1b-86fd-ebaee10a651d;Bebaute, industrielle und andere künstliche Lebensräume;Ökosystem-Störungen
d0be72c8-9d6b-4b1b-86fd-ebaee10a651d;Unbegrünte oder spärlich bewachsene Lebensräume im Binnenland;Ökosystem-Vorkommen
d0be72c8-9d6b-4b1b-86fd-ebaee10a651d;Unbegrünte oder spärlich bewachsene Lebensräume im Binnenland;Ökosystem-Störungen
d0be72c8-9d6b-4b1b-86fd-ebaee10a651d;Grasland und von Kräutern, Moosen oder Flechten dominierte Flächen;Ökosystem-Vorkommen
d0be72c8-9d6b-4b1b-86fd-ebaee10a651d;Grasland und von Kräutern, Moosen oder Flechten dominierte Flächen;Ökosystem-Störungen
d0be72c8-9d6b-4b1b-86fd-ebaee10a651d;Heideland, Gebüsch und Tundra;Ökosystem-Vorkommen
d0be72c8-9d6b-4b1b-86fd-ebaee10a651d;Heideland, Gebüsch und Tundra;Ökosystem-Störungen
d0be72c8-9d6b-4b1b-86fd-ebaee10a651d;Moore, Sümpfe und Flachmoore;Ökosystem-Vorkommen
d0be72c8-9d6b-4b1b-86fd-ebaee10a651d;Moore, Sümpfe und Flachmoore;Ökosystem-Störungen
d0be72c8-9d6b-4b1b-86fd-ebaee10a651d;Oberflächengewässer im Binnenland;Ökosystem-Vorkommen
d0be72c8-9d6b-4b1b-86fd-ebaee10a651d;Oberflächengewässer im Binnenland;Ökosystem-Störungen
d1f24ead-ed9e-42ef-b9de-4a823143f0ca;Marine habitate;Primärproduktivität
d1f24ead-ed9e-42ef-b9de-4a823143f0ca;Marine habitate;Ökosystem-Phänologie
d1f24ead-ed9e-42ef-b9de-4a823143f0ca;Marine habitate;Ökosystem-Störungen
d5090bca-c42e-440d-b4a6-8adf0e04fa2e;Wälder, Forste und andere bewaldete Flächen;Ökosystem-Vorkommen
d5090bca-c42e-440d-b4a6-8adf0e04fa2e;Küstenhabitate;Ökosystem-Vorkommen
d5090bca-c42e-440d-b4a6-8adf0e04fa2e;Oberflächengewässer im Binnenland;Ökosystem-Vorkommen
d5090bca-c42e-440d-b4a6-8adf0e04fa2e;Grasland und von Kräutern, Moosen oder Flechten dominierte Flächen;Ökosystem-Vorkommen
d5090bca-c42e-440d-b4a6-8adf0e04fa2e;Heideland, Gebüsch und Tundra;Ökosystem-Vorkommen
d6d866e5-97a0-457d-af79-062376994a71;Wälder, Forste und andere bewaldete Flächen;Ökosystem-Vorkommen
d6d866e5-97a0-457d-af79-062376994a71;Wälder, Forste und andere bewaldete Flächen;Ökosystem vertikales Profil
d6d866e5-97a0-457d-af79-062376994a71;Wälder, Forste und andere bewaldete Flächen;Ökosystem-Störungen
d7eaaa11-a64d-4d5e-8fdd-c9aced361ddb;Küstenhabitate;Ökosystem-Störungen
d7eaaa11-a64d-4d5e-8fdd-c9aced361ddb;Marine habitate;Ökosystem-Störungen
d983b01c-9fea-4817-b4b2-7e3e9d911d38;Marine habitate;Primärproduktivität
d983b01c-9fea-4817-b4b2-7e3e9d911d38;Marine habitate;Ökosystem-Phänologie
d983b01c-9fea-4817-b4b2-7e3e9d911d38;Marine habitate;Ökosystem-Störungen
d983b01c-9fea-4817-b4b2-7e3e9d911d38;Marine habitate;Ökosystem-Vorkommen
d983b01c-9fea-4817-b4b2-7e3e9d911d38;Marine habitate;Ökosystem vertikales Profil
dc738cd2-fdd3-4733-9840-08bf887de04d;Marine habitate;Ökosystem-Störungen
dc738cd2-fdd3-4733-9840-08bf887de04d;Marine habitate;Ökosystem-Vorkommen
dc738cd2-fdd3-4733-9840-08bf887de04d;Marine habitate;Anteil der lebenden Bedeckung
dcb186a6-c41f-47eb-aca8-0c655f3a1fb6;Regelmäßig oder in jüngster Zeit bewirtschaftete landwirtschaftliche, gärtnerische und häusliche Lebensräume;Ökosystem-Vorkommen
dcb186a6-c41f-47eb-aca8-0c655f3a1fb6;Regelmäßig oder in jüngster Zeit bewirtschaftete landwirtschaftliche, gärtnerische und häusliche Lebensräume;Ökosystem-Störungen
dcb186a6-c41f-47eb-aca8-0c655f3a1fb6;Regelmäßig oder in jüngster Zeit bewirtschaftete landwirtschaftliche, gärtnerische und häusliche Lebensräume;Ökosystem vertikales Profil
dcb186a6-c41f-47eb-aca8-0c655f3a1fb6;Regelmäßig oder in jüngster Zeit bewirtschaftete landwirtschaftliche, gärtnerische und häusliche Lebensräume;Anteil der lebenden Bedeckung
ddae618b-f9b5-49ac-a074-4ae99b20d29b;Küstenhabitate;Ökosystem-Störungen
ddae618b-f9b5-49ac-a074-4ae99b20d29b;Küstenhabitate;Ökosystem-Vorkommen
de1e9a86-c765-4d6b-a14a-b6d1076aec47;Regelmäßig oder in jüngster Zeit bewirtschaftete landwirtschaftliche, gärtnerische und häusliche Lebensräume;Ökosystem-Vorkommen
de6c5383-04ec-43ef-a8ab-249b3df3bc40;Wälder, Forste und andere bewaldete Flächen;Ökosystem-Vorkommen
de6c5383-04ec-43ef-a8ab-249b3df3bc40;Wälder, Forste und andere bewaldete Flächen;Ökosystem-Phänologie
de6c5383-04ec-43ef-a8ab-249b3df3bc40;Wälder, Forste und andere bewaldete Flächen;Ökosystem-Störungen
de6c5383-04ec-43ef-a8ab-249b3df3bc40;Wälder, Forste und andere bewaldete Flächen;Anteil der lebenden Bedeckung
de6c5383-04ec-43ef-a8ab-249b3df3bc40;Wälder, Forste und andere bewaldete Flächen;Ökosystem vertikales Profil
e1078e88-8727-4d1b-b67e-2c068c6da757;Regelmäßig oder in jüngster Zeit bewirtschaftete landwirtschaftliche, gärtnerische und häusliche Lebensräume;Ökosystem-Vorkommen
e1078e88-8727-4d1b-b67e-2c068c6da757;Regelmäßig oder in jüngster Zeit bewirtschaftete landwirtschaftliche, gärtnerische und häusliche Lebensräume;Ökosystem-Störungen
e1078e88-8727-4d1b-b67e-2c068c6da757;Regelmäßig oder in jüngster Zeit bewirtschaftete landwirtschaftliche, gärtnerische und häusliche Lebensräume;Ökosystem-Phänologie
e17330bd-5927-473c-9fe5-65df21809e49;Marine habitate;Ökosystem-Vorkommen
e56cba82-bfce-4851-a5db-1f87fb969ded;Moore, Sümpfe und Flachmoore;Ökosystem-Vorkommen
e56cba82-bfce-4851-a5db-1f87fb969ded;Grasland und von Kräutern, Moosen oder Flechten dominierte Flächen;Ökosystem-Vorkommen
e56cba82-bfce-4851-a5db-1f87fb969ded;Heideland, Gebüsch und Tundra;Ökosystem-Vorkommen
e56cba82-bfce-4851-a5db-1f87fb969ded;Wälder, Forste und andere bewaldete Flächen;Ökosystem-Vorkommen
e56cba82-bfce-4851-a5db-1f87fb969ded;Unbegrünte oder spärlich bewachsene Lebensräume im Binnenland;Ökosystem-Vorkommen
e56cba82-bfce-4851-a5db-1f87fb969ded;Regelmäßig oder in jüngster Zeit bewirtschaftete landwirtschaftliche, gärtnerische und häusliche Lebensräume;Ökosystem-Vorkommen
e56cba82-bfce-4851-a5db-1f87fb969ded;Oberflächengewässer im Binnenland;Ökosystem-Vorkommen
e56cba82-bfce-4851-a5db-1f87fb969ded;Regelmäßig oder in jüngster Zeit bewirtschaftete landwirtschaftliche, gärtnerische und häusliche Lebensräume;Ökosystem vertikales Profil
e56cba82-bfce-4851-a5db-1f87fb969ded;Moore, Sümpfe und Flachmoore;Ökosystem-Störungen
e56cba82-bfce-4851-a5db-1f87fb969ded;Grasland und von Kräutern, Moosen oder Flechten dominierte Flächen;Ökosystem-Störungen
e56cba82-bfce-4851-a5db-1f87fb969ded;Heideland, Gebüsch und Tundra;Ökosystem-Störungen
e56cba82-bfce-4851-a5db-1f87fb969ded;Wälder, Forste und andere bewaldete Flächen;Ökosystem-Störungen
e56cba82-bfce-4851-a5db-1f87fb969ded;Unbegrünte oder spärlich bewachsene Lebensräume im Binnenland;Ökosystem-Störungen
e56cba82-bfce-4851-a5db-1f87fb969ded;Regelmäßig oder in jüngster Zeit bewirtschaftete landwirtschaftliche, gärtnerische und häusliche Lebensräume;Ökosystem-Störungen
e56cba82-bfce-4851-a5db-1f87fb969ded;Oberflächengewässer im Binnenland;Ökosystem-Störungen
e56cba82-bfce-4851-a5db-1f87fb969ded;Moore, Sümpfe und Flachmoore;Ökosystem vertikales Profil
e56cba82-bfce-4851-a5db-1f87fb969ded;Unbegrünte oder spärlich bewachsene Lebensräume im Binnenland;Ökosystem vertikales Profil
e56cba82-bfce-4851-a5db-1f87fb969ded;Wälder, Forste und andere bewaldete Flächen;Anteil der lebenden Bedeckung
e56cba82-bfce-4851-a5db-1f87fb969ded;Wälder, Forste und andere bewaldete Flächen;Ökosystem vertikales Profil
e56cba82-bfce-4851-a5db-1f87fb969ded;Küstenhabitate;Ökosystem-Störungen
e56cba82-bfce-4851-a5db-1f87fb969ded;Küstenhabitate;Ökosystem vertikales Profil
e56cba82-bfce-4851-a5db-1f87fb969ded;Küstenhabitate;Ökosystem-Vorkommen
e621da0a-0ccc-42ce-a981-1323796aae3b;Oberflächengewässer im Binnenland;Ökosystem-Vorkommen
e621da0a-0ccc-42ce-a981-1323796aae3b;Oberflächengewässer im Binnenland;Ökosystem-Störungen
e66fb6f7-91c8-49a2-a732-96f4e5ee47e6;Regelmäßig oder in jüngster Zeit bewirtschaftete landwirtschaftliche, gärtnerische und häusliche Lebensräume;Ökosystem-Vorkommen
e7ef09d8-c5df-4d9c-9737-69ce2e81c3e1;Wälder, Forste und andere bewaldete Flächen;Ökosystem-Vorkommen
e7ef09d8-c5df-4d9c-9737-69ce2e81c3e1;Wälder, Forste und andere bewaldete Flächen;Ökosystem-Störungen
e7ef09d8-c5df-4d9c-9737-69ce2e81c3e1;Wälder, Forste und andere bewaldete Flächen;Anteil der lebenden Bedeckung
e7ef09d8-c5df-4d9c-9737-69ce2e81c3e1;Wälder, Forste und andere bewaldete Flächen;Ökosystem vertikales Profil
e7ef09d8-c5df-4d9c-9737-69ce2e81c3e1;Regelmäßig oder in jüngster Zeit bewirtschaftete landwirtschaftliche, gärtnerische und häusliche Lebensräume;Ökosystem-Vorkommen
e7ef09d8-c5df-4d9c-9737-69ce2e81c3e1;Regelmäßig oder in jüngster Zeit bewirtschaftete landwirtschaftliche, gärtnerische und häusliche Lebensräume;Ökosystem-Störungen
e7ef09d8-c5df-4d9c-9737-69ce2e81c3e1;Regelmäßig oder in jüngster Zeit bewirtschaftete landwirtschaftliche, gärtnerische und häusliche Lebensräume;Anteil der lebenden Bedeckung
e7ef09d8-c5df-4d9c-9737-69ce2e81c3e1;Oberflächengewässer im Binnenland;Ökosystem-Vorkommen
e7ef09d8-c5df-4d9c-9737-69ce2e81c3e1;Oberflächengewässer im Binnenland;Ökosystem-Störungen
e7ef09d8-c5df-4d9c-9737-69ce2e81c3e1;Oberflächengewässer im Binnenland;Anteil der lebenden Bedeckung
e7ef09d8-c5df-4d9c-9737-69ce2e81c3e1;Oberflächengewässer im Binnenland;Ökosystem vertikales Profil
e7ef09d8-c5df-4d9c-9737-69ce2e81c3e1;Unbegrünte oder spärlich bewachsene Lebensräume im Binnenland;Ökosystem-Vorkommen
e7ef09d8-c5df-4d9c-9737-69ce2e81c3e1;Unbegrünte oder spärlich bewachsene Lebensräume im Binnenland;Ökosystem-Störungen
e7ef09d8-c5df-4d9c-9737-69ce2e81c3e1;Unbegrünte oder spärlich bewachsene Lebensräume im Binnenland;Anteil der lebenden Bedeckung
e7ef09d8-c5df-4d9c-9737-69ce2e81c3e1;Grasland und von Kräutern, Moosen oder Flechten dominierte Flächen;Ökosystem-Vorkommen
e7ef09d8-c5df-4d9c-9737-69ce2e81c3e1;Grasland und von Kräutern, Moosen oder Flechten dominierte Flächen;Ökosystem-Störungen
e7ef09d8-c5df-4d9c-9737-69ce2e81c3e1;Grasland und von Kräutern, Moosen oder Flechten dominierte Flächen;Anteil der lebenden Bedeckung
e7ef09d8-c5df-4d9c-9737-69ce2e81c3e1;Moore, Sümpfe und Flachmoore;Ökosystem-Vorkommen
e7ef09d8-c5df-4d9c-9737-69ce2e81c3e1;Moore, Sümpfe und Flachmoore;Ökosystem-Störungen
e7ef09d8-c5df-4d9c-9737-69ce2e81c3e1;Moore, Sümpfe und Flachmoore;Anteil der lebenden Bedeckung
e7ef09d8-c5df-4d9c-9737-69ce2e81c3e1;Heideland, Gebüsch und Tundra;Ökosystem-Vorkommen
e7ef09d8-c5df-4d9c-9737-69ce2e81c3e1;Heideland, Gebüsch und Tundra;Ökosystem-Störungen
e7ef09d8-c5df-4d9c-9737-69ce2e81c3e1;Heideland, Gebüsch und Tundra;Anteil der lebenden Bedeckung
e8e142af-a1a3-4250-9316-34d130ec8f84;Wälder, Forste und andere bewaldete Flächen;Ökosystem-Störungen
e8e142af-a1a3-4250-9316-34d130ec8f84;Wälder, Forste und andere bewaldete Flächen;Andere
e8edaa6d-eed7-40ad-8ff7-82b731f8e0c8;Oberflächengewässer im Binnenland;Ökosystem-Phänologie
e8edaa6d-eed7-40ad-8ff7-82b731f8e0c8;Oberflächengewässer im Binnenland;Anteil der lebenden Bedeckung
e8edaa6d-eed7-40ad-8ff7-82b731f8e0c8;Oberflächengewässer im Binnenland;Ökosystem-Störungen
e8edaa6d-eed7-40ad-8ff7-82b731f8e0c8;Oberflächengewässer im Binnenland;Ökosystem-Vorkommen
e8edaa6d-eed7-40ad-8ff7-82b731f8e0c8;Oberflächengewässer im Binnenland;Primärproduktivität
e9895c93-aa62-4281-a662-56ae909ee793;Wälder, Forste und andere bewaldete Flächen;Ökosystem-Vorkommen
e9895c93-aa62-4281-a662-56ae909ee793;Grasland und von Kräutern, Moosen oder Flechten dominierte Flächen;Ökosystem-Vorkommen
ea3e5bf3-7221-48f2-8b6a-b9e08f41da68;Grasland und von Kräutern, Moosen oder Flechten dominierte Flächen;Ökosystem-Vorkommen
ea3e5bf3-7221-48f2-8b6a-b9e08f41da68;Wälder, Forste und andere bewaldete Flächen;Ökosystem-Vorkommen
ea3e5bf3-7221-48f2-8b6a-b9e08f41da68;Heideland, Gebüsch und Tundra;Ökosystem-Vorkommen
ea3e5bf3-7221-48f2-8b6a-b9e08f41da68;Oberflächengewässer im Binnenland;Ökosystem-Vorkommen
ea3e5bf3-7221-48f2-8b6a-b9e08f41da68;Bebaute, industrielle und andere künstliche Lebensräume;Ökosystem-Vorkommen
ea3e5bf3-7221-48f2-8b6a-b9e08f41da68;Regelmäßig oder in jüngster Zeit bewirtschaftete landwirtschaftliche, gärtnerische und häusliche Lebensräume;Ökosystem-Vorkommen
ea503c07-4cd4-4266-8110-117dad7ff30c;Grasland und von Kräutern, Moosen oder Flechten dominierte Flächen;Ökosystem-Vorkommen
ea503c07-4cd4-4266-8110-117dad7ff30c;Wälder, Forste und andere bewaldete Flächen;Ökosystem-Vorkommen
ea503c07-4cd4-4266-8110-117dad7ff30c;Oberflächengewässer im Binnenland;Ökosystem-Vorkommen
ea503c07-4cd4-4266-8110-117dad7ff30c;Bebaute, industrielle und andere künstliche Lebensräume;Ökosystem-Vorkommen
ea503c07-4cd4-4266-8110-117dad7ff30c;Regelmäßig oder in jüngster Zeit bewirtschaftete landwirtschaftliche, gärtnerische und häusliche Lebensräume;Ökosystem-Vorkommen
ea503c07-4cd4-4266-8110-117dad7ff30c;Küstenhabitate;Ökosystem-Vorkommen
ed2e3359-d7d1-4533-b4ee-8f24b806495f;Wälder, Forste und andere bewaldete Flächen;Ökosystem vertikales Profil
ed2e3359-d7d1-4533-b4ee-8f24b806495f;Wälder, Forste und andere bewaldete Flächen;Anteil der lebenden Bedeckung
ed2e3359-d7d1-4533-b4ee-8f24b806495f;Wälder, Forste und andere bewaldete Flächen;Ökosystem-Vorkommen
ed2e3359-d7d1-4533-b4ee-8f24b806495f;Wälder, Forste und andere bewaldete Flächen;Andere
ed2e3359-d7d1-4533-b4ee-8f24b806495f;Wälder, Forste und andere bewaldete Flächen;Primärproduktivität
ed44c5de-2eeb-4c63-bce2-6ecb51e99fb3;Oberflächengewässer im Binnenland;Ökosystem-Vorkommen
ed44c5de-2eeb-4c63-bce2-6ecb51e99fb3;Moore, Sümpfe und Flachmoore;Ökosystem-Vorkommen
ed44c5de-2eeb-4c63-bce2-6ecb51e99fb3;Grasland und von Kräutern, Moosen oder Flechten dominierte Flächen;Ökosystem-Vorkommen
ed44c5de-2eeb-4c63-bce2-6ecb51e99fb3;Heideland, Gebüsch und Tundra;Ökosystem-Vorkommen
ed44c5de-2eeb-4c63-bce2-6ecb51e99fb3;Wälder, Forste und andere bewaldete Flächen;Ökosystem-Vorkommen
ed44c5de-2eeb-4c63-bce2-6ecb51e99fb3;Unbegrünte oder spärlich bewachsene Lebensräume im Binnenland;Ökosystem-Vorkommen
ed44c5de-2eeb-4c63-bce2-6ecb51e99fb3;Regelmäßig oder in jüngster Zeit bewirtschaftete landwirtschaftliche, gärtnerische und häusliche Lebensräume;Ökosystem-Vorkommen
ed44c5de-2eeb-4c63-bce2-6ecb51e99fb3;Bebaute, industrielle und andere künstliche Lebensräume;Ökosystem-Vorkommen
ed44c5de-2eeb-4c63-bce2-6ecb51e99fb3;Andere;Ökosystem-Vorkommen
efa040e0-12b7-4684-9e5e-f29eb8f2d87a;Oberflächengewässer im Binnenland;Ökosystem-Vorkommen
efa040e0-12b7-4684-9e5e-f29eb8f2d87a;Oberflächengewässer im Binnenland;Ökosystem-Störungen
efa040e0-12b7-4684-9e5e-f29eb8f2d87a;Bebaute, industrielle und andere künstliche Lebensräume;Ökosystem-Vorkommen
efa040e0-12b7-4684-9e5e-f29eb8f2d87a;Bebaute, industrielle und andere künstliche Lebensräume;Ökosystem-Störungen
efa040e0-12b7-4684-9e5e-f29eb8f2d87a;Regelmäßig oder in jüngster Zeit bewirtschaftete landwirtschaftliche, gärtnerische und häusliche Lebensräume;Ökosystem-Vorkommen
efa040e0-12b7-4684-9e5e-f29eb8f2d87a;Regelmäßig oder in jüngster Zeit bewirtschaftete landwirtschaftliche, gärtnerische und häusliche Lebensräume;Ökosystem-Störungen
efa040e0-12b7-4684-9e5e-f29eb8f2d87a;Wälder, Forste und andere bewaldete Flächen;Ökosystem-Vorkommen
efa040e0-12b7-4684-9e5e-f29eb8f2d87a;Wälder, Forste und andere bewaldete Flächen;Ökosystem-Störungen
efa040e0-12b7-4684-9e5e-f29eb8f2d87a;Wälder, Forste und andere bewaldete Flächen;Anteil der lebenden Bedeckung
efa040e0-12b7-4684-9e5e-f29eb8f2d87a;Wälder, Forste und andere bewaldete Flächen;Ökosystem-Phänologie
efa040e0-12b7-4684-9e5e-f29eb8f2d87a;Grasland und von Kräutern, Moosen oder Flechten dominierte Flächen;Ökosystem-Vorkommen
efa040e0-12b7-4684-9e5e-f29eb8f2d87a;Grasland und von Kräutern, Moosen oder Flechten dominierte Flächen;Ökosystem-Störungen
efa040e0-12b7-4684-9e5e-f29eb8f2d87a;Heideland, Gebüsch und Tundra;Ökosystem-Vorkommen
efa040e0-12b7-4684-9e5e-f29eb8f2d87a;Heideland, Gebüsch und Tundra;Ökosystem-Störungen
efa040e0-12b7-4684-9e5e-f29eb8f2d87a;Unbegrünte oder spärlich bewachsene Lebensräume im Binnenland;Ökosystem-Vorkommen
efa040e0-12b7-4684-9e5e-f29eb8f2d87a;Unbegrünte oder spärlich bewachsene Lebensräume im Binnenland;Ökosystem-Störungen
efa040e0-12b7-4684-9e5e-f29eb8f2d87a;Andere;Ökosystem-Vorkommen
efa040e0-12b7-4684-9e5e-f29eb8f2d87a;Andere;Ökosystem-Störungen
efa040e0-12b7-4684-9e5e-f29eb8f2d87a;Moore, Sümpfe und Flachmoore;Ökosystem-Vorkommen
efa040e0-12b7-4684-9e5e-f29eb8f2d87a;Moore, Sümpfe und Flachmoore;Ökosystem-Störungen
f0815a80-6323-42df-a488-a50844cb38bd;Grasland und von Kräutern, Moosen oder Flechten dominierte Flächen;Ökosystem-Vorkommen
f0815a80-6323-42df-a488-a50844cb38bd;Wälder, Forste und andere bewaldete Flächen;Ökosystem-Vorkommen
f0815a80-6323-42df-a488-a50844cb38bd;Heideland, Gebüsch und Tundra;Ökosystem-Vorkommen
f0815a80-6323-42df-a488-a50844cb38bd;Oberflächengewässer im Binnenland;Ökosystem-Vorkommen
f0815a80-6323-42df-a488-a50844cb38bd;Bebaute, industrielle und andere künstliche Lebensräume;Ökosystem-Vorkommen
f0815a80-6323-42df-a488-a50844cb38bd;Regelmäßig oder in jüngster Zeit bewirtschaftete landwirtschaftliche, gärtnerische und häusliche Lebensräume;Ökosystem-Vorkommen
f0815a80-6323-42df-a488-a50844cb38bd;Marine habitate;Ökosystem-Vorkommen
f0815a80-6323-42df-a488-a50844cb38bd;Küstenhabitate;Ökosystem-Vorkommen
f0815a80-6323-42df-a488-a50844cb38bd;Moore, Sümpfe und Flachmoore;Ökosystem-Vorkommen
f0815a80-6323-42df-a488-a50844cb38bd;Unbegrünte oder spärlich bewachsene Lebensräume im Binnenland;Ökosystem-Vorkommen
f316ae21-b5e2-4c95-b94a-ff68f8894a6b;Moore, Sümpfe und Flachmoore;Ökosystem-Vorkommen
f316ae21-b5e2-4c95-b94a-ff68f8894a6b;Grasland und von Kräutern, Moosen oder Flechten dominierte Flächen;Ökosystem-Vorkommen
f316ae21-b5e2-4c95-b94a-ff68f8894a6b;Heideland, Gebüsch und Tundra;Ökosystem-Vorkommen
f316ae21-b5e2-4c95-b94a-ff68f8894a6b;Wälder, Forste und andere bewaldete Flächen;Ökosystem-Vorkommen
f316ae21-b5e2-4c95-b94a-ff68f8894a6b;Regelmäßig oder in jüngster Zeit bewirtschaftete landwirtschaftliche, gärtnerische und häusliche Lebensräume;Ökosystem-Vorkommen
f316ae21-b5e2-4c95-b94a-ff68f8894a6b;Bebaute, industrielle und andere künstliche Lebensräume;Ökosystem-Vorkommen
f6e705ac-1f0e-4c2c-8c12-6ac9d43ff064;Grasland und von Kräutern, Moosen oder Flechten dominierte Flächen;Ökosystem-Vorkommen
f6e705ac-1f0e-4c2c-8c12-6ac9d43ff064;Wälder, Forste und andere bewaldete Flächen;Ökosystem-Vorkommen
f6e705ac-1f0e-4c2c-8c12-6ac9d43ff064;Heideland, Gebüsch und Tundra;Ökosystem-Vorkommen
f6e705ac-1f0e-4c2c-8c12-6ac9d43ff064;Oberflächengewässer im Binnenland;Ökosystem-Vorkommen
f6e705ac-1f0e-4c2c-8c12-6ac9d43ff064;Bebaute, industrielle und andere künstliche Lebensräume;Ökosystem-Vorkommen
f6e705ac-1f0e-4c2c-8c12-6ac9d43ff064;Regelmäßig oder in jüngster Zeit bewirtschaftete landwirtschaftliche, gärtnerische und häusliche Lebensräume;Ökosystem-Vorkommen
f8509f6a-a28c-4657-947e-874ac2aa9c13;Wälder, Forste und andere bewaldete Flächen;Andere
f9c20a73-79bb-455a-a469-087cebaa869b;Moore, Sümpfe und Flachmoore;Ökosystem-Vorkommen
f9c20a73-79bb-455a-a469-087cebaa869b;Grasland und von Kräutern, Moosen oder Flechten dominierte Flächen;Ökosystem-Vorkommen
f9c20a73-79bb-455a-a469-087cebaa869b;Heideland, Gebüsch und Tundra;Ökosystem-Vorkommen
f9c20a73-79bb-455a-a469-087cebaa869b;Wälder, Forste und andere bewaldete Flächen;Ökosystem-Vorkommen
f9c20a73-79bb-455a-a469-087cebaa869b;Regelmäßig oder in jüngster Zeit bewirtschaftete landwirtschaftliche, gärtnerische und häusliche Lebensräume;Ökosystem-Vorkommen
f9c20a73-79bb-455a-a469-087cebaa869b;Bebaute, industrielle und andere künstliche Lebensräume;Ökosystem-Vorkommen
fa3763cc-187b-4836-95d2-fad9525fe843;Oberflächengewässer im Binnenland;Ökosystem-Vorkommen
fa3763cc-187b-4836-95d2-fad9525fe843;Oberflächengewässer im Binnenland;Ökosystem-Störungen
fa3763cc-187b-4836-95d2-fad9525fe843;Oberflächengewässer im Binnenland;Anteil der lebenden Bedeckung
fa3763cc-187b-4836-95d2-fad9525fe843;Regelmäßig oder in jüngster Zeit bewirtschaftete landwirtschaftliche, gärtnerische und häusliche Lebensräume;Ökosystem-Vorkommen
fa3763cc-187b-4836-95d2-fad9525fe843;Regelmäßig oder in jüngster Zeit bewirtschaftete landwirtschaftliche, gärtnerische und häusliche Lebensräume;Ökosystem-Störungen
fa3763cc-187b-4836-95d2-fad9525fe843;Andere;Ökosystem-Vorkommen
fa3763cc-187b-4836-95d2-fad9525fe843;Andere;Ökosystem-Störungen
fa3763cc-187b-4836-95d2-fad9525fe843;Wälder, Forste und andere bewaldete Flächen;Ökosystem-Vorkommen
fa3763cc-187b-4836-95d2-fad9525fe843;Wälder, Forste und andere bewaldete Flächen;Ökosystem-Störungen
fa3763cc-187b-4836-95d2-fad9525fe843;Bebaute, industrielle und andere künstliche Lebensräume;Ökosystem-Vorkommen
fa3763cc-187b-4836-95d2-fad9525fe843;Bebaute, industrielle und andere künstliche Lebensräume;Ökosystem-Störungen
fa3763cc-187b-4836-95d2-fad9525fe843;Unbegrünte oder spärlich bewachsene Lebensräume im Binnenland;Ökosystem-Vorkommen
fa3763cc-187b-4836-95d2-fad9525fe843;Unbegrünte oder spärlich bewachsene Lebensräume im Binnenland;Ökosystem-Störungen
fc3070b2-e461-4b79-b3e4-e2e2e3c473ac;Oberflächengewässer im Binnenland;Ökosystem-Vorkommen
fc3070b2-e461-4b79-b3e4-e2e2e3c473ac;Moore, Sümpfe und Flachmoore;Ökosystem-Vorkommen
fc3070b2-e461-4b79-b3e4-e2e2e3c473ac;Grasland und von Kräutern, Moosen oder Flechten dominierte Flächen;Ökosystem-Vorkommen
fc3070b2-e461-4b79-b3e4-e2e2e3c473ac;Unbegrünte oder spärlich bewachsene Lebensräume im Binnenland;Ökosystem-Vorkommen
fc3070b2-e461-4b79-b3e4-e2e2e3c473ac;Bebaute, industrielle und andere künstliche Lebensräume;Ökosystem-Vorkommen
fc3070b2-e461-4b79-b3e4-e2e2e3c473ac;Regelmäßig oder in jüngster Zeit bewirtschaftete landwirtschaftliche, gärtnerische und häusliche Lebensräume;Ökosystem-Vorkommen
fc3070b2-e461-4b79-b3e4-e2e2e3c473ac;Küstenhabitate;Ökosystem-Vorkommen
fc3070b2-e461-4b79-b3e4-e2e2e3c473ac;Marine habitate;Ökosystem-Vorkommen
feebbc28-2342-47e4-a366-354de2f98fb5;Wälder, Forste und andere bewaldete Flächen;Ökosystem-Vorkommen
feebbc28-2342-47e4-a366-354de2f98fb5;Regelmäßig oder in jüngster Zeit bewirtschaftete landwirtschaftliche, gärtnerische und häusliche Lebensräume;Ökosystem-Vorkommen
fff930c3-2a5d-4bf7-b773-30b06abae9d9;Grasland und von Kräutern, Moosen oder Flechten dominierte Flächen;Ökosystem-Vorkommen
fff930c3-2a5d-4bf7-b773-30b06abae9d9;Wälder, Forste und andere bewaldete Flächen;Ökosystem-Vorkommen
fff930c3-2a5d-4bf7-b773-30b06abae9d9;Heideland, Gebüsch und Tundra;Ökosystem-Vorkommen
fff930c3-2a5d-4bf7-b773-30b06abae9d9;Oberflächengewässer im Binnenland;Ökosystem-Vorkommen
fff930c3-2a5d-4bf7-b773-30b06abae9d9;Bebaute, industrielle und andere künstliche Lebensräume;Ökosystem-Vorkommen
fff930c3-2a5d-4bf7-b773-30b06abae9d9;Regelmäßig oder in jüngster Zeit bewirtschaftete landwirtschaftliche, gärtnerische und häusliche Lebensräume;Ökosystem-Vorkommen
51cacf49-5c83-4a87-8bc9-eecf0e14585a;Marine habitate;Ökosystem-Vorkommen
51cacf49-5c83-4a87-8bc9-eecf0e14585a;Küstenhabitate;Ökosystem-Vorkommen
51cacf49-5c83-4a87-8bc9-eecf0e14585a;Marine habitate;Ökosystem vertikales Profil
51cacf49-5c83-4a87-8bc9-eecf0e14585a;Küstenhabitate;Ökosystem vertikales Profil
51cacf49-5c83-4a87-8bc9-eecf0e14585a;Marine habitate;Ökosystem-Störungen
51cacf49-5c83-4a87-8bc9-eecf0e14585a;Küstenhabitate;Ökosystem-Störungen
51cacf49-5c83-4a87-8bc9-eecf0e14585a;Marine habitate;Ökosystem-Phänologie
51cacf49-5c83-4a87-8bc9-eecf0e14585a;Küstenhabitate;Ökosystem-Phänologie
0c95b3fa-1c29-429c-8d81-47ceff172ba2;Marine habitate;Ökosystem-Phänologie
0c95b3fa-1c29-429c-8d81-47ceff172ba2;Küstenhabitate;Ökosystem-Phänologie
0c95b3fa-1c29-429c-8d81-47ceff172ba2;Marine habitate;Ökosystem-Vorkommen
0c95b3fa-1c29-429c-8d81-47ceff172ba2;Küstenhabitate;Ökosystem-Vorkommen
0c95b3fa-1c29-429c-8d81-47ceff172ba2;Marine habitate;Ökosystem vertikales Profil
0c95b3fa-1c29-429c-8d81-47ceff172ba2;Küstenhabitate;Ökosystem vertikales Profil
0c95b3fa-1c29-429c-8d81-47ceff172ba2;Marine habitate;Ökosystem-Störungen
0c95b3fa-1c29-429c-8d81-47ceff172ba2;Küstenhabitate;Ökosystem-Störungen
d4a53599-701e-45e7-ad6b-977c5742415b;Marine habitate;Primärproduktivität
d4a53599-701e-45e7-ad6b-977c5742415b;Marine habitate;Ökosystem-Phänologie
d4a53599-701e-45e7-ad6b-977c5742415b;Marine habitate;Ökosystem-Störungen
d4a53599-701e-45e7-ad6b-977c5742415b;Küstenhabitate;Primärproduktivität
d4a53599-701e-45e7-ad6b-977c5742415b;Küstenhabitate;Ökosystem-Phänologie
d4a53599-701e-45e7-ad6b-977c5742415b;Küstenhabitate;Ökosystem-Störungen
2dc436d6-5679-421e-84db-2ec40b115f55;Marine habitate;Anteil der lebenden Bedeckung
2dc436d6-5679-421e-84db-2ec40b115f55;Küstenhabitate;Anteil der lebenden Bedeckung
2dc436d6-5679-421e-84db-2ec40b115f55;Marine habitate;Ökosystem-Vorkommen
2dc436d6-5679-421e-84db-2ec40b115f55;Küstenhabitate;Ökosystem-Vorkommen
2dc436d6-5679-421e-84db-2ec40b115f55;Marine habitate;Ökosystem-Störungen
2dc436d6-5679-421e-84db-2ec40b115f55;Küstenhabitate;Ökosystem-Störungen
b0921dba-9b3c-4651-82de-c547c3c0b326;Marine habitate;Anteil der lebenden Bedeckung
b0921dba-9b3c-4651-82de-c547c3c0b326;Küstenhabitate;Anteil der lebenden Bedeckung
b0921dba-9b3c-4651-82de-c547c3c0b326;Marine habitate;Ökosystem-Vorkommen
b0921dba-9b3c-4651-82de-c547c3c0b326;Küstenhabitate;Ökosystem-Vorkommen
b0921dba-9b3c-4651-82de-c547c3c0b326;Marine habitate;Ökosystem-Störungen
b0921dba-9b3c-4651-82de-c547c3c0b326;Küstenhabitate;Ökosystem-Störungen
e848e716-4a15-4c61-a758-8b0158b9b570;Marine habitate;Anteil der lebenden Bedeckung
e848e716-4a15-4c61-a758-8b0158b9b570;Küstenhabitate;Anteil der lebenden Bedeckung
e848e716-4a15-4c61-a758-8b0158b9b570;Marine habitate;Ökosystem-Vorkommen
e848e716-4a15-4c61-a758-8b0158b9b570;Küstenhabitate;Ökosystem-Vorkommen
e848e716-4a15-4c61-a758-8b0158b9b570;Marine habitate;Ökosystem vertikales Profil
e848e716-4a15-4c61-a758-8b0158b9b570;Küstenhabitate;Ökosystem vertikales Profil
e848e716-4a15-4c61-a758-8b0158b9b570;Marine habitate;Ökosystem-Störungen
e848e716-4a15-4c61-a758-8b0158b9b570;Küstenhabitate;Ökosystem-Störungen
107ccb55-5a2f-457c-b039-ce8a559b938f;Marine habitate;Anteil der lebenden Bedeckung
107ccb55-5a2f-457c-b039-ce8a559b938f;Küstenhabitate;Anteil der lebenden Bedeckung
107ccb55-5a2f-457c-b039-ce8a559b938f;Marine habitate;Ökosystem-Vorkommen
107ccb55-5a2f-457c-b039-ce8a559b938f;Küstenhabitate;Ökosystem-Vorkommen
107ccb55-5a2f-457c-b039-ce8a559b938f;Marine habitate;Ökosystem vertikales Profil
107ccb55-5a2f-457c-b039-ce8a559b938f;Küstenhabitate;Ökosystem vertikales Profil
107ccb55-5a2f-457c-b039-ce8a559b938f;Marine habitate;Ökosystem-Störungen
107ccb55-5a2f-457c-b039-ce8a559b938f;Küstenhabitate;Ökosystem-Störungen
279c31bf-3055-4106-b7e4-0aaa290a79a5;Küstenhabitate;Ökosystem-Vorkommen
279c31bf-3055-4106-b7e4-0aaa290a79a5;Küstenhabitate;Ökosystem-Störungen
279c31bf-3055-4106-b7e4-0aaa290a79a5;Marine habitate;Ökosystem-Vorkommen
279c31bf-3055-4106-b7e4-0aaa290a79a5;Marine habitate;Ökosystem-Störungen
14db0e88-1cb6-4a34-be51-65e6fa193cf8;Küstenhabitate;Ökosystem-Vorkommen
14db0e88-1cb6-4a34-be51-65e6fa193cf8;Küstenhabitate;Ökosystem-Störungen
14db0e88-1cb6-4a34-be51-65e6fa193cf8;Marine habitate;Ökosystem-Vorkommen
14db0e88-1cb6-4a34-be51-65e6fa193cf8;Marine habitate;Ökosystem-Störungen
0315feb3-ce27-4dcb-8a57-067cf5bc8661;Marine habitate;Ökosystem-Vorkommen
0315feb3-ce27-4dcb-8a57-067cf5bc8661;Marine habitate;Ökosystem-Störungen
abb75964-cd58-4970-83c7-724acf26ea01;Küstenhabitate;Ökosystem-Vorkommen
abb75964-cd58-4970-83c7-724acf26ea01;Küstenhabitate;Ökosystem-Störungen
abb75964-cd58-4970-83c7-724acf26ea01;Marine habitate;Ökosystem-Vorkommen
abb75964-cd58-4970-83c7-724acf26ea01;Marine habitate;Ökosystem-Störungen
55ff600c-8dcf-4084-9251-0eab76082f33;Marine habitate;Ökosystem-Vorkommen
55ff600c-8dcf-4084-9251-0eab76082f33;Marine habitate;Ökosystem-Störungen
334cc03b-692b-49bc-be15-f3c2d04dea4a;Marine habitate;Ökosystem-Vorkommen
334cc03b-692b-49bc-be15-f3c2d04dea4a;Marine habitate;Ökosystem-Störungen
a07121ef-f5f4-4ed0-9a73-202a76b4d5aa;Marine habitate;Ökosystem-Vorkommen
a07121ef-f5f4-4ed0-9a73-202a76b4d5aa;Marine habitate;Ökosystem-Störungen
d1614c5e-3fcf-4164-a29a-1baf7f2f56c6;Marine habitate;Anteil der lebenden Bedeckung
d1614c5e-3fcf-4164-a29a-1baf7f2f56c6;Marine habitate;Ökosystem-Vorkommen
b151a5eb-12ca-40c2-8d27-0899c0243dbe;Marine habitate;Anteil der lebenden Bedeckung
b151a5eb-12ca-40c2-8d27-0899c0243dbe;Küstenhabitate;Anteil der lebenden Bedeckung
b151a5eb-12ca-40c2-8d27-0899c0243dbe;Marine habitate;Ökosystem-Vorkommen
b151a5eb-12ca-40c2-8d27-0899c0243dbe;Küstenhabitate;Ökosystem-Vorkommen
b151a5eb-12ca-40c2-8d27-0899c0243dbe;Marine habitate;Ökosystem vertikales Profil
b151a5eb-12ca-40c2-8d27-0899c0243dbe;Küstenhabitate;Ökosystem vertikales Profil
b151a5eb-12ca-40c2-8d27-0899c0243dbe;Marine habitate;Ökosystem-Störungen
b151a5eb-12ca-40c2-8d27-0899c0243dbe;Küstenhabitate;Ökosystem-Störungen
80a73edb-206e-4070-a2da-c1ef20c62dc5;Marine habitate;Anteil der lebenden Bedeckung
80a73edb-206e-4070-a2da-c1ef20c62dc5;Marine habitate;Ökosystem-Vorkommen
80a73edb-206e-4070-a2da-c1ef20c62dc5;Marine habitate;Ökosystem-Störungen
80a73edb-206e-4070-a2da-c1ef20c62dc5;Marine habitate;Ökosystem vertikales Profil
80a73edb-206e-4070-a2da-c1ef20c62dc5;Küstenhabitate;Anteil der lebenden Bedeckung
80a73edb-206e-4070-a2da-c1ef20c62dc5;Küstenhabitate;Ökosystem-Vorkommen
80a73edb-206e-4070-a2da-c1ef20c62dc5;Küstenhabitate;Ökosystem-Störungen
80a73edb-206e-4070-a2da-c1ef20c62dc5;Küstenhabitate;Ökosystem vertikales Profil
02ccf273-5911-484c-bf32-cadc4cdb5902;Marine habitate;Anteil der lebenden Bedeckung
02ccf273-5911-484c-bf32-cadc4cdb5902;Marine habitate;Ökosystem-Vorkommen
02ccf273-5911-484c-bf32-cadc4cdb5902;Marine habitate;Ökosystem-Störungen
02ccf273-5911-484c-bf32-cadc4cdb5902;Marine habitate;Ökosystem vertikales Profil
02ccf273-5911-484c-bf32-cadc4cdb5902;Küstenhabitate;Anteil der lebenden Bedeckung
02ccf273-5911-484c-bf32-cadc4cdb5902;Küstenhabitate;Ökosystem-Vorkommen
02ccf273-5911-484c-bf32-cadc4cdb5902;Küstenhabitate;Ökosystem-Störungen
02ccf273-5911-484c-bf32-cadc4cdb5902;Küstenhabitate;Ökosystem vertikales Profil
1e496af5-d530-41a8-96a7-783ebec83320;Marine habitate;Anteil der lebenden Bedeckung
1e496af5-d530-41a8-96a7-783ebec83320;Küstenhabitate;Anteil der lebenden Bedeckung
1e496af5-d530-41a8-96a7-783ebec83320;Marine habitate;Ökosystem-Vorkommen
1e496af5-d530-41a8-96a7-783ebec83320;Küstenhabitate;Ökosystem-Vorkommen
1e496af5-d530-41a8-96a7-783ebec83320;Marine habitate;Ökosystem vertikales Profil
1e496af5-d530-41a8-96a7-783ebec83320;Küstenhabitate;Ökosystem vertikales Profil
1e496af5-d530-41a8-96a7-783ebec83320;Marine habitate;Ökosystem-Störungen
1e496af5-d530-41a8-96a7-783ebec83320;Küstenhabitate;Ökosystem-Störungen
65a396a9-4b86-4314-a03d-5154f98ae1b7;Marine habitate;Anteil der lebenden Bedeckung
65a396a9-4b86-4314-a03d-5154f98ae1b7;Küstenhabitate;Anteil der lebenden Bedeckung
65a396a9-4b86-4314-a03d-5154f98ae1b7;Marine habitate;Ökosystem-Vorkommen
65a396a9-4b86-4314-a03d-5154f98ae1b7;Küstenhabitate;Ökosystem-Vorkommen
65a396a9-4b86-4314-a03d-5154f98ae1b7;Marine habitate;Ökosystem vertikales Profil
65a396a9-4b86-4314-a03d-5154f98ae1b7;Küstenhabitate;Ökosystem vertikales Profil
65a396a9-4b86-4314-a03d-5154f98ae1b7;Marine habitate;Ökosystem-Störungen
65a396a9-4b86-4314-a03d-5154f98ae1b7;Küstenhabitate;Ökosystem-Störungen
f84152e9-54ee-4dfe-89c6-c384a35e9890;Marine habitate;Ökosystem-Störungen
f84152e9-54ee-4dfe-89c6-c384a35e9890;Marine habitate;Ökosystem-Phänologie
f84152e9-54ee-4dfe-89c6-c384a35e9890;Marine habitate;Anteil der lebenden Bedeckung
f84152e9-54ee-4dfe-89c6-c384a35e9890;Marine habitate;Ökosystem vertikales Profil
a834a70f-0ad6-45aa-9665-df9e2517db28;Marine habitate;Ökosystem-Störungen
a834a70f-0ad6-45aa-9665-df9e2517db28;Marine habitate;Ökosystem-Phänologie
a834a70f-0ad6-45aa-9665-df9e2517db28;Marine habitate;Anteil der lebenden Bedeckung
a834a70f-0ad6-45aa-9665-df9e2517db28;Marine habitate;Ökosystem vertikales Profil
afe7371f-1005-417d-bf99-17f8e7c81458;Marine habitate;Ökosystem-Störungen
afe7371f-1005-417d-bf99-17f8e7c81458;Marine habitate;Anteil der lebenden Bedeckung
afe7371f-1005-417d-bf99-17f8e7c81458;Marine habitate;Ökosystem vertikales Profil
c9501834-40b9-4313-ac28-307ca4a823f4;Marine habitate;Ökosystem-Störungen
c9501834-40b9-4313-ac28-307ca4a823f4;Marine habitate;Anteil der lebenden Bedeckung
c9501834-40b9-4313-ac28-307ca4a823f4;Marine habitate;Ökosystem vertikales Profil
d4146a6d-f171-4e84-9d22-b6de16fd7aac;Marine habitate;Ökosystem-Vorkommen
d4146a6d-f171-4e84-9d22-b6de16fd7aac;Marine habitate;Ökosystem vertikales Profil
d4146a6d-f171-4e84-9d22-b6de16fd7aac;Marine habitate;Anteil der lebenden Bedeckung
365b4f31-b1f0-4a4c-97ae-486985ada15e;Marine habitate;Anteil der lebenden Bedeckung
365b4f31-b1f0-4a4c-97ae-486985ada15e;Küstenhabitate;Anteil der lebenden Bedeckung
365b4f31-b1f0-4a4c-97ae-486985ada15e;Marine habitate;Ökosystem-Vorkommen
365b4f31-b1f0-4a4c-97ae-486985ada15e;Küstenhabitate;Ökosystem-Vorkommen
365b4f31-b1f0-4a4c-97ae-486985ada15e;Marine habitate;Ökosystem-Störungen
365b4f31-b1f0-4a4c-97ae-486985ada15e;Küstenhabitate;Ökosystem-Störungen
02723c41-1f60-4355-af25-44bf3c08ed93;Marine habitate;Anteil der lebenden Bedeckung
02723c41-1f60-4355-af25-44bf3c08ed93;Küstenhabitate;Anteil der lebenden Bedeckung
02723c41-1f60-4355-af25-44bf3c08ed93;Marine habitate;Ökosystem-Vorkommen
02723c41-1f60-4355-af25-44bf3c08ed93;Küstenhabitate;Ökosystem-Vorkommen
02723c41-1f60-4355-af25-44bf3c08ed93;Marine habitate;Ökosystem-Störungen
02723c41-1f60-4355-af25-44bf3c08ed93;Küstenhabitate;Ökosystem-Störungen
83a0ff46-30cd-44f9-b323-a72c69647b9f;Marine habitate;Primärproduktivität
83a0ff46-30cd-44f9-b323-a72c69647b9f;Marine habitate;Ökosystem-Phänologie
83a0ff46-30cd-44f9-b323-a72c69647b9f;Marine habitate;Ökosystem-Störungen
83a0ff46-30cd-44f9-b323-a72c69647b9f;Küstenhabitate;Primärproduktivität
83a0ff46-30cd-44f9-b323-a72c69647b9f;Küstenhabitate;Ökosystem-Phänologie
83a0ff46-30cd-44f9-b323-a72c69647b9f;Küstenhabitate;Ökosystem-Störungen
121175d1-82bb-46f8-8056-160440babf07;Marine habitate;Primärproduktivität
121175d1-82bb-46f8-8056-160440babf07;Marine habitate;Ökosystem-Phänologie
121175d1-82bb-46f8-8056-160440babf07;Marine habitate;Ökosystem-Störungen
121175d1-82bb-46f8-8056-160440babf07;Küstenhabitate;Primärproduktivität
121175d1-82bb-46f8-8056-160440babf07;Küstenhabitate;Ökosystem-Phänologie
121175d1-82bb-46f8-8056-160440babf07;Küstenhabitate;Ökosystem-Störungen
667d3223-be08-4a04-9747-ec11f22dcc87;Marine habitate;Primärproduktivität
667d3223-be08-4a04-9747-ec11f22dcc87;Marine habitate;Ökosystem-Phänologie
667d3223-be08-4a04-9747-ec11f22dcc87;Marine habitate;Ökosystem-Störungen
bf854d78-a629-4ff5-ac4c-c29b06b28bf4;Marine habitate;Primärproduktivität
bf854d78-a629-4ff5-ac4c-c29b06b28bf4;Marine habitate;Ökosystem-Phänologie
bf854d78-a629-4ff5-ac4c-c29b06b28bf4;Marine habitate;Ökosystem-Störungen
971cc561-cc99-405c-83aa-c7ff5c499ba3;Oberflächengewässer im Binnenland;Ökosystem-Vorkommen
971cc561-cc99-405c-83aa-c7ff5c499ba3;Oberflächengewässer im Binnenland;Ökosystem-Phänologie
971cc561-cc99-405c-83aa-c7ff5c499ba3;Oberflächengewässer im Binnenland;Ökosystem-Störungen
31509a87-722e-4fb6-93e2-eb665068a2c5;Marine habitate;Primärproduktivität
31509a87-722e-4fb6-93e2-eb665068a2c5;Marine habitate;Ökosystem-Phänologie
31509a87-722e-4fb6-93e2-eb665068a2c5;Marine habitate;Ökosystem-Störungen
31509a87-722e-4fb6-93e2-eb665068a2c5;Küstenhabitate;Primärproduktivität
31509a87-722e-4fb6-93e2-eb665068a2c5;Küstenhabitate;Ökosystem-Phänologie
31509a87-722e-4fb6-93e2-eb665068a2c5;Küstenhabitate;Ökosystem-Störungen
a13ca263-b812-4127-8a4b-6016142875a8;Marine habitate;Primärproduktivität
a13ca263-b812-4127-8a4b-6016142875a8;Marine habitate;Ökosystem-Phänologie
a13ca263-b812-4127-8a4b-6016142875a8;Marine habitate;Ökosystem-Störungen
a13ca263-b812-4127-8a4b-6016142875a8;Küstenhabitate;Primärproduktivität
a13ca263-b812-4127-8a4b-6016142875a8;Küstenhabitate;Ökosystem-Phänologie
a13ca263-b812-4127-8a4b-6016142875a8;Küstenhabitate;Ökosystem-Störungen
956de785-2545-49fa-9e2c-d5096ded4f23;Marine habitate;Ökosystem-Vorkommen
956de785-2545-49fa-9e2c-d5096ded4f23;Küstenhabitate;Ökosystem-Vorkommen
956de785-2545-49fa-9e2c-d5096ded4f23;Marine habitate;Ökosystem vertikales Profil
956de785-2545-49fa-9e2c-d5096ded4f23;Küstenhabitate;Ökosystem vertikales Profil
956de785-2545-49fa-9e2c-d5096ded4f23;Marine habitate;Ökosystem-Störungen
956de785-2545-49fa-9e2c-d5096ded4f23;Küstenhabitate;Ökosystem-Störungen
956de785-2545-49fa-9e2c-d5096ded4f23;Marine habitate;Ökosystem-Phänologie
956de785-2545-49fa-9e2c-d5096ded4f23;Küstenhabitate;Ökosystem-Phänologie
